[02:24:32] [main/INFO] (FabricLoader/GameProvider) Loading Minecraft 1.21.1 with Fabric Loader 0.18.4
[02:24:32] [main/DEBUG] (FabricLoader/GamePatch) Found game constructor: net.minecraft.server.Main -> net/minecraft/server/Main
[02:24:32] [main/DEBUG] (FabricLoader/GamePatch) Patching game constructor main([Ljava/lang/String;)V
[02:24:32] [main/DEBUG] (FabricLoader/GamePatch) 20w22a+ detected, patching main method...
[02:24:32] [main/DEBUG] (FabricLoader/GamePatch) Detected version above 20w22a
[02:24:32] [main/DEBUG] (FabricLoader/GamePatch) Applying brand name hook to net/minecraft/client/ClientBrandRetriever::getClientModName
[02:24:32] [main/DEBUG] (FabricLoader/GamePatch) Applying brand name hook to net/minecraft/server/MinecraftServer::getServerModName
[02:24:32] [main/DEBUG] (FabricLoader/GamePatch) Patched 3 classs
[02:24:32] [main/DEBUG] (FabricLoader/Discovery) Mod discovery time: 32.3 ms
[02:24:32] [main/DEBUG] (FabricLoader/Resolution) Mod resolution time: 46.7 ms
[02:24:32] [main/INFO] (FabricLoader) Loading 44 mods:
	- fabric-api 0.116.9+1.21.1
	- fabric-api-base 0.4.42+6573ed8c19
	- fabric-api-lookup-api-v1 1.6.72+7b3d111d19
	- fabric-biome-api-v1 13.0.31+d527f9fd19
	- fabric-block-api-v1 1.1.0+0bc3503219
	- fabric-block-view-api-v2 1.0.11+ebb2264e19
	- fabric-command-api-v1 1.2.49+f71b366f19
	- fabric-command-api-v2 2.2.28+6ced4dd919
	- fabric-commands-v0 0.2.66+df3654b319
	- fabric-content-registries-v0 8.0.19+b559734419
	- fabric-convention-tags-v1 2.1.6+7f945d5b19
	- fabric-convention-tags-v2 2.11.2+fa89716719
	- fabric-crash-report-info-v1 0.2.29+0af3f5a719
	- fabric-data-attachment-api-v1 1.4.6+5b36e0f719
	- fabric-data-generation-api-v1 20.2.35+37516cd619
	- fabric-dimensions-v1 4.0.1+65213ef819
	- fabric-entity-events-v1 1.8.0+2b27e0a419
	- fabric-events-interaction-v0 0.7.13+ba9dae0619
	- fabric-game-rule-api-v1 1.0.53+6ced4dd919
	- fabric-gametest-api-v1 2.0.5+6fc22b9919
	- fabric-item-api-v1 11.2.0+3b3cb2e819
	- fabric-item-group-api-v1 4.1.7+def88e3a19
	- fabric-lifecycle-events-v1 2.6.0+0865547519
	- fabric-loot-api-v2 3.0.15+3f89f5a519
	- fabric-loot-api-v3 1.0.3+3f89f5a519
	- fabric-message-api-v1 6.0.14+8aaf3aca19
	- fabric-networking-api-v1 4.3.0+c7469b2119
	- fabric-object-builder-api-v1 15.2.1+40875a9319
	- fabric-particles-v1 4.0.2+6573ed8c19
	- fabric-recipe-api-v1 5.0.15+2475392c19
	- fabric-registry-sync-v0 5.3.1+e3eddc2119
	- fabric-rendering-data-attachment-v1 0.3.49+73761d2e19
	- fabric-rendering-fluids-v1 3.1.6+1daea21519
	- fabric-resource-conditions-api-v1 4.3.0+8dc279b119
	- fabric-resource-loader-v0 1.3.1+5b5275af19
	- fabric-screen-handler-api-v1 1.3.90+b559734419
	- fabric-transfer-api-v1 5.4.4+7b3d111d19
	- fabric-transitive-access-wideners-v1 6.2.0+45b9699719
	- fabricloader 0.18.4
	- java 21
	- minecraft 1.21.1
	- mixinextras 0.5.0
	- svframelib 1.7.1-fabric
	- svframemmo 1.13.1-fabric
[02:24:32] [main/DEBUG] (FabricLoader/Knot) Adding /home/runner/work/Cobblemon-MMO/Cobblemon-MMO/SVFrameMMO/.gradle/loom-cache/remapped_mods/net_fabricmc_yarn_1_21_1_1_21_1_build_3_v2/net/fabricmc/fabric-api/fabric-loot-api-v3/1.0.3+3f89f5a519/fabric-loot-api-v3-1.0.3+3f89f5a519.jar to classpath.
[02:24:32] [main/DEBUG] (FabricLoader/Knot) Adding /home/runner/work/Cobblemon-MMO/Cobblemon-MMO/SVFrameMMO/.gradle/loom-cache/remapped_mods/net_fabricmc_yarn_1_21_1_1_21_1_build_3_v2/net/fabricmc/fabric-api/fabric-crash-report-info-v1/0.2.29+0af3f5a719/fabric-crash-report-info-v1-0.2.29+0af3f5a719.jar to classpath.
[02:24:32] [main/DEBUG] (FabricLoader/Knot) Adding /home/runner/work/Cobblemon-MMO/Cobblemon-MMO/SVFrameMMO/.gradle/loom-cache/remapped_mods/net_fabricmc_yarn_1_21_1_1_21_1_build_3_v2/net/fabricmc/fabric-api/fabric-registry-sync-v0/5.3.1+e3eddc2119/fabric-registry-sync-v0-5.3.1+e3eddc2119.jar to classpath.
[02:24:32] [main/DEBUG] (FabricLoader/Knot) Adding /home/runner/work/Cobblemon-MMO/Cobblemon-MMO/SVFrameMMO/.gradle/loom-cache/remapped_mods/net_fabricmc_yarn_1_21_1_1_21_1_build_3_v2/net/fabricmc/fabric-api/fabric-recipe-api-v1/5.0.15+2475392c19/fabric-recipe-api-v1-5.0.15+2475392c19.jar to classpath.
[02:24:32] [main/DEBUG] (FabricLoader/Knot) Adding /home/runner/work/Cobblemon-MMO/Cobblemon-MMO/SVFrameMMO/.gradle/loom-cache/remapped_mods/net_fabricmc_yarn_1_21_1_1_21_1_build_3_v2/net/fabricmc/fabric-api/fabric-block-view-api-v2/1.0.11+ebb2264e19/fabric-block-view-api-v2-1.0.11+ebb2264e19.jar to classpath.
[02:24:32] [main/DEBUG] (FabricLoader/Knot) Adding /home/runner/work/Cobblemon-MMO/Cobblemon-MMO/SVFrameMMO/.gradle/loom-cache/remapped_mods/net_fabricmc_yarn_1_21_1_1_21_1_build_3_v2/net/fabricmc/fabric-api/fabric-networking-api-v1/4.3.0+c7469b2119/fabric-networking-api-v1-4.3.0+c7469b2119.jar to classpath.
[02:24:32] [main/DEBUG] (FabricLoader/Knot) Adding /home/runner/work/Cobblemon-MMO/Cobblemon-MMO/SVFrameMMO/.gradle/loom-cache/remapped_mods/net_fabricmc_yarn_1_21_1_1_21_1_build_3_v2/net/fabricmc/fabric-api/fabric-data-attachment-api-v1/1.4.6+5b36e0f719/fabric-data-attachment-api-v1-1.4.6+5b36e0f719.jar to classpath.
[02:24:32] [main/DEBUG] (FabricLoader/Knot) Adding /home/runner/work/Cobblemon-MMO/Cobblemon-MMO/SVFrameMMO/.gradle/loom-cache/remapped_mods/net_fabricmc_yarn_1_21_1_1_21_1_build_3_v2/net/fabricmc/fabric-api/fabric-api-lookup-api-v1/1.6.72+7b3d111d19/fabric-api-lookup-api-v1-1.6.72+7b3d111d19.jar to classpath.
[02:24:32] [main/DEBUG] (FabricLoader/Knot) Adding /home/runner/work/Cobblemon-MMO/Cobblemon-MMO/SVFrameMMO/.gradle/loom-cache/remapped_mods/net_fabricmc_yarn_1_21_1_1_21_1_build_3_v2/net/fabricmc/fabric-api/fabric-command-api-v1/1.2.49+f71b366f19/fabric-command-api-v1-1.2.49+f71b366f19.jar to classpath.
[02:24:32] [main/DEBUG] (FabricLoader/Knot) Adding /home/runner/work/Cobblemon-MMO/Cobblemon-MMO/SVFrameMMO/.gradle/loom-cache/remapped_mods/net_fabricmc_yarn_1_21_1_1_21_1_build_3_v2/net/fabricmc/fabric-api/fabric-data-generation-api-v1/20.2.35+37516cd619/fabric-data-generation-api-v1-20.2.35+37516cd619.jar to classpath.
[02:24:32] [main/DEBUG] (FabricLoader/Knot) Adding /home/runner/work/Cobblemon-MMO/Cobblemon-MMO/SVFrameMMO/.gradle/loom-cache/remapped_mods/net_fabricmc_yarn_1_21_1_1_21_1_build_3_v2/net/fabricmc/fabric-api/fabric-screen-handler-api-v1/1.3.90+b559734419/fabric-screen-handler-api-v1-1.3.90+b559734419.jar to classpath.
[02:24:32] [main/DEBUG] (FabricLoader/Knot) Adding /home/runner/work/Cobblemon-MMO/Cobblemon-MMO/SVFrameMMO/.gradle/loom-cache/remapped_mods/net_fabricmc_yarn_1_21_1_1_21_1_build_3_v2/net/fabricmc/fabric-api/fabric-transfer-api-v1/5.4.4+7b3d111d19/fabric-transfer-api-v1-5.4.4+7b3d111d19.jar to classpath.
[02:24:32] [main/DEBUG] (FabricLoader/Knot) Adding /home/runner/work/Cobblemon-MMO/Cobblemon-MMO/SVFrameMMO/.gradle/loom-cache/remapped_mods/net_fabricmc_yarn_1_21_1_1_21_1_build_3_v2/net/fabricmc/fabric-api/fabric-item-group-api-v1/4.1.7+def88e3a19/fabric-item-group-api-v1-4.1.7+def88e3a19.jar to classpath.
[02:24:32] [main/DEBUG] (FabricLoader/Knot) Adding /home/runner/work/Cobblemon-MMO/Cobblemon-MMO/SVFrameMMO/.gradle/loom-cache/remapped_mods/net_fabricmc_yarn_1_21_1_1_21_1_build_3_v2/net/fabricmc/fabric-api/fabric-item-api-v1/11.2.0+3b3cb2e819/fabric-item-api-v1-11.2.0+3b3cb2e819.jar to classpath.
[02:24:32] [main/DEBUG] (FabricLoader/Knot) Adding /home/runner/work/Cobblemon-MMO/Cobblemon-MMO/SVFrameMMO/.gradle/loom-cache/remapped_mods/net_fabricmc_yarn_1_21_1_1_21_1_build_3_v2/net/fabricmc/fabric-api/fabric-rendering-fluids-v1/3.1.6+1daea21519/fabric-rendering-fluids-v1-3.1.6+1daea21519.jar to classpath.
[02:24:32] [main/DEBUG] (FabricLoader/Knot) Adding /home/runner/work/Cobblemon-MMO/Cobblemon-MMO/SVFrameMMO/.gradle/loom-cache/remapped_mods/net_fabricmc_yarn_1_21_1_1_21_1_build_3_v2/net/fabricmc/fabric-api/fabric-game-rule-api-v1/1.0.53+6ced4dd919/fabric-game-rule-api-v1-1.0.53+6ced4dd919.jar to classpath.
[02:24:32] [main/DEBUG] (FabricLoader/Knot) Adding /home/runner/work/Cobblemon-MMO/Cobblemon-MMO/SVFrameMMO/.gradle/loom-cache/remapped_mods/net_fabricmc_yarn_1_21_1_1_21_1_build_3_v2/net/fabricmc/fabric-api/fabric-gametest-api-v1/2.0.5+6fc22b9919/fabric-gametest-api-v1-2.0.5+6fc22b9919.jar to classpath.
[02:24:32] [main/DEBUG] (FabricLoader/Knot) Adding /home/runner/work/Cobblemon-MMO/Cobblemon-MMO/SVFrameMMO/.gradle/loom-cache/remapped_mods/net_fabricmc_yarn_1_21_1_1_21_1_build_3_v2/net/fabricmc/fabric-api/fabric-dimensions-v1/4.0.1+65213ef819/fabric-dimensions-v1-4.0.1+65213ef819.jar to classpath.
[02:24:32] [main/DEBUG] (FabricLoader/Knot) Adding /home/runner/work/Cobblemon-MMO/Cobblemon-MMO/SVFrameMMO/.gradle/loom-cache/remapped_mods/net_fabricmc_yarn_1_21_1_1_21_1_build_3_v2/net/fabricmc/fabric-api/fabric-convention-tags-v2/2.11.2+fa89716719/fabric-convention-tags-v2-2.11.2+fa89716719.jar to classpath.
[02:24:32] [main/DEBUG] (FabricLoader/Knot) Adding /home/runner/work/Cobblemon-MMO/Cobblemon-MMO/SVFrameMMO/.gradle/loom-cache/remapped_mods/net_fabricmc_yarn_1_21_1_1_21_1_build_3_v2/net/fabricmc/fabric-api/fabric-commands-v0/0.2.66+df3654b319/fabric-commands-v0-0.2.66+df3654b319.jar to classpath.
[02:24:32] [main/DEBUG] (FabricLoader/Knot) Adding /home/runner/work/Cobblemon-MMO/Cobblemon-MMO/SVFrameMMO/.gradle/loom-cache/remapped_mods/net_fabricmc_yarn_1_21_1_1_21_1_build_3_v2/unspecified/SVFrameLib-1.7.1-fabric/c959cc73c6ba/SVFrameLib-1.7.1-fabric-c959cc73c6ba.jar to classpath.
[02:24:32] [main/DEBUG] (FabricLoader/Knot) Adding /home/runner/work/Cobblemon-MMO/Cobblemon-MMO/SVFrameMMO/.gradle/loom-cache/remapped_mods/net_fabricmc_yarn_1_21_1_1_21_1_build_3_v2/net/fabricmc/fabric-api/fabric-transitive-access-wideners-v1/6.2.0+45b9699719/fabric-transitive-access-wideners-v1-6.2.0+45b9699719.jar to classpath.
[02:24:32] [main/DEBUG] (FabricLoader/Knot) Adding /home/runner/work/Cobblemon-MMO/Cobblemon-MMO/SVFrameMMO/.gradle/loom-cache/remapped_mods/net_fabricmc_yarn_1_21_1_1_21_1_build_3_v2/net/fabricmc/fabric-api/fabric-biome-api-v1/13.0.31+d527f9fd19/fabric-biome-api-v1-13.0.31+d527f9fd19.jar to classpath.
[02:24:32] [main/DEBUG] (FabricLoader/Knot) Adding /home/runner/work/Cobblemon-MMO/Cobblemon-MMO/SVFrameMMO/.gradle/loom-cache/remapped_mods/net_fabricmc_yarn_1_21_1_1_21_1_build_3_v2/net/fabricmc/fabric-api/fabric-lifecycle-events-v1/2.6.0+0865547519/fabric-lifecycle-events-v1-2.6.0+0865547519.jar to classpath.
[02:24:32] [main/DEBUG] (FabricLoader/Knot) Adding /home/runner/work/Cobblemon-MMO/Cobblemon-MMO/SVFrameMMO/.gradle/loom-cache/remapped_mods/net_fabricmc_yarn_1_21_1_1_21_1_build_3_v2/net/fabricmc/fabric-api/fabric-resource-loader-v0/1.3.1+5b5275af19/fabric-resource-loader-v0-1.3.1+5b5275af19.jar to classpath.
[02:24:32] [main/DEBUG] (FabricLoader/Knot) Adding /home/runner/work/Cobblemon-MMO/Cobblemon-MMO/SVFrameMMO/.gradle/loom-cache/remapped_mods/net_fabricmc_yarn_1_21_1_1_21_1_build_3_v2/net/fabricmc/fabric-api/fabric-object-builder-api-v1/15.2.1+40875a9319/fabric-object-builder-api-v1-15.2.1+40875a9319.jar to classpath.
[02:24:32] [main/DEBUG] (FabricLoader/Knot) Adding /home/runner/work/Cobblemon-MMO/Cobblemon-MMO/SVFrameMMO/.gradle/loom-cache/remapped_mods/net_fabricmc_yarn_1_21_1_1_21_1_build_3_v2/net/fabricmc/fabric-api/fabric-resource-conditions-api-v1/4.3.0+8dc279b119/fabric-resource-conditions-api-v1-4.3.0+8dc279b119.jar to classpath.
[02:24:32] [main/DEBUG] (FabricLoader/Knot) Adding /home/runner/work/Cobblemon-MMO/Cobblemon-MMO/SVFrameMMO/.gradle/loom-cache/remapped_mods/net_fabricmc_yarn_1_21_1_1_21_1_build_3_v2/net/fabricmc/fabric-api/fabric-particles-v1/4.0.2+6573ed8c19/fabric-particles-v1-4.0.2+6573ed8c19.jar to classpath.
[02:24:32] [main/DEBUG] (FabricLoader/Knot) Adding /home/runner/work/Cobblemon-MMO/Cobblemon-MMO/SVFrameMMO/.gradle/loom-cache/remapped_mods/net_fabricmc_yarn_1_21_1_1_21_1_build_3_v2/net/fabricmc/fabric-api/fabric-rendering-data-attachment-v1/0.3.49+73761d2e19/fabric-rendering-data-attachment-v1-0.3.49+73761d2e19.jar to classpath.
[02:24:32] [main/DEBUG] (FabricLoader/Knot) Adding /home/runner/work/Cobblemon-MMO/Cobblemon-MMO/SVFrameMMO/.gradle/loom-cache/remapped_mods/net_fabricmc_yarn_1_21_1_1_21_1_build_3_v2/net/fabricmc/fabric-api/fabric-events-interaction-v0/0.7.13+ba9dae0619/fabric-events-interaction-v0-0.7.13+ba9dae0619.jar to classpath.
[02:24:32] [main/DEBUG] (FabricLoader/Knot) Adding /home/runner/work/Cobblemon-MMO/Cobblemon-MMO/SVFrameMMO/.gradle/loom-cache/remapped_mods/net_fabricmc_yarn_1_21_1_1_21_1_build_3_v2/net/fabricmc/fabric-api/fabric-api/0.116.9+1.21.1/fabric-api-0.116.9+1.21.1.jar to classpath.
[02:24:32] [main/DEBUG] (FabricLoader/Knot) Adding /home/runner/work/Cobblemon-MMO/Cobblemon-MMO/SVFrameMMO/build/resources/main to classpath.
[02:24:32] [main/DEBUG] (FabricLoader/Knot) Adding /home/runner/work/Cobblemon-MMO/Cobblemon-MMO/SVFrameMMO/.gradle/loom-cache/remapped_mods/net_fabricmc_yarn_1_21_1_1_21_1_build_3_v2/net/fabricmc/fabric-api/fabric-convention-tags-v1/2.1.6+7f945d5b19/fabric-convention-tags-v1-2.1.6+7f945d5b19.jar to classpath.
[02:24:32] [main/DEBUG] (FabricLoader/Knot) Adding /home/runner/work/Cobblemon-MMO/Cobblemon-MMO/SVFrameMMO/.gradle/loom-cache/remapped_mods/net_fabricmc_yarn_1_21_1_1_21_1_build_3_v2/net/fabricmc/fabric-api/fabric-message-api-v1/6.0.14+8aaf3aca19/fabric-message-api-v1-6.0.14+8aaf3aca19.jar to classpath.
[02:24:32] [main/DEBUG] (FabricLoader/Knot) Adding /home/runner/work/Cobblemon-MMO/Cobblemon-MMO/SVFrameMMO/.gradle/loom-cache/remapped_mods/net_fabricmc_yarn_1_21_1_1_21_1_build_3_v2/net/fabricmc/fabric-api/fabric-content-registries-v0/8.0.19+b559734419/fabric-content-registries-v0-8.0.19+b559734419.jar to classpath.
[02:24:32] [main/DEBUG] (FabricLoader/Knot) Adding /home/runner/work/Cobblemon-MMO/Cobblemon-MMO/SVFrameMMO/.gradle/loom-cache/remapped_mods/net_fabricmc_yarn_1_21_1_1_21_1_build_3_v2/net/fabricmc/fabric-api/fabric-api-base/0.4.42+6573ed8c19/fabric-api-base-0.4.42+6573ed8c19.jar to classpath.
[02:24:32] [main/DEBUG] (FabricLoader/Knot) Adding /home/runner/work/Cobblemon-MMO/Cobblemon-MMO/SVFrameMMO/.gradle/loom-cache/remapped_mods/net_fabricmc_yarn_1_21_1_1_21_1_build_3_v2/net/fabricmc/fabric-api/fabric-block-api-v1/1.1.0+0bc3503219/fabric-block-api-v1-1.1.0+0bc3503219.jar to classpath.
[02:24:32] [main/DEBUG] (FabricLoader/Knot) Adding /home/runner/work/Cobblemon-MMO/Cobblemon-MMO/SVFrameMMO/.gradle/loom-cache/remapped_mods/net_fabricmc_yarn_1_21_1_1_21_1_build_3_v2/net/fabricmc/fabric-api/fabric-command-api-v2/2.2.28+6ced4dd919/fabric-command-api-v2-2.2.28+6ced4dd919.jar to classpath.
[02:24:32] [main/DEBUG] (FabricLoader/Knot) Adding /home/runner/work/Cobblemon-MMO/Cobblemon-MMO/SVFrameMMO/.gradle/loom-cache/remapped_mods/net_fabricmc_yarn_1_21_1_1_21_1_build_3_v2/net/fabricmc/fabric-api/fabric-loot-api-v2/3.0.15+3f89f5a519/fabric-loot-api-v2-3.0.15+3f89f5a519.jar to classpath.
[02:24:32] [main/DEBUG] (FabricLoader/Knot) Adding /home/runner/work/Cobblemon-MMO/Cobblemon-MMO/SVFrameMMO/.gradle/loom-cache/remapped_mods/net_fabricmc_yarn_1_21_1_1_21_1_build_3_v2/net/fabricmc/fabric-api/fabric-entity-events-v1/1.8.0+2b27e0a419/fabric-entity-events-v1-1.8.0+2b27e0a419.jar to classpath.
[02:24:32] [main/DEBUG] (FabricLoader/Knot) Adding /home/runner/.gradle/caches/modules-2/files-2.1/io.github.llamalad7/mixinextras-fabric/0.5.0/91a83dfb7abd320f6236bd1fcf5c0ff143d59a13/mixinextras-fabric-0.5.0.jar to classpath.
[02:24:32] [main/DEBUG] (FabricLoader/Entrypoint) Registering new-style initializer net.fabricmc.fabric.impl.client.registry.sync.FabricRegistryClientInit for mod fabric-registry-sync-v0 (key client)
[02:24:32] [main/DEBUG] (FabricLoader/Entrypoint) Registering new-style initializer net.fabricmc.fabric.impl.registry.sync.FabricRegistryInit for mod fabric-registry-sync-v0 (key main)
[02:24:32] [main/DEBUG] (FabricLoader/Entrypoint) Registering new-style initializer net.fabricmc.fabric.impl.recipe.ingredient.client.CustomIngredientSyncClient for mod fabric-recipe-api-v1 (key client)
[02:24:32] [main/DEBUG] (FabricLoader/Entrypoint) Registering new-style initializer net.fabricmc.fabric.impl.recipe.ingredient.CustomIngredientInit for mod fabric-recipe-api-v1 (key main)
[02:24:32] [main/DEBUG] (FabricLoader/Entrypoint) Registering new-style initializer net.fabricmc.fabric.impl.recipe.ingredient.CustomIngredientSync for mod fabric-recipe-api-v1 (key main)
[02:24:32] [main/DEBUG] (FabricLoader/Entrypoint) Registering new-style initializer net.fabricmc.fabric.impl.networking.client.ClientNetworkingImpl::clientInit for mod fabric-networking-api-v1 (key client)
[02:24:32] [main/DEBUG] (FabricLoader/Entrypoint) Registering new-style initializer net.fabricmc.fabric.impl.networking.CommonPacketsImpl::init for mod fabric-networking-api-v1 (key main)
[02:24:32] [main/DEBUG] (FabricLoader/Entrypoint) Registering new-style initializer net.fabricmc.fabric.impl.networking.NetworkingImpl::init for mod fabric-networking-api-v1 (key main)
[02:24:32] [main/DEBUG] (FabricLoader/Entrypoint) Registering new-style initializer net.fabricmc.fabric.impl.attachment.client.AttachmentSyncClient for mod fabric-data-attachment-api-v1 (key client)
[02:24:32] [main/DEBUG] (FabricLoader/Entrypoint) Registering new-style initializer net.fabricmc.fabric.impl.attachment.AttachmentEntrypoint for mod fabric-data-attachment-api-v1 (key main)
[02:24:32] [main/DEBUG] (FabricLoader/Entrypoint) Registering new-style initializer net.fabricmc.fabric.impl.attachment.sync.AttachmentSync for mod fabric-data-attachment-api-v1 (key main)
[02:24:32] [main/DEBUG] (FabricLoader/Entrypoint) Registering new-style initializer net.fabricmc.fabric.impl.lookup.ApiLookupImpl for mod fabric-api-lookup-api-v1 (key main)
[02:24:32] [main/DEBUG] (FabricLoader/Entrypoint) Registering new-style initializer net.fabricmc.fabric.impl.command.v1.LegacyHandler for mod fabric-command-api-v1 (key main)
[02:24:32] [main/DEBUG] (FabricLoader/Entrypoint) Registering new-style initializer net.fabricmc.fabric.impl.screenhandler.client.ClientNetworking for mod fabric-screen-handler-api-v1 (key client)
[02:24:32] [main/DEBUG] (FabricLoader/Entrypoint) Registering new-style initializer net.fabricmc.fabric.impl.screenhandler.Networking for mod fabric-screen-handler-api-v1 (key main)
[02:24:32] [main/DEBUG] (FabricLoader/Entrypoint) Registering new-style initializer net.fabricmc.fabric.impl.gametest.FabricGameTestModInitializer for mod fabric-gametest-api-v1 (key main)
[02:24:32] [main/DEBUG] (FabricLoader/Entrypoint) Registering new-style initializer net.fabricmc.fabric.impl.tag.convention.v2.TranslationConventionLogWarnings for mod fabric-convention-tags-v2 (key main)
[02:24:32] [main/DEBUG] (FabricLoader/Entrypoint) Registering new-style initializer vn.svframe.svframelib.fabric.SVFrameLibBootstrap for mod svframelib (key main)
[02:24:32] [main/DEBUG] (FabricLoader/Entrypoint) Registering new-style initializer vn.svframe.svframelib.fabric.SVFrameLibFabricMod for mod svframelib (key main)
[02:24:32] [main/DEBUG] (FabricLoader/Entrypoint) Registering new-style initializer vn.svframe.svframelib.fabric.SVFrameLibStatMod for mod svframelib (key main)
[02:24:32] [main/DEBUG] (FabricLoader/Entrypoint) Registering new-style initializer vn.svframe.svframelib.fabric.SVFrameLibCombatMod for mod svframelib (key main)
[02:24:32] [main/DEBUG] (FabricLoader/Entrypoint) Registering new-style initializer vn.svframe.svframelib.fabric.SVFrameLibPassiveMod for mod svframelib (key main)
[02:24:32] [main/DEBUG] (FabricLoader/Entrypoint) Registering new-style initializer vn.svframe.svframelib.fabric.SVFrameLibArmorPassiveMod for mod svframelib (key main)
[02:24:32] [main/DEBUG] (FabricLoader/Entrypoint) Registering new-style initializer vn.svframe.svframelib.fabric.SVFrameLibPlayerDataMod for mod svframelib (key main)
[02:24:32] [main/DEBUG] (FabricLoader/Entrypoint) Registering new-style initializer vn.svframe.svframelib.fabric.SVFrameLibCraftingBootstrap for mod svframelib (key main)
[02:24:32] [main/DEBUG] (FabricLoader/Entrypoint) Registering new-style initializer net.fabricmc.fabric.impl.client.event.lifecycle.ClientLifecycleEventsImpl for mod fabric-lifecycle-events-v1 (key client)
[02:24:32] [main/DEBUG] (FabricLoader/Entrypoint) Registering new-style initializer net.fabricmc.fabric.impl.event.lifecycle.LifecycleEventsImpl for mod fabric-lifecycle-events-v1 (key main)
[02:24:32] [main/DEBUG] (FabricLoader/Entrypoint) Registering new-style initializer net.fabricmc.fabric.impl.resource.conditions.ResourceConditionsImpl for mod fabric-resource-conditions-api-v1 (key main)
[02:24:32] [main/DEBUG] (FabricLoader/Entrypoint) Registering new-style initializer net.fabricmc.fabric.impl.event.interaction.client.InteractionEventsRouterClient for mod fabric-events-interaction-v0 (key client)
[02:24:32] [main/DEBUG] (FabricLoader/Entrypoint) Registering new-style initializer net.fabricmc.fabric.impl.event.interaction.InteractionEventsRouter for mod fabric-events-interaction-v0 (key main)
[02:24:32] [main/DEBUG] (FabricLoader/Entrypoint) Registering new-style initializer vn.svframe.svframemmo.SVFrameMMO for mod svframemmo (key main)
[02:24:32] [main/DEBUG] (FabricLoader/Entrypoint) Registering new-style initializer net.fabricmc.fabric.impl.tag.convention.ConventionLogWarnings for mod fabric-convention-tags-v1 (key main)
[02:24:32] [main/DEBUG] (FabricLoader/Entrypoint) Registering new-style initializer net.fabricmc.fabric.impl.loot.v2.LootInitializer for mod fabric-loot-api-v2 (key main)
[02:24:32] [main/INFO] (FabricLoader/Mixin) SpongePowered MIXIN Subsystem Version=0.8.7 Source=file:/home/runner/.gradle/caches/modules-2/files-2.1/net.fabricmc/sponge-mixin/0.17.0+mixin.0.8.7/cf31463202f72d03b0ef1e1e38e8ee71b7faaab6/sponge-mixin-0.17.0+mixin.0.8.7.jar Service=Knot/Fabric Env=SERVER
[02:24:32] [main/DEBUG] (FabricLoader/Mixin) Initialising Mixin Platform Manager
[02:24:32] [main/DEBUG] (FabricLoader/Mixin) Adding mixin platform agents for container ContainerHandleURI(file:///home/runner/.gradle/caches/modules-2/files-2.1/net.fabricmc/fabric-loader/0.18.4/dc4682125d5db647d6ce80a98b98945835adcd4b/fabric-loader-0.18.4.jar)
[02:24:32] [main/DEBUG] (FabricLoader/Mixin) Instancing new MixinPlatformAgentDefault for ContainerHandleURI(file:///home/runner/.gradle/caches/modules-2/files-2.1/net.fabricmc/fabric-loader/0.18.4/dc4682125d5db647d6ce80a98b98945835adcd4b/fabric-loader-0.18.4.jar)
[02:24:32] [main/DEBUG] (FabricLoader/Mixin) MixinPlatformAgentDefault accepted container ContainerHandleURI(file:///home/runner/.gradle/caches/modules-2/files-2.1/net.fabricmc/fabric-loader/0.18.4/dc4682125d5db647d6ce80a98b98945835adcd4b/fabric-loader-0.18.4.jar)
[02:24:32] [main/DEBUG] (FabricLoader/Mixin) Instancing new MixinPlatformAgentDefault for ContainerHandleURI(file:///home/runner/.gradle/caches/modules-2/files-2.1/net.fabricmc/fabric-loader/0.18.4/dc4682125d5db647d6ce80a98b98945835adcd4b/fabric-loader-0.18.4.jar)
[02:24:32] [main/DEBUG] (FabricLoader/Mixin) MixinPlatformAgentDefault accepted container ContainerHandleURI(file:///home/runner/.gradle/caches/modules-2/files-2.1/net.fabricmc/fabric-loader/0.18.4/dc4682125d5db647d6ce80a98b98945835adcd4b/fabric-loader-0.18.4.jar)
[02:24:32] [main/DEBUG] (FabricLoader/Mixin) Processing prepare() for PlatformAgent[MixinPlatformAgentDefault:ContainerHandleURI(file:///home/runner/.gradle/caches/modules-2/files-2.1/net.fabricmc/fabric-loader/0.18.4/dc4682125d5db647d6ce80a98b98945835adcd4b/fabric-loader-0.18.4.jar)]
[02:24:32] [main/DEBUG] (FabricLoader/Mixin) Processing prepare() for PlatformAgent[MixinPlatformAgentDefault:ContainerHandleURI(file:///home/runner/.gradle/caches/modules-2/files-2.1/net.fabricmc/fabric-loader/0.18.4/dc4682125d5db647d6ce80a98b98945835adcd4b/fabric-loader-0.18.4.jar)]
[02:24:33] [main/INFO] (FabricLoader/Mixin) Loaded Fabric development mappings for mixin remapper!
[02:24:33] [main/DEBUG] (FabricLoader/Mixin) Compatibility level JAVA_17 specified by fabric-loot-api-v3.mixins.json is higher than the maximum level supported by this version of mixin (JAVA_13).
[02:24:33] [main/INFO] (FabricLoader/Mixin) Compatibility level set to JAVA_17
[02:24:33] [main/DEBUG] (FabricLoader/Mixin) Mixin config fabric-loot-api-v3.mixins.json does not specify "minVersion" or "requiredFeatures" property
[02:24:33] [main/DEBUG] (FabricLoader/Mixin) Mixin config fabric-crash-report-info-v1.mixins.json does not specify "minVersion" or "requiredFeatures" property
[02:24:33] [main/DEBUG] (FabricLoader/Mixin) Mixin config fabric-registry-sync-v0.mixins.json does not specify "minVersion" or "requiredFeatures" property
[02:24:33] [main/DEBUG] (FabricLoader/Mixin) Mixin config fabric-recipe-api-v1.mixins.json does not specify "minVersion" or "requiredFeatures" property
[02:24:33] [main/DEBUG] (FabricLoader/Mixin) Mixin config fabric-block-view-api-v2.mixins.json does not specify "minVersion" or "requiredFeatures" property
[02:24:33] [main/DEBUG] (FabricLoader/Mixin) Mixin config fabric-networking-api-v1.mixins.json does not specify "minVersion" or "requiredFeatures" property
[02:24:33] [main/DEBUG] (FabricLoader/Mixin) Mixin config fabric-data-attachment-api-v1.mixins.json does not specify "minVersion" or "requiredFeatures" property
[02:24:33] [main/DEBUG] (FabricLoader/Mixin) Mixin config fabric-api-lookup-api-v1.mixins.json does not specify "minVersion" or "requiredFeatures" property
[02:24:33] [main/DEBUG] (FabricLoader/Mixin) Mixin config fabric-data-generation-api-v1.mixins.json does not specify "minVersion" or "requiredFeatures" property
[02:24:33] [main/DEBUG] (FabricLoader/Mixin) Mixin config fabric-screen-handler-api-v1.mixins.json does not specify "minVersion" or "requiredFeatures" property
[02:24:33] [main/DEBUG] (FabricLoader/Mixin) Mixin config fabric-transfer-api-v1.mixins.json does not specify "minVersion" or "requiredFeatures" property
[02:24:33] [main/DEBUG] (FabricLoader/Mixin) Mixin config fabric-item-group-api-v1.mixins.json does not specify "minVersion" or "requiredFeatures" property
[02:24:33] [main/DEBUG] (FabricLoader/Mixin) Mixin config fabric-item-api-v1.mixins.json does not specify "minVersion" or "requiredFeatures" property
[02:24:33] [main/DEBUG] (FabricLoader/Mixin) Mixin config fabric-game-rule-api-v1.mixins.json does not specify "minVersion" or "requiredFeatures" property
[02:24:33] [main/DEBUG] (FabricLoader/Mixin) Mixin config fabric-gametest-api-v1.mixins.json does not specify "minVersion" or "requiredFeatures" property
[02:24:33] [main/DEBUG] (FabricLoader/Mixin) Mixin config fabric-dimensions-v1.mixins.json does not specify "minVersion" or "requiredFeatures" property
[02:24:33] [main/DEBUG] (FabricLoader/Mixin) Mixin config fabric-convention-tags-api-v2.mixins.json does not specify "minVersion" or "requiredFeatures" property
[02:24:33] [main/DEBUG] (FabricLoader/Mixin) Compatibility level JAVA_21 specified by svframelibfabric.mixins.json is higher than the maximum level supported by this version of mixin (JAVA_13).
[02:24:33] [main/INFO] (FabricLoader/Mixin) Compatibility level set to JAVA_21
[02:24:33] [main/DEBUG] (FabricLoader/Mixin) Mixin config svframelibfabric.mixins.json does not specify "minVersion" or "requiredFeatures" property
[02:24:33] [main/DEBUG] (FabricLoader/Mixin) Compatibility level JAVA_17 specified by fabric-biome-api-v1.mixins.json is higher than the maximum level supported by this version of mixin (JAVA_13).
[02:24:33] [main/DEBUG] (FabricLoader/Mixin) Mixin config fabric-biome-api-v1.mixins.json does not specify "minVersion" or "requiredFeatures" property
[02:24:33] [main/DEBUG] (FabricLoader/Mixin) Compatibility level JAVA_17 specified by fabric-lifecycle-events-v1.mixins.json is higher than the maximum level supported by this version of mixin (JAVA_13).
[02:24:33] [main/DEBUG] (FabricLoader/Mixin) Mixin config fabric-lifecycle-events-v1.mixins.json does not specify "minVersion" or "requiredFeatures" property
[02:24:33] [main/DEBUG] (FabricLoader/Mixin) Compatibility level JAVA_17 specified by fabric-resource-loader-v0.mixins.json is higher than the maximum level supported by this version of mixin (JAVA_13).
[02:24:33] [main/DEBUG] (FabricLoader/Mixin) Mixin config fabric-resource-loader-v0.mixins.json does not specify "minVersion" or "requiredFeatures" property
[02:24:33] [main/DEBUG] (FabricLoader/Mixin) Compatibility level JAVA_17 specified by fabric-object-builder-v1.mixins.json is higher than the maximum level supported by this version of mixin (JAVA_13).
[02:24:33] [main/DEBUG] (FabricLoader/Mixin) Mixin config fabric-object-builder-v1.mixins.json does not specify "minVersion" or "requiredFeatures" property
[02:24:33] [main/DEBUG] (FabricLoader/Mixin) Compatibility level JAVA_17 specified by fabric-resource-conditions-api-v1.mixins.json is higher than the maximum level supported by this version of mixin (JAVA_13).
[02:24:33] [main/DEBUG] (FabricLoader/Mixin) Mixin config fabric-resource-conditions-api-v1.mixins.json does not specify "minVersion" or "requiredFeatures" property
[02:24:33] [main/DEBUG] (FabricLoader/Mixin) Compatibility level JAVA_17 specified by fabric-rendering-data-attachment-v1.mixins.json is higher than the maximum level supported by this version of mixin (JAVA_13).
[02:24:33] [main/DEBUG] (FabricLoader/Mixin) Mixin config fabric-rendering-data-attachment-v1.mixins.json does not specify "minVersion" or "requiredFeatures" property
[02:24:33] [main/DEBUG] (FabricLoader/Mixin) Compatibility level JAVA_17 specified by fabric-events-interaction-v0.mixins.json is higher than the maximum level supported by this version of mixin (JAVA_13).
[02:24:33] [main/DEBUG] (FabricLoader/Mixin) Mixin config fabric-events-interaction-v0.mixins.json does not specify "minVersion" or "requiredFeatures" property
[02:24:33] [main/DEBUG] (FabricLoader/Mixin) Compatibility level JAVA_17 specified by fabric-message-api-v1.mixins.json is higher than the maximum level supported by this version of mixin (JAVA_13).
[02:24:33] [main/DEBUG] (FabricLoader/Mixin) Mixin config fabric-message-api-v1.mixins.json does not specify "minVersion" or "requiredFeatures" property
[02:24:33] [main/DEBUG] (FabricLoader/Mixin) Compatibility level JAVA_17 specified by fabric-content-registries-v0.mixins.json is higher than the maximum level supported by this version of mixin (JAVA_13).
[02:24:33] [main/DEBUG] (FabricLoader/Mixin) Mixin config fabric-content-registries-v0.mixins.json does not specify "minVersion" or "requiredFeatures" property
[02:24:33] [main/DEBUG] (FabricLoader/Mixin) Compatibility level JAVA_17 specified by fabric-block-api-v1.mixins.json is higher than the maximum level supported by this version of mixin (JAVA_13).
[02:24:33] [main/DEBUG] (FabricLoader/Mixin) Mixin config fabric-block-api-v1.mixins.json does not specify "minVersion" or "requiredFeatures" property
[02:24:33] [main/DEBUG] (FabricLoader/Mixin) Compatibility level JAVA_17 specified by fabric-command-api-v2.mixins.json is higher than the maximum level supported by this version of mixin (JAVA_13).
[02:24:33] [main/DEBUG] (FabricLoader/Mixin) Mixin config fabric-command-api-v2.mixins.json does not specify "minVersion" or "requiredFeatures" property
[02:24:33] [main/DEBUG] (FabricLoader/Mixin) Compatibility level JAVA_17 specified by fabric-loot-api-v2.mixins.json is higher than the maximum level supported by this version of mixin (JAVA_13).
[02:24:33] [main/DEBUG] (FabricLoader/Mixin) Mixin config fabric-loot-api-v2.mixins.json does not specify "minVersion" or "requiredFeatures" property
[02:24:33] [main/DEBUG] (FabricLoader/Mixin) Compatibility level JAVA_17 specified by fabric-entity-events-v1.mixins.json is higher than the maximum level supported by this version of mixin (JAVA_13).
[02:24:33] [main/DEBUG] (FabricLoader/Mixin) Mixin config fabric-entity-events-v1.mixins.json does not specify "minVersion" or "requiredFeatures" property
[02:24:33] [main/DEBUG] (FabricLoader/Knot) Adding /home/runner/work/Cobblemon-MMO/Cobblemon-MMO/SVFrameMMO/.gradle/loom-cache/minecraftMaven/net/minecraft/minecraft-merged-8bc85877dd/1.21.1-net.fabricmc.yarn.1_21_1.1.21.1+build.3-v2/minecraft-merged-8bc85877dd-1.21.1-net.fabricmc.yarn.1_21_1.1.21.1+build.3-v2.jar to classpath.
[02:24:33] [main/DEBUG] (FabricLoader/Knot) Adding /home/runner/work/Cobblemon-MMO/Cobblemon-MMO/SVFrameMMO/build/classes/java/main to classpath.
[02:24:33] [main/DEBUG] (FabricLoader/Knot) Adding /home/runner/work/Cobblemon-MMO/Cobblemon-MMO/SVFrameMMO/build/resources/main to classpath.
[02:24:33] [main/DEBUG] (FabricLoader/Knot) Adding /home/runner/.gradle/caches/fabric-loom/1.21.1/net.fabricmc.yarn.1_21_1.1.21.1+build.3-v2/mappings.jar to classpath.
[02:24:33] [main/DEBUG] (FabricLoader/Knot) Adding /home/runner/.gradle/caches/modules-2/files-2.1/io.github.llamalad7/mixinextras-fabric/0.5.0/91a83dfb7abd320f6236bd1fcf5c0ff143d59a13/mixinextras-fabric-0.5.0.jar to classpath.
[02:24:33] [main/DEBUG] (FabricLoader/Knot) Adding /home/runner/.gradle/caches/modules-2/files-2.1/net.fabricmc/dev-launch-injector/0.2.1+build.8/da8bef7e6e2f952da707f282bdb46882a0fce5e3/dev-launch-injector-0.2.1+build.8.jar to classpath.
[02:24:33] [main/DEBUG] (FabricLoader/Knot) Adding /home/runner/.gradle/caches/modules-2/files-2.1/com.github.oshi/oshi-core/6.4.10/b1d8ab82d11d92fd639b56d639f8f46f739dd5fa/oshi-core-6.4.10.jar to classpath.
[02:24:33] [main/DEBUG] (FabricLoader/Knot) Adding /home/runner/.gradle/caches/modules-2/files-2.1/com.google.guava/failureaccess/1.0.1/1dcf1de382a0bf95a3d8b0849546c88bac1292c9/failureaccess-1.0.1.jar to classpath.
[02:24:33] [main/DEBUG] (FabricLoader/Knot) Adding /home/runner/.gradle/caches/modules-2/files-2.1/com.google.guava/guava/32.1.2-jre/5e64ec7e056456bef3a4bc4c6fdaef71e8ab6318/guava-32.1.2-jre.jar to classpath.
[02:24:33] [main/DEBUG] (FabricLoader/Knot) Adding /home/runner/.gradle/caches/modules-2/files-2.1/com.mojang/brigadier/1.3.10/d15b53a14cf20fdcaa98f731af5dda654452c010/brigadier-1.3.10.jar to classpath.
[02:24:33] [main/DEBUG] (FabricLoader/Knot) Adding /home/runner/.gradle/caches/modules-2/files-2.1/com.mojang/datafixerupper/8.0.16/67d4de6d7f95d89bcf5862995fb854ebaec02a34/datafixerupper-8.0.16.jar to classpath.
[02:24:33] [main/DEBUG] (FabricLoader/Knot) Adding /home/runner/.gradle/caches/modules-2/files-2.1/commons-io/commons-io/2.15.1/f11560da189ab563a5c8e351941415430e9304ea/commons-io-2.15.1.jar to classpath.
[02:24:33] [main/DEBUG] (FabricLoader/Knot) Adding /home/runner/.gradle/caches/modules-2/files-2.1/io.netty/netty-buffer/4.1.97.Final/f8f3d8644afa5e6e1a40a3a6aeb9d9aa970ecb4f/netty-buffer-4.1.97.Final.jar to classpath.
[02:24:33] [main/DEBUG] (FabricLoader/Knot) Adding /home/runner/.gradle/caches/modules-2/files-2.1/io.netty/netty-codec/4.1.97.Final/384ba4d75670befbedb45c4d3b497a93639c206d/netty-codec-4.1.97.Final.jar to classpath.
[02:24:33] [main/DEBUG] (FabricLoader/Knot) Adding /home/runner/.gradle/caches/modules-2/files-2.1/io.netty/netty-common/4.1.97.Final/7cceacaf11df8dc63f23d0fb58e9d4640fc88404/netty-common-4.1.97.Final.jar to classpath.
[02:24:33] [main/DEBUG] (FabricLoader/Knot) Adding /home/runner/.gradle/caches/modules-2/files-2.1/io.netty/netty-handler/4.1.97.Final/abb86c6906bf512bf2b797a41cd7d2e8d3cd7c36/netty-handler-4.1.97.Final.jar to classpath.
[02:24:33] [main/DEBUG] (FabricLoader/Knot) Adding /home/runner/.gradle/caches/modules-2/files-2.1/io.netty/netty-resolver/4.1.97.Final/cec8348108dc76c47cf87c669d514be52c922144/netty-resolver-4.1.97.Final.jar to classpath.
[02:24:33] [main/DEBUG] (FabricLoader/Knot) Adding /home/runner/.gradle/caches/modules-2/files-2.1/io.netty/netty-transport-classes-epoll/4.1.97.Final/795da37ded759e862457a82d9d92c4d39ce8ecee/netty-transport-classes-epoll-4.1.97.Final.jar to classpath.
[02:24:33] [main/DEBUG] (FabricLoader/Knot) Adding /home/runner/.gradle/caches/modules-2/files-2.1/io.netty/netty-transport-native-epoll/4.1.97.Final/5514744c588190ffda076b35a9b8c9f24946a960/netty-transport-native-epoll-4.1.97.Final-linux-aarch_64.jar to classpath.
[02:24:33] [main/DEBUG] (FabricLoader/Knot) Adding /home/runner/.gradle/caches/modules-2/files-2.1/io.netty/netty-transport-native-epoll/4.1.97.Final/54188f271e388e7f313aea995e82f58ce2cdb809/netty-transport-native-epoll-4.1.97.Final-linux-x86_64.jar to classpath.
[02:24:33] [main/DEBUG] (FabricLoader/Knot) Adding /home/runner/.gradle/caches/modules-2/files-2.1/io.netty/netty-transport-native-unix-common/4.1.97.Final/d469d84265ab70095b01b40886cabdd433b6e664/netty-transport-native-unix-common-4.1.97.Final.jar to classpath.
[02:24:33] [main/DEBUG] (FabricLoader/Knot) Adding /home/runner/.gradle/caches/modules-2/files-2.1/io.netty/netty-transport/4.1.97.Final/f37380d23c9bb079bc702910833b2fd532c9abd0/netty-transport-4.1.97.Final.jar to classpath.
[02:24:33] [main/DEBUG] (FabricLoader/Knot) Adding /home/runner/.gradle/caches/modules-2/files-2.1/it.unimi.dsi/fastutil/8.5.12/c24946d46824bd528054bface3231d2ecb7e95e8/fastutil-8.5.12.jar to classpath.
[02:24:33] [main/DEBUG] (FabricLoader/Knot) Adding /home/runner/.gradle/caches/modules-2/files-2.1/net.java.dev.jna/jna-platform/5.14.0/28934d48aed814f11e4c584da55c49fa7032b31b/jna-platform-5.14.0.jar to classpath.
[02:24:33] [main/DEBUG] (FabricLoader/Knot) Adding /home/runner/.gradle/caches/modules-2/files-2.1/net.java.dev.jna/jna/5.14.0/67bf3eaea4f0718cb376a181a629e5f88fa1c9dd/jna-5.14.0.jar to classpath.
[02:24:33] [main/DEBUG] (FabricLoader/Knot) Adding /home/runner/.gradle/caches/modules-2/files-2.1/net.sf.jopt-simple/jopt-simple/5.0.4/4fdac2fbe92dfad86aa6e9301736f6b4342a3f5c/jopt-simple-5.0.4.jar to classpath.
[02:24:33] [main/DEBUG] (FabricLoader/Knot) Adding /home/runner/.gradle/caches/modules-2/files-2.1/org.apache.commons/commons-lang3/3.14.0/1ed471194b02f2c6cb734a0cd6f6f107c673afae/commons-lang3-3.14.0.jar to classpath.
[02:24:33] [main/DEBUG] (FabricLoader/Knot) Adding /home/runner/.gradle/caches/modules-2/files-2.1/org.joml/joml/1.10.5/22566d58af70ad3d72308bab63b8339906deb649/joml-1.10.5.jar to classpath.
[02:24:33] [main/DEBUG] (FabricLoader/Knot) Adding /home/runner/.gradle/caches/modules-2/files-2.1/org.lwjgl/lwjgl-freetype/3.3.3/149070a5480900347071b7074779531f25a6e3dc/lwjgl-freetype-3.3.3-natives-linux.jar to classpath.
[02:24:33] [main/DEBUG] (FabricLoader/Knot) Adding /home/runner/.gradle/caches/modules-2/files-2.1/org.lwjgl/lwjgl-glfw/3.3.3/a03684c5e4b1b1dbbe0d29dbbdc27b985b6840f2/lwjgl-glfw-3.3.3-natives-linux.jar to classpath.
[02:24:33] [main/DEBUG] (FabricLoader/Knot) Adding /home/runner/.gradle/caches/modules-2/files-2.1/org.lwjgl/lwjgl-jemalloc/3.3.3/4f86728bf449b1dd61251c4e0ac01df1389cb51e/lwjgl-jemalloc-3.3.3-natives-linux.jar to classpath.
[02:24:33] [main/DEBUG] (FabricLoader/Knot) Adding /home/runner/.gradle/caches/modules-2/files-2.1/org.lwjgl/lwjgl-openal/3.3.3/3037360cc4595079bea240af250b6d1a527e0905/lwjgl-openal-3.3.3-natives-linux.jar to classpath.
[02:24:33] [main/DEBUG] (FabricLoader/Knot) Adding /home/runner/.gradle/caches/modules-2/files-2.1/org.lwjgl/lwjgl-opengl/3.3.3/62c70a4b00ca5391882b0f4b787c1588d24f1c86/lwjgl-opengl-3.3.3-natives-linux.jar to classpath.
[02:24:33] [main/DEBUG] (FabricLoader/Knot) Adding /home/runner/.gradle/caches/modules-2/files-2.1/org.lwjgl/lwjgl-stb/3.3.3/fd1271ccd9d85eff2fa31f3fd543e02ccfaf5041/lwjgl-stb-3.3.3-natives-linux.jar to classpath.
[02:24:33] [main/DEBUG] (FabricLoader/Knot) Adding /home/runner/.gradle/caches/modules-2/files-2.1/org.lwjgl/lwjgl-tinyfd/3.3.3/d8d58daa0c3e5fd906fee96f5fddbcbc07cc308b/lwjgl-tinyfd-3.3.3-natives-linux.jar to classpath.
[02:24:33] [main/DEBUG] (FabricLoader/Knot) Adding /home/runner/.gradle/caches/modules-2/files-2.1/org.lwjgl/lwjgl/3.3.3/1713758e3660ba66e1e954396fd18126038b33c0/lwjgl-3.3.3-natives-linux.jar to classpath.
[02:24:33] [main/DEBUG] (FabricLoader/Knot) Adding /home/runner/.gradle/caches/modules-2/files-2.1/org.lz4/lz4-java/1.8.0/4b986a99445e49ea5fbf5d149c4b63f6ed6c6780/lz4-java-1.8.0.jar to classpath.
[02:24:33] [main/DEBUG] (FabricLoader/Knot) Adding /home/runner/work/Cobblemon-MMO/Cobblemon-MMO/SVFrameMMO/.gradle/loom-cache/remapped_mods/net_fabricmc_yarn_1_21_1_1_21_1_build_3_v2/net/fabricmc/fabric-api/fabric-api/0.116.9+1.21.1/fabric-api-0.116.9+1.21.1.jar to classpath.
[02:24:33] [main/DEBUG] (FabricLoader/Knot) Adding /home/runner/work/Cobblemon-MMO/Cobblemon-MMO/SVFrameMMO/.gradle/loom-cache/remapped_mods/net_fabricmc_yarn_1_21_1_1_21_1_build_3_v2/net/fabricmc/fabric-api/fabric-transfer-api-v1/5.4.4+7b3d111d19/fabric-transfer-api-v1-5.4.4+7b3d111d19.jar to classpath.
[02:24:33] [main/DEBUG] (FabricLoader/Knot) Adding /home/runner/work/Cobblemon-MMO/Cobblemon-MMO/SVFrameMMO/.gradle/loom-cache/remapped_mods/net_fabricmc_yarn_1_21_1_1_21_1_build_3_v2/net/fabricmc/fabric-api/fabric-api-lookup-api-v1/1.6.72+7b3d111d19/fabric-api-lookup-api-v1-1.6.72+7b3d111d19.jar to classpath.
[02:24:33] [main/DEBUG] (FabricLoader/Knot) Adding /home/runner/work/Cobblemon-MMO/Cobblemon-MMO/SVFrameMMO/.gradle/loom-cache/remapped_mods/net_fabricmc_yarn_1_21_1_1_21_1_build_3_v2/net/fabricmc/fabric-api/fabric-blockrenderlayer-v1/1.1.52+0af3f5a719/fabric-blockrenderlayer-v1-1.1.52+0af3f5a719.jar to classpath.
[02:24:33] [main/DEBUG] (FabricLoader/Knot) Adding /home/runner/work/Cobblemon-MMO/Cobblemon-MMO/SVFrameMMO/.gradle/loom-cache/remapped_mods/net_fabricmc_yarn_1_21_1_1_21_1_build_3_v2/net/fabricmc/fabric-api/fabric-client-tags-api-v1/1.1.15+6573ed8c19/fabric-client-tags-api-v1-1.1.15+6573ed8c19.jar to classpath.
[02:24:33] [main/DEBUG] (FabricLoader/Knot) Adding /home/runner/work/Cobblemon-MMO/Cobblemon-MMO/SVFrameMMO/.gradle/loom-cache/remapped_mods/net_fabricmc_yarn_1_21_1_1_21_1_build_3_v2/net/fabricmc/fabric-api/fabric-command-api-v1/1.2.49+f71b366f19/fabric-command-api-v1-1.2.49+f71b366f19.jar to classpath.
[02:24:33] [main/DEBUG] (FabricLoader/Knot) Adding /home/runner/work/Cobblemon-MMO/Cobblemon-MMO/SVFrameMMO/.gradle/loom-cache/remapped_mods/net_fabricmc_yarn_1_21_1_1_21_1_build_3_v2/net/fabricmc/fabric-api/fabric-commands-v0/0.2.66+df3654b319/fabric-commands-v0-0.2.66+df3654b319.jar to classpath.
[02:24:33] [main/DEBUG] (FabricLoader/Knot) Adding /home/runner/work/Cobblemon-MMO/Cobblemon-MMO/SVFrameMMO/.gradle/loom-cache/remapped_mods/net_fabricmc_yarn_1_21_1_1_21_1_build_3_v2/net/fabricmc/fabric-api/fabric-command-api-v2/2.2.28+6ced4dd919/fabric-command-api-v2-2.2.28+6ced4dd919.jar to classpath.
[02:24:33] [main/DEBUG] (FabricLoader/Knot) Adding /home/runner/work/Cobblemon-MMO/Cobblemon-MMO/SVFrameMMO/.gradle/loom-cache/remapped_mods/net_fabricmc_yarn_1_21_1_1_21_1_build_3_v2/net/fabricmc/fabric-api/fabric-content-registries-v0/8.0.19+b559734419/fabric-content-registries-v0-8.0.19+b559734419.jar to classpath.
[02:24:33] [main/DEBUG] (FabricLoader/Knot) Adding /home/runner/work/Cobblemon-MMO/Cobblemon-MMO/SVFrameMMO/.gradle/loom-cache/remapped_mods/net_fabricmc_yarn_1_21_1_1_21_1_build_3_v2/net/fabricmc/fabric-api/fabric-data-generation-api-v1/20.2.35+37516cd619/fabric-data-generation-api-v1-20.2.35+37516cd619.jar to classpath.
[02:24:33] [main/DEBUG] (FabricLoader/Knot) Adding /home/runner/work/Cobblemon-MMO/Cobblemon-MMO/SVFrameMMO/.gradle/loom-cache/remapped_mods/net_fabricmc_yarn_1_21_1_1_21_1_build_3_v2/net/fabricmc/fabric-api/fabric-convention-tags-v1/2.1.6+7f945d5b19/fabric-convention-tags-v1-2.1.6+7f945d5b19.jar to classpath.
[02:24:33] [main/DEBUG] (FabricLoader/Knot) Adding /home/runner/work/Cobblemon-MMO/Cobblemon-MMO/SVFrameMMO/.gradle/loom-cache/remapped_mods/net_fabricmc_yarn_1_21_1_1_21_1_build_3_v2/net/fabricmc/fabric-api/fabric-convention-tags-v2/2.11.2+fa89716719/fabric-convention-tags-v2-2.11.2+fa89716719.jar to classpath.
[02:24:33] [main/DEBUG] (FabricLoader/Knot) Adding /home/runner/work/Cobblemon-MMO/Cobblemon-MMO/SVFrameMMO/.gradle/loom-cache/remapped_mods/net_fabricmc_yarn_1_21_1_1_21_1_build_3_v2/net/fabricmc/fabric-api/fabric-data-attachment-api-v1/1.4.6+5b36e0f719/fabric-data-attachment-api-v1-1.4.6+5b36e0f719.jar to classpath.
[02:24:33] [main/DEBUG] (FabricLoader/Knot) Adding /home/runner/work/Cobblemon-MMO/Cobblemon-MMO/SVFrameMMO/.gradle/loom-cache/remapped_mods/net_fabricmc_yarn_1_21_1_1_21_1_build_3_v2/net/fabricmc/fabric-api/fabric-entity-events-v1/1.8.0+2b27e0a419/fabric-entity-events-v1-1.8.0+2b27e0a419.jar to classpath.
[02:24:33] [main/DEBUG] (FabricLoader/Knot) Adding /home/runner/work/Cobblemon-MMO/Cobblemon-MMO/SVFrameMMO/.gradle/loom-cache/remapped_mods/net_fabricmc_yarn_1_21_1_1_21_1_build_3_v2/net/fabricmc/fabric-api/fabric-events-interaction-v0/0.7.13+ba9dae0619/fabric-events-interaction-v0-0.7.13+ba9dae0619.jar to classpath.
[02:24:33] [main/DEBUG] (FabricLoader/Knot) Adding /home/runner/work/Cobblemon-MMO/Cobblemon-MMO/SVFrameMMO/.gradle/loom-cache/remapped_mods/net_fabricmc_yarn_1_21_1_1_21_1_build_3_v2/net/fabricmc/fabric-api/fabric-gametest-api-v1/2.0.5+6fc22b9919/fabric-gametest-api-v1-2.0.5+6fc22b9919.jar to classpath.
[02:24:33] [main/DEBUG] (FabricLoader/Knot) Adding /home/runner/work/Cobblemon-MMO/Cobblemon-MMO/SVFrameMMO/.gradle/loom-cache/remapped_mods/net_fabricmc_yarn_1_21_1_1_21_1_build_3_v2/net/fabricmc/fabric-api/fabric-item-api-v1/11.2.0+3b3cb2e819/fabric-item-api-v1-11.2.0+3b3cb2e819.jar to classpath.
[02:24:33] [main/DEBUG] (FabricLoader/Knot) Adding /home/runner/work/Cobblemon-MMO/Cobblemon-MMO/SVFrameMMO/.gradle/loom-cache/remapped_mods/net_fabricmc_yarn_1_21_1_1_21_1_build_3_v2/net/fabricmc/fabric-api/fabric-item-group-api-v1/4.1.7+def88e3a19/fabric-item-group-api-v1-4.1.7+def88e3a19.jar to classpath.
[02:24:33] [main/DEBUG] (FabricLoader/Knot) Adding /home/runner/work/Cobblemon-MMO/Cobblemon-MMO/SVFrameMMO/.gradle/loom-cache/remapped_mods/net_fabricmc_yarn_1_21_1_1_21_1_build_3_v2/net/fabricmc/fabric-api/fabric-lifecycle-events-v1/2.6.0+0865547519/fabric-lifecycle-events-v1-2.6.0+0865547519.jar to classpath.
[02:24:33] [main/DEBUG] (FabricLoader/Knot) Adding /home/runner/work/Cobblemon-MMO/Cobblemon-MMO/SVFrameMMO/.gradle/loom-cache/remapped_mods/net_fabricmc_yarn_1_21_1_1_21_1_build_3_v2/net/fabricmc/fabric-api/fabric-loot-api-v2/3.0.15+3f89f5a519/fabric-loot-api-v2-3.0.15+3f89f5a519.jar to classpath.
[02:24:33] [main/DEBUG] (FabricLoader/Knot) Adding /home/runner/work/Cobblemon-MMO/Cobblemon-MMO/SVFrameMMO/.gradle/loom-cache/remapped_mods/net_fabricmc_yarn_1_21_1_1_21_1_build_3_v2/net/fabricmc/fabric-api/fabric-loot-api-v3/1.0.3+3f89f5a519/fabric-loot-api-v3-1.0.3+3f89f5a519.jar to classpath.
[02:24:33] [main/DEBUG] (FabricLoader/Knot) Adding /home/runner/work/Cobblemon-MMO/Cobblemon-MMO/SVFrameMMO/.gradle/loom-cache/remapped_mods/net_fabricmc_yarn_1_21_1_1_21_1_build_3_v2/net/fabricmc/fabric-api/fabric-message-api-v1/6.0.14+8aaf3aca19/fabric-message-api-v1-6.0.14+8aaf3aca19.jar to classpath.
[02:24:33] [main/DEBUG] (FabricLoader/Knot) Adding /home/runner/work/Cobblemon-MMO/Cobblemon-MMO/SVFrameMMO/.gradle/loom-cache/remapped_mods/net_fabricmc_yarn_1_21_1_1_21_1_build_3_v2/net/fabricmc/fabric-api/fabric-model-loading-api-v1/2.1.0+b4d813fc19/fabric-model-loading-api-v1-2.1.0+b4d813fc19.jar to classpath.
[02:24:33] [main/DEBUG] (FabricLoader/Knot) Adding /home/runner/work/Cobblemon-MMO/Cobblemon-MMO/SVFrameMMO/.gradle/loom-cache/remapped_mods/net_fabricmc_yarn_1_21_1_1_21_1_build_3_v2/net/fabricmc/fabric-api/fabric-recipe-api-v1/5.0.15+2475392c19/fabric-recipe-api-v1-5.0.15+2475392c19.jar to classpath.
[02:24:33] [main/DEBUG] (FabricLoader/Knot) Adding /home/runner/work/Cobblemon-MMO/Cobblemon-MMO/SVFrameMMO/.gradle/loom-cache/remapped_mods/net_fabricmc_yarn_1_21_1_1_21_1_build_3_v2/net/fabricmc/fabric-api/fabric-screen-handler-api-v1/1.3.90+b559734419/fabric-screen-handler-api-v1-1.3.90+b559734419.jar to classpath.
[02:24:33] [main/DEBUG] (FabricLoader/Knot) Adding /home/runner/work/Cobblemon-MMO/Cobblemon-MMO/SVFrameMMO/.gradle/loom-cache/remapped_mods/net_fabricmc_yarn_1_21_1_1_21_1_build_3_v2/net/fabricmc/fabric-api/fabric-registry-sync-v0/5.3.1+e3eddc2119/fabric-registry-sync-v0-5.3.1+e3eddc2119.jar to classpath.
[02:24:33] [main/DEBUG] (FabricLoader/Knot) Adding /home/runner/work/Cobblemon-MMO/Cobblemon-MMO/SVFrameMMO/.gradle/loom-cache/remapped_mods/net_fabricmc_yarn_1_21_1_1_21_1_build_3_v2/net/fabricmc/fabric-api/fabric-networking-api-v1/4.3.0+c7469b2119/fabric-networking-api-v1-4.3.0+c7469b2119.jar to classpath.
[02:24:33] [main/DEBUG] (FabricLoader/Knot) Adding /home/runner/work/Cobblemon-MMO/Cobblemon-MMO/SVFrameMMO/.gradle/loom-cache/remapped_mods/net_fabricmc_yarn_1_21_1_1_21_1_build_3_v2/net/fabricmc/fabric-api/fabric-object-builder-api-v1/15.2.1+40875a9319/fabric-object-builder-api-v1-15.2.1+40875a9319.jar to classpath.
[02:24:33] [main/DEBUG] (FabricLoader/Knot) Adding /home/runner/work/Cobblemon-MMO/Cobblemon-MMO/SVFrameMMO/.gradle/loom-cache/remapped_mods/net_fabricmc_yarn_1_21_1_1_21_1_build_3_v2/net/fabricmc/fabric-api/fabric-particles-v1/4.0.2+6573ed8c19/fabric-particles-v1-4.0.2+6573ed8c19.jar to classpath.
[02:24:33] [main/DEBUG] (FabricLoader/Knot) Adding /home/runner/work/Cobblemon-MMO/Cobblemon-MMO/SVFrameMMO/.gradle/loom-cache/remapped_mods/net_fabricmc_yarn_1_21_1_1_21_1_build_3_v2/net/fabricmc/fabric-api/fabric-renderer-indigo/1.7.1+c705a49c19/fabric-renderer-indigo-1.7.1+c705a49c19.jar to classpath.
[02:24:33] [main/DEBUG] (FabricLoader/Knot) Adding /home/runner/work/Cobblemon-MMO/Cobblemon-MMO/SVFrameMMO/.gradle/loom-cache/remapped_mods/net_fabricmc_yarn_1_21_1_1_21_1_build_3_v2/net/fabricmc/fabric-api/fabric-renderer-api-v1/3.4.1+b4d813fc19/fabric-renderer-api-v1-3.4.1+b4d813fc19.jar to classpath.
[02:24:33] [main/DEBUG] (FabricLoader/Knot) Adding /home/runner/work/Cobblemon-MMO/Cobblemon-MMO/SVFrameMMO/.gradle/loom-cache/remapped_mods/net_fabricmc_yarn_1_21_1_1_21_1_build_3_v2/net/fabricmc/fabric-api/fabric-rendering-fluids-v1/3.1.6+1daea21519/fabric-rendering-fluids-v1-3.1.6+1daea21519.jar to classpath.
[02:24:33] [main/DEBUG] (FabricLoader/Knot) Adding /home/runner/work/Cobblemon-MMO/Cobblemon-MMO/SVFrameMMO/.gradle/loom-cache/remapped_mods/net_fabricmc_yarn_1_21_1_1_21_1_build_3_v2/net/fabricmc/fabric-api/fabric-renderer-registries-v1/3.2.69+df3654b319/fabric-renderer-registries-v1-3.2.69+df3654b319.jar to classpath.
[02:24:33] [main/DEBUG] (FabricLoader/Knot) Adding /home/runner/work/Cobblemon-MMO/Cobblemon-MMO/SVFrameMMO/.gradle/loom-cache/remapped_mods/net_fabricmc_yarn_1_21_1_1_21_1_build_3_v2/net/fabricmc/fabric-api/fabric-rendering-v0/1.1.72+df3654b319/fabric-rendering-v0-1.1.72+df3654b319.jar to classpath.
[02:24:33] [main/DEBUG] (FabricLoader/Knot) Adding /home/runner/work/Cobblemon-MMO/Cobblemon-MMO/SVFrameMMO/.gradle/loom-cache/remapped_mods/net_fabricmc_yarn_1_21_1_1_21_1_build_3_v2/net/fabricmc/fabric-api/fabric-rendering-v1/5.1.0+ab4c25a019/fabric-rendering-v1-5.1.0+ab4c25a019.jar to classpath.
[02:24:33] [main/DEBUG] (FabricLoader/Knot) Adding /home/runner/work/Cobblemon-MMO/Cobblemon-MMO/SVFrameMMO/.gradle/loom-cache/remapped_mods/net_fabricmc_yarn_1_21_1_1_21_1_build_3_v2/net/fabricmc/fabric-api/fabric-screen-api-v1/2.0.25+8b68f1c719/fabric-screen-api-v1-2.0.25+8b68f1c719.jar to classpath.
[02:24:33] [main/DEBUG] (FabricLoader/Knot) Adding /home/runner/work/Cobblemon-MMO/Cobblemon-MMO/SVFrameMMO/.gradle/loom-cache/remapped_mods/net_fabricmc_yarn_1_21_1_1_21_1_build_3_v2/net/fabricmc/fabric-api/fabric-api-base/0.4.42+6573ed8c19/fabric-api-base-0.4.42+6573ed8c19.jar to classpath.
[02:24:33] [main/DEBUG] (FabricLoader/Knot) Adding /home/runner/work/Cobblemon-MMO/Cobblemon-MMO/SVFrameMMO/.gradle/loom-cache/remapped_mods/net_fabricmc_yarn_1_21_1_1_21_1_build_3_v2/net/fabricmc/fabric-api/fabric-biome-api-v1/13.0.31+d527f9fd19/fabric-biome-api-v1-13.0.31+d527f9fd19.jar to classpath.
[02:24:33] [main/DEBUG] (FabricLoader/Knot) Adding /home/runner/work/Cobblemon-MMO/Cobblemon-MMO/SVFrameMMO/.gradle/loom-cache/remapped_mods/net_fabricmc_yarn_1_21_1_1_21_1_build_3_v2/net/fabricmc/fabric-api/fabric-block-api-v1/1.1.0+0bc3503219/fabric-block-api-v1-1.1.0+0bc3503219.jar to classpath.
[02:24:33] [main/DEBUG] (FabricLoader/Knot) Adding /home/runner/work/Cobblemon-MMO/Cobblemon-MMO/SVFrameMMO/.gradle/loom-cache/remapped_mods/net_fabricmc_yarn_1_21_1_1_21_1_build_3_v2/net/fabricmc/fabric-api/fabric-rendering-data-attachment-v1/0.3.49+73761d2e19/fabric-rendering-data-attachment-v1-0.3.49+73761d2e19.jar to classpath.
[02:24:33] [main/DEBUG] (FabricLoader/Knot) Adding /home/runner/work/Cobblemon-MMO/Cobblemon-MMO/SVFrameMMO/.gradle/loom-cache/remapped_mods/net_fabricmc_yarn_1_21_1_1_21_1_build_3_v2/net/fabricmc/fabric-api/fabric-block-view-api-v2/1.0.11+ebb2264e19/fabric-block-view-api-v2-1.0.11+ebb2264e19.jar to classpath.
[02:24:33] [main/DEBUG] (FabricLoader/Knot) Adding /home/runner/work/Cobblemon-MMO/Cobblemon-MMO/SVFrameMMO/.gradle/loom-cache/remapped_mods/net_fabricmc_yarn_1_21_1_1_21_1_build_3_v2/net/fabricmc/fabric-api/fabric-crash-report-info-v1/0.2.29+0af3f5a719/fabric-crash-report-info-v1-0.2.29+0af3f5a719.jar to classpath.
[02:24:33] [main/DEBUG] (FabricLoader/Knot) Adding /home/runner/work/Cobblemon-MMO/Cobblemon-MMO/SVFrameMMO/.gradle/loom-cache/remapped_mods/net_fabricmc_yarn_1_21_1_1_21_1_build_3_v2/net/fabricmc/fabric-api/fabric-dimensions-v1/4.0.1+65213ef819/fabric-dimensions-v1-4.0.1+65213ef819.jar to classpath.
[02:24:33] [main/DEBUG] (FabricLoader/Knot) Adding /home/runner/work/Cobblemon-MMO/Cobblemon-MMO/SVFrameMMO/.gradle/loom-cache/remapped_mods/net_fabricmc_yarn_1_21_1_1_21_1_build_3_v2/net/fabricmc/fabric-api/fabric-game-rule-api-v1/1.0.53+6ced4dd919/fabric-game-rule-api-v1-1.0.53+6ced4dd919.jar to classpath.
[02:24:33] [main/DEBUG] (FabricLoader/Knot) Adding /home/runner/work/Cobblemon-MMO/Cobblemon-MMO/SVFrameMMO/.gradle/loom-cache/remapped_mods/net_fabricmc_yarn_1_21_1_1_21_1_build_3_v2/net/fabricmc/fabric-api/fabric-keybindings-v0/0.2.45+df3654b319/fabric-keybindings-v0-0.2.45+df3654b319.jar to classpath.
[02:24:33] [main/DEBUG] (FabricLoader/Knot) Adding /home/runner/work/Cobblemon-MMO/Cobblemon-MMO/SVFrameMMO/.gradle/loom-cache/remapped_mods/net_fabricmc_yarn_1_21_1_1_21_1_build_3_v2/net/fabricmc/fabric-api/fabric-key-binding-api-v1/1.0.47+0af3f5a719/fabric-key-binding-api-v1-1.0.47+0af3f5a719.jar to classpath.
[02:24:33] [main/DEBUG] (FabricLoader/Knot) Adding /home/runner/work/Cobblemon-MMO/Cobblemon-MMO/SVFrameMMO/.gradle/loom-cache/remapped_mods/net_fabricmc_yarn_1_21_1_1_21_1_build_3_v2/net/fabricmc/fabric-api/fabric-resource-conditions-api-v1/4.3.0+8dc279b119/fabric-resource-conditions-api-v1-4.3.0+8dc279b119.jar to classpath.
[02:24:33] [main/DEBUG] (FabricLoader/Knot) Adding /home/runner/work/Cobblemon-MMO/Cobblemon-MMO/SVFrameMMO/.gradle/loom-cache/remapped_mods/net_fabricmc_yarn_1_21_1_1_21_1_build_3_v2/net/fabricmc/fabric-api/fabric-resource-loader-v0/1.3.1+5b5275af19/fabric-resource-loader-v0-1.3.1+5b5275af19.jar to classpath.
[02:24:33] [main/DEBUG] (FabricLoader/Knot) Adding /home/runner/work/Cobblemon-MMO/Cobblemon-MMO/SVFrameMMO/.gradle/loom-cache/remapped_mods/net_fabricmc_yarn_1_21_1_1_21_1_build_3_v2/net/fabricmc/fabric-api/fabric-sound-api-v1/1.0.23+6573ed8c19/fabric-sound-api-v1-1.0.23+6573ed8c19.jar to classpath.
[02:24:33] [main/DEBUG] (FabricLoader/Knot) Adding /home/runner/work/Cobblemon-MMO/Cobblemon-MMO/SVFrameMMO/.gradle/loom-cache/remapped_mods/net_fabricmc_yarn_1_21_1_1_21_1_build_3_v2/net/fabricmc/fabric-api/fabric-transitive-access-wideners-v1/6.2.0+45b9699719/fabric-transitive-access-wideners-v1-6.2.0+45b9699719.jar to classpath.
[02:24:33] [main/DEBUG] (FabricLoader/Knot) Adding /home/runner/work/Cobblemon-MMO/Cobblemon-MMO/SVFrameMMO/.gradle/loom-cache/remapped_mods/net_fabricmc_yarn_1_21_1_1_21_1_build_3_v2/unspecified/SVFrameLib-1.7.1-fabric/c959cc73c6ba/SVFrameLib-1.7.1-fabric-c959cc73c6ba.jar to classpath.
[02:24:33] [main/DEBUG] (FabricLoader/Knot) Adding /home/runner/.gradle/caches/modules-2/files-2.1/org.jline/jline-reader/3.20.0/8f15415b022a25b473e8e16c28ae913186ffb9c4/jline-reader-3.20.0.jar to classpath.
[02:24:33] [main/DEBUG] (FabricLoader/Knot) Adding /home/runner/.gradle/caches/modules-2/files-2.1/org.jline/jline-terminal/3.20.0/d0ddcc708ddf527a3454c941b7b9225cc83a15ff/jline-terminal-3.20.0.jar to classpath.
[02:24:33] [main/DEBUG] (FabricLoader/Entrypoint) No subscribers for entrypoint 'preLaunch'
[02:24:33] [main/DEBUG] (FabricLoader/Mixin) Preparing mixins for MixinEnvironment[DEFAULT]
[02:24:33] [main/DEBUG] (FabricLoader/Mixin) Selecting config fabric-loot-api-v3.mixins.json
[02:24:33] [main/DEBUG] (FabricLoader/Mixin) Remapping refMap fabric-loot-api-v3-refmap.json using remapper chain
[02:24:33] [main/DEBUG] (FabricLoader/Mixin) Selecting config fabric-crash-report-info-v1.mixins.json
[02:24:33] [main/DEBUG] (FabricLoader/Mixin) Remapping refMap fabric-crash-report-info-v1-refmap.json using remapper chain
[02:24:33] [main/DEBUG] (FabricLoader/Mixin) Selecting config fabric-registry-sync-v0.mixins.json
[02:24:33] [main/DEBUG] (FabricLoader/Mixin) Remapping refMap fabric-registry-sync-v0-refmap.json using remapper chain
[02:24:33] [main/DEBUG] (FabricLoader/Mixin) Selecting config fabric-recipe-api-v1.mixins.json
[02:24:33] [main/DEBUG] (FabricLoader/Mixin) Remapping refMap fabric-recipe-api-v1-refmap.json using remapper chain
[02:24:33] [main/DEBUG] (FabricLoader/Mixin) Selecting config fabric-block-view-api-v2.mixins.json
[02:24:33] [main/DEBUG] (FabricLoader/Mixin) Remapping refMap fabric-block-view-api-v2-refmap.json using remapper chain
[02:24:33] [main/DEBUG] (FabricLoader/Mixin) Selecting config fabric-networking-api-v1.mixins.json
[02:24:33] [main/DEBUG] (FabricLoader/Mixin) Remapping refMap fabric-networking-api-v1-refmap.json using remapper chain
[02:24:33] [main/DEBUG] (FabricLoader/Mixin) Selecting config fabric-data-attachment-api-v1.mixins.json
[02:24:33] [main/DEBUG] (FabricLoader/Mixin) Remapping refMap fabric-data-attachment-api-v1-refmap.json using remapper chain
[02:24:33] [main/DEBUG] (FabricLoader/Mixin) Selecting config fabric-api-lookup-api-v1.mixins.json
[02:24:33] [main/DEBUG] (FabricLoader/Mixin) Remapping refMap fabric-api-lookup-api-v1-refmap.json using remapper chain
[02:24:33] [main/DEBUG] (FabricLoader/Mixin) Selecting config fabric-data-generation-api-v1.mixins.json
[02:24:33] [main/DEBUG] (FabricLoader/Mixin) Remapping refMap fabric-data-generation-api-v1-refmap.json using remapper chain
[02:24:33] [main/DEBUG] (FabricLoader/Mixin) Selecting config fabric-screen-handler-api-v1.mixins.json
[02:24:33] [main/DEBUG] (FabricLoader/Mixin) Remapping refMap fabric-screen-handler-api-v1-refmap.json using remapper chain
[02:24:33] [main/DEBUG] (FabricLoader/Mixin) Selecting config fabric-transfer-api-v1.mixins.json
[02:24:33] [main/DEBUG] (FabricLoader/Mixin) Remapping refMap fabric-transfer-api-v1-refmap.json using remapper chain
[02:24:33] [main/DEBUG] (FabricLoader/Mixin) Selecting config fabric-item-group-api-v1.mixins.json
[02:24:33] [main/DEBUG] (FabricLoader/Mixin) Remapping refMap fabric-item-group-api-v1-refmap.json using remapper chain
[02:24:33] [main/DEBUG] (FabricLoader/Mixin) Selecting config fabric-item-api-v1.mixins.json
[02:24:33] [main/DEBUG] (FabricLoader/Mixin) Remapping refMap fabric-item-api-v1-refmap.json using remapper chain
[02:24:33] [main/DEBUG] (FabricLoader/Mixin) Selecting config fabric-game-rule-api-v1.mixins.json
[02:24:33] [main/DEBUG] (FabricLoader/Mixin) Remapping refMap fabric-game-rule-api-v1-refmap.json using remapper chain
[02:24:33] [main/DEBUG] (FabricLoader/Mixin) Selecting config fabric-gametest-api-v1.mixins.json
[02:24:33] [main/DEBUG] (FabricLoader/Mixin) Remapping refMap fabric-gametest-api-v1-refmap.json using remapper chain
[02:24:33] [main/DEBUG] (FabricLoader/Mixin) Selecting config fabric-dimensions-v1.mixins.json
[02:24:33] [main/DEBUG] (FabricLoader/Mixin) Remapping refMap fabric-dimensions-v1-refmap.json using remapper chain
[02:24:33] [main/DEBUG] (FabricLoader/Mixin) Selecting config fabric-convention-tags-api-v2.mixins.json
[02:24:33] [main/DEBUG] (FabricLoader/Mixin) Remapping refMap fabric-convention-tags-v2-refmap.json using remapper chain
[02:24:33] [main/DEBUG] (FabricLoader/Mixin) Selecting config svframelibfabric.mixins.json
[02:24:33] [main/DEBUG] (FabricLoader/Mixin) Remapping refMap SVFrameLib-refmap.json using remapper chain
[02:24:33] [main/DEBUG] (FabricLoader/Mixin) Selecting config fabric-biome-api-v1.mixins.json
[02:24:33] [main/DEBUG] (FabricLoader/Mixin) Remapping refMap fabric-biome-api-v1-refmap.json using remapper chain
[02:24:33] [main/DEBUG] (FabricLoader/Mixin) Selecting config fabric-lifecycle-events-v1.mixins.json
[02:24:33] [main/DEBUG] (FabricLoader/Mixin) Remapping refMap fabric-lifecycle-events-v1-refmap.json using remapper chain
[02:24:33] [main/DEBUG] (FabricLoader/Mixin) Selecting config fabric-resource-loader-v0.mixins.json
[02:24:33] [main/DEBUG] (FabricLoader/Mixin) Remapping refMap fabric-resource-loader-v0-refmap.json using remapper chain
[02:24:33] [main/DEBUG] (FabricLoader/Mixin) Selecting config fabric-object-builder-v1.mixins.json
[02:24:33] [main/DEBUG] (FabricLoader/Mixin) Remapping refMap fabric-object-builder-api-v1-refmap.json using remapper chain
[02:24:33] [main/DEBUG] (FabricLoader/Mixin) Selecting config fabric-resource-conditions-api-v1.mixins.json
[02:24:33] [main/DEBUG] (FabricLoader/Mixin) Remapping refMap fabric-resource-conditions-api-v1-refmap.json using remapper chain
[02:24:33] [main/DEBUG] (FabricLoader/Mixin) Selecting config fabric-rendering-data-attachment-v1.mixins.json
[02:24:33] [main/DEBUG] (FabricLoader/Mixin) Remapping refMap fabric-rendering-data-attachment-v1-refmap.json using remapper chain
[02:24:33] [main/DEBUG] (FabricLoader/Mixin) Selecting config fabric-events-interaction-v0.mixins.json
[02:24:33] [main/DEBUG] (FabricLoader/Mixin) Remapping refMap fabric-events-interaction-v0-refmap.json using remapper chain
[02:24:33] [main/DEBUG] (FabricLoader/Mixin) Selecting config fabric-message-api-v1.mixins.json
[02:24:33] [main/DEBUG] (FabricLoader/Mixin) Remapping refMap fabric-message-api-v1-refmap.json using remapper chain
[02:24:33] [main/DEBUG] (FabricLoader/Mixin) Selecting config fabric-content-registries-v0.mixins.json
[02:24:33] [main/DEBUG] (FabricLoader/Mixin) Remapping refMap fabric-content-registries-v0-refmap.json using remapper chain
[02:24:33] [main/DEBUG] (FabricLoader/Mixin) Selecting config fabric-block-api-v1.mixins.json
[02:24:33] [main/DEBUG] (FabricLoader/Mixin) Remapping refMap fabric-block-api-v1-refmap.json using remapper chain
[02:24:33] [main/DEBUG] (FabricLoader/Mixin) Selecting config fabric-command-api-v2.mixins.json
[02:24:33] [main/DEBUG] (FabricLoader/Mixin) Remapping refMap fabric-command-api-v2-refmap.json using remapper chain
[02:24:33] [main/DEBUG] (FabricLoader/Mixin) Selecting config fabric-loot-api-v2.mixins.json
[02:24:33] [main/DEBUG] (FabricLoader/Mixin) Remapping refMap fabric-loot-api-v2-refmap.json using remapper chain
[02:24:33] [main/DEBUG] (FabricLoader/Mixin) Selecting config fabric-entity-events-v1.mixins.json
[02:24:33] [main/DEBUG] (FabricLoader/Mixin) Remapping refMap fabric-entity-events-v1-refmap.json using remapper chain
[02:24:33] [main/DEBUG] (FabricLoader/Mixin) Selecting config mixinextras.init.mixins.json
[02:24:33] [main/DEBUG] (FabricLoader/MixinExtras|Service) com.llamalad7.mixinextras.service.MixinExtrasServiceImpl(version=0.5.0) is taking over from null
[02:24:33] [main/DEBUG] (FabricLoader/Mixin) Registering new injector for @Inject with org.spongepowered.asm.mixin.injection.struct.CallbackInjectionInfo
[02:24:33] [main/DEBUG] (FabricLoader/Mixin) Registering new injector for @ModifyArg with org.spongepowered.asm.mixin.injection.struct.ModifyArgInjectionInfo
[02:24:33] [main/DEBUG] (FabricLoader/Mixin) Registering new injector for @ModifyArgs with org.spongepowered.asm.mixin.injection.struct.ModifyArgsInjectionInfo
[02:24:33] [main/DEBUG] (FabricLoader/Mixin) Registering new injector for @Redirect with org.spongepowered.asm.mixin.injection.struct.RedirectInjectionInfo
[02:24:33] [main/DEBUG] (FabricLoader/Mixin) Registering new injector for @ModifyVariable with org.spongepowered.asm.mixin.injection.struct.ModifyVariableInjectionInfo
[02:24:33] [main/DEBUG] (FabricLoader/Mixin) Registering new injector for @ModifyConstant with org.spongepowered.asm.mixin.injection.struct.ModifyConstantInjectionInfo
[02:24:33] [main/DEBUG] (FabricLoader/Mixin) Preparing fabric-loot-api-v3.mixins.json (6)
[02:24:33] [main/DEBUG] (FabricLoader/Mixin) Preparing fabric-crash-report-info-v1.mixins.json (1)
[02:24:33] [main/DEBUG] (FabricLoader/Mixin) Preparing fabric-registry-sync-v0.mixins.json (15)
[02:24:33] [main/DEBUG] (FabricLoader/Mixin) Preparing fabric-recipe-api-v1.mixins.json (4)
[02:24:33] [main/DEBUG] (FabricLoader/Mixin) Preparing fabric-block-view-api-v2.mixins.json (3)
[02:24:33] [main/DEBUG] (FabricLoader/Mixin) Preparing fabric-networking-api-v1.mixins.json (18)
[02:24:33] [main/DEBUG] (FabricLoader/Mixin) Preparing fabric-data-attachment-api-v1.mixins.json (15)
[02:24:33] [main/DEBUG] (FabricLoader/Mixin) Preparing fabric-api-lookup-api-v1.mixins.json (2)
[02:24:33] [main/DEBUG] (FabricLoader/Mixin) Preparing fabric-data-generation-api-v1.mixins.json (11)
[02:24:33] [main/DEBUG] (FabricLoader/Mixin) Preparing fabric-screen-handler-api-v1.mixins.json (2)
[02:24:33] [main/DEBUG] (FabricLoader/Mixin) Preparing fabric-transfer-api-v1.mixins.json (15)
[02:24:33] [main/DEBUG] (FabricLoader/Mixin) Preparing fabric-item-group-api-v1.mixins.json (3)
[02:24:33] [main/DEBUG] (FabricLoader/Mixin) Preparing fabric-item-api-v1.mixins.json (16)
[02:24:33] [main/DEBUG] (FabricLoader/Mixin) Preparing fabric-game-rule-api-v1.mixins.json (6)
[02:24:33] [main/DEBUG] (FabricLoader/Mixin) Preparing fabric-gametest-api-v1.mixins.json (8)
[02:24:33] [main/DEBUG] (FabricLoader/Mixin) Preparing fabric-dimensions-v1.mixins.json (4)
[02:24:33] [main/DEBUG] (FabricLoader/Mixin) Preparing fabric-convention-tags-api-v2.mixins.json (1)
[02:24:33] [main/DEBUG] (FabricLoader/Mixin) Preparing svframelibfabric.mixins.json (11)
[02:24:33] [main/DEBUG] (FabricLoader/Mixin) Preparing fabric-biome-api-v1.mixins.json (9)
[02:24:33] [main/DEBUG] (FabricLoader/Mixin) Preparing fabric-lifecycle-events-v1.mixins.json (11)
[02:24:33] [main/DEBUG] (FabricLoader/Mixin) Preparing fabric-resource-loader-v0.mixins.json (14)
[02:24:33] [main/DEBUG] (FabricLoader/Mixin) Preparing fabric-object-builder-v1.mixins.json (11)
[02:24:33] [main/DEBUG] (FabricLoader/Mixin) Preparing fabric-resource-conditions-api-v1.mixins.json (10)
[02:24:33] [main/DEBUG] (FabricLoader/Mixin) Preparing fabric-rendering-data-attachment-v1.mixins.json (2)
[02:24:33] [main/DEBUG] (FabricLoader/Mixin) Preparing fabric-events-interaction-v0.mixins.json (4)
[02:24:33] [main/DEBUG] (FabricLoader/Mixin) Preparing fabric-message-api-v1.mixins.json (2)
[02:24:33] [main/DEBUG] (FabricLoader/Mixin) Preparing fabric-content-registries-v0.mixins.json (13)
[02:24:33] [main/DEBUG] (FabricLoader/Mixin) Preparing fabric-block-api-v1.mixins.json (5)
[02:24:33] [main/DEBUG] (FabricLoader/Mixin) Preparing fabric-command-api-v2.mixins.json (5)
[02:24:33] [main/DEBUG] (FabricLoader/Mixin) Preparing fabric-loot-api-v2.mixins.json (2)
[02:24:33] [main/DEBUG] (FabricLoader/Mixin) Preparing fabric-entity-events-v1.mixins.json (12)
[02:24:33] [main/DEBUG] (FabricLoader/Mixin) Preparing mixinextras.init.mixins.json (0)
[02:24:33] [main/DEBUG] (FabricLoader/Mixin) Inner class net/fabricmc/fabric/mixin/transfer/ChiseledBookshelfBlockEntityMixin$1 in net/fabricmc/fabric/mixin/transfer/ChiseledBookshelfBlockEntityMixin on net/minecraft/block/entity/ChiseledBookshelfBlockEntity gets unique name net/minecraft/block/entity/ChiseledBookshelfBlockEntity$Anonymous$68687346d55e4ba7a1de74fdd0b8b017
[02:24:33] [main/DEBUG] (FabricLoader/Mixin) Inner class net/fabricmc/fabric/mixin/itemgroup/ItemGroupsMixin$1ItemGroupPosition in net/fabricmc/fabric/mixin/itemgroup/ItemGroupsMixin on net/minecraft/item/ItemGroups gets unique name net/minecraft/item/ItemGroups$1ItemGroupPosition$eda04a345d294485961b332d828e200a
[02:24:33] [main/DEBUG] (FabricLoader/Mixin) Prepared 241 mixins in 0.526 sec (2.2ms avg) (0ms load, 0ms transform, 0ms plugin)
[02:24:33] [main/INFO] (FabricLoader/MixinExtras|Service) Initializing MixinExtras via com.llamalad7.mixinextras.service.MixinExtrasServiceImpl(version=0.5.0).
[02:24:33] [main/DEBUG] (FabricLoader/Mixin) Registering new injector for @SugarWrapper with com.llamalad7.mixinextras.sugar.impl.SugarWrapperInjectionInfo
[02:24:33] [main/DEBUG] (FabricLoader/Mixin) Registering new injector for @FactoryRedirectWrapper with com.llamalad7.mixinextras.wrapper.factory.FactoryRedirectWrapperInjectionInfo
[02:24:33] [main/DEBUG] (FabricLoader/Mixin) Registering new injector for @ExpressionInjectorWrapper with com.llamalad7.mixinextras.expression.impl.wrapper.ExpressionInjectorWrapperInjectionInfo
[02:24:33] [main/DEBUG] (FabricLoader/Mixin) Mixing MainMixin from fabric-registry-sync-v0.mixins.json into net.minecraft.server.Main
[02:24:33] [main/DEBUG] (FabricLoader/Mixin) fabric-registry-sync-v0.mixins.json:MainMixin from mod fabric-registry-sync-v0: Class version 65 required is higher than the class version supported by the current version of Mixin (JAVA_17 supports class version 61)
[02:24:33] [main/DEBUG] (FabricLoader/Mixin) Mixing server.MainMixin from fabric-data-generation-api-v1.mixins.json into net.minecraft.server.Main
[02:24:33] [main/DEBUG] (FabricLoader/Mixin) fabric-data-generation-api-v1.mixins.json:server.MainMixin from mod fabric-data-generation-api-v1: Class version 65 required is higher than the class version supported by the current version of Mixin (JAVA_17 supports class version 61)
[02:24:33] [main/DEBUG] (FabricLoader/Mixin) Mixing server.MainMixin from fabric-gametest-api-v1.mixins.json into net.minecraft.server.Main
[02:24:33] [main/DEBUG] (FabricLoader/Mixin) fabric-gametest-api-v1.mixins.json:server.MainMixin from mod fabric-gametest-api-v1: Class version 65 required is higher than the class version supported by the current version of Mixin (JAVA_17 supports class version 61)
[02:24:33] [main/DEBUG] (FabricLoader/Mixin) fabric-registry-sync-v0.mixins.json:MainMixin from mod fabric-registry-sync-v0->@Inject::afterModInit(Lorg/spongepowered/asm/mixin/injection/callback/CallbackInfo;)V doesn't use it's CallbackInfo
[02:24:33] [main/DEBUG] (FabricLoader/Mixin) fabric-data-generation-api-v1.mixins.json:server.MainMixin from mod fabric-data-generation-api-v1->@Inject::main([Ljava/lang/String;Lorg/spongepowered/asm/mixin/injection/callback/CallbackInfo;)V does use it's CallbackInfo
[02:24:33] [main/DEBUG] (FabricLoader/Mixin) fabric-gametest-api-v1.mixins.json:server.MainMixin from mod fabric-gametest-api-v1->@Inject::main([Ljava/lang/String;Lorg/spongepowered/asm/mixin/injection/callback/CallbackInfo;)V does use it's CallbackInfo
[02:24:33] [main/DEBUG] (FabricLoader/Mixin) fabric-gametest-api-v1.mixins.json:server.MainMixin from mod fabric-gametest-api-v1->@Inject::exitOnError(Lorg/spongepowered/asm/mixin/injection/callback/CallbackInfo;)V doesn't use it's CallbackInfo
[02:24:33] [main/DEBUG] (io.netty.util.internal.logging.InternalLoggerFactory) Using SLF4J as the default logging framework
[02:24:33] [main/DEBUG] (io.netty.util.ResourceLeakDetector) -Dio.netty.leakDetection.level: simple
[02:24:33] [main/DEBUG] (io.netty.util.ResourceLeakDetector) -Dio.netty.leakDetection.targetRecords: 4
[02:24:34] [main/DEBUG] (FabricLoader/Mixin) Mixing SystemDetailsMixin from fabric-crash-report-info-v1.mixins.json into net.minecraft.util.SystemDetails
[02:24:34] [main/DEBUG] (FabricLoader/Mixin) fabric-crash-report-info-v1.mixins.json:SystemDetailsMixin from mod fabric-crash-report-info-v1: Class version 65 required is higher than the class version supported by the current version of Mixin (JAVA_17 supports class version 61)
[02:24:34] [main/DEBUG] (FabricLoader/Mixin) Renaming synthetic method lambda$appendMods$1(Lnet/fabricmc/loader/api/ModContainer;)Ljava/lang/String; to md13010e$fabric-crash-report-info-v1$lambda$appendMods$1$0 in fabric-crash-report-info-v1.mixins.json:SystemDetailsMixin from mod fabric-crash-report-info-v1
[02:24:34] [main/DEBUG] (FabricLoader/Mixin) Renaming synthetic method lambda$fillSystemDetails$0()Ljava/lang/String; to md13010e$fabric-crash-report-info-v1$lambda$fillSystemDetails$0$1 in fabric-crash-report-info-v1.mixins.json:SystemDetailsMixin from mod fabric-crash-report-info-v1
[02:24:34] [main/DEBUG] (FabricLoader/Mixin) fabric-crash-report-info-v1.mixins.json:SystemDetailsMixin from mod fabric-crash-report-info-v1->@Inject::fillSystemDetails(Lorg/spongepowered/asm/mixin/injection/callback/CallbackInfo;)V doesn't use it's CallbackInfo
[02:24:34] [main/DEBUG] (FabricLoader/Mixin) fabric-crash-report-info-v1.mixins.json:SystemDetailsMixin from mod fabric-crash-report-info-v1->@Inject::fillSystemDetails(Lorg/spongepowered/asm/mixin/injection/callback/CallbackInfo;)V has 0 override(s) in child classes
[02:24:34] [main/DEBUG] (FabricLoader/Mixin) fabric-crash-report-info-v1.mixins.json:SystemDetailsMixin from mod fabric-crash-report-info-v1->@Inject::fillSystemDetails(Lorg/spongepowered/asm/mixin/injection/callback/CallbackInfo;)V won't be passed a CallbackInfo as a result
[02:24:34] [main/DEBUG] (oshi.util.FileUtil) Reading file /proc/self/auxv
[02:24:34] [main/DEBUG] (oshi.util.FileUtil) Reading file /proc/self/auxv
[02:24:34] [main/DEBUG] (oshi.util.FileUtil) Reading file /proc/stat
[02:24:34] [main/DEBUG] (oshi.util.FileUtil) Reading file /sys/devices/system/cpu/cpu0/topology/core_id
[02:24:34] [main/DEBUG] (oshi.util.FileUtil) Reading file /sys/devices/system/cpu/cpu0/topology/core_id
[02:24:34] [main/DEBUG] (oshi.util.FileUtil) Reading file /sys/devices/system/cpu/cpu0/topology/physical_package_id
[02:24:34] [main/DEBUG] (oshi.util.FileUtil) Reading file /sys/devices/system/cpu/cpu0/topology/physical_package_id
[02:24:34] [main/DEBUG] (oshi.util.FileUtil) Reading file /sys/devices/system/cpu/cpu0/cpu_capacity
[02:24:34] [main/DEBUG] (oshi.util.FileUtil) Reading file /sys/devices/system/cpu/cpu0/cpu_capacity
[02:24:34] [main/DEBUG] (oshi.util.FileUtil) Reading file /sys/devices/system/cpu/cpu0/cache/index2/level
[02:24:34] [main/DEBUG] (oshi.util.FileUtil) Reading file /sys/devices/system/cpu/cpu0/cache/index2/level
[02:24:34] [main/DEBUG] (oshi.util.FileUtil) Reading file /sys/devices/system/cpu/cpu0/cache/index2/type
[02:24:34] [main/DEBUG] (oshi.util.FileUtil) Reading file /sys/devices/system/cpu/cpu0/cache/index2/type
[02:24:34] [main/DEBUG] (oshi.util.FileUtil) Reading file /sys/devices/system/cpu/cpu0/cache/index2/ways_of_associativity
[02:24:34] [main/DEBUG] (oshi.util.FileUtil) Reading file /sys/devices/system/cpu/cpu0/cache/index2/ways_of_associativity
[02:24:34] [main/DEBUG] (oshi.util.FileUtil) Reading file /sys/devices/system/cpu/cpu0/cache/index2/coherency_line_size
[02:24:34] [main/DEBUG] (oshi.util.FileUtil) Reading file /sys/devices/system/cpu/cpu0/cache/index2/coherency_line_size
[02:24:34] [main/DEBUG] (oshi.util.FileUtil) Reading file /sys/devices/system/cpu/cpu0/cache/index2/size
[02:24:34] [main/DEBUG] (oshi.util.FileUtil) Reading file /sys/devices/system/cpu/cpu0/cache/index2/size
[02:24:34] [main/DEBUG] (oshi.util.FileUtil) Reading file /sys/devices/system/cpu/cpu0/cache/index0/level
[02:24:34] [main/DEBUG] (oshi.util.FileUtil) Reading file /sys/devices/system/cpu/cpu0/cache/index0/level
[02:24:34] [main/DEBUG] (oshi.util.FileUtil) Reading file /sys/devices/system/cpu/cpu0/cache/index0/type
[02:24:34] [main/DEBUG] (oshi.util.FileUtil) Reading file /sys/devices/system/cpu/cpu0/cache/index0/type
[02:24:34] [main/DEBUG] (oshi.util.FileUtil) Reading file /sys/devices/system/cpu/cpu0/cache/index0/ways_of_associativity
[02:24:34] [main/DEBUG] (oshi.util.FileUtil) Reading file /sys/devices/system/cpu/cpu0/cache/index0/ways_of_associativity
[02:24:34] [main/DEBUG] (oshi.util.FileUtil) Reading file /sys/devices/system/cpu/cpu0/cache/index0/coherency_line_size
[02:24:34] [main/DEBUG] (oshi.util.FileUtil) Reading file /sys/devices/system/cpu/cpu0/cache/index0/coherency_line_size
[02:24:34] [main/DEBUG] (oshi.util.FileUtil) Reading file /sys/devices/system/cpu/cpu0/cache/index0/size
[02:24:34] [main/DEBUG] (oshi.util.FileUtil) Reading file /sys/devices/system/cpu/cpu0/cache/index0/size
[02:24:34] [main/DEBUG] (oshi.util.FileUtil) Reading file /sys/devices/system/cpu/cpu0/cache/index3/level
[02:24:34] [main/DEBUG] (oshi.util.FileUtil) Reading file /sys/devices/system/cpu/cpu0/cache/index3/level
[02:24:34] [main/DEBUG] (oshi.util.FileUtil) Reading file /sys/devices/system/cpu/cpu0/cache/index3/type
[02:24:34] [main/DEBUG] (oshi.util.FileUtil) Reading file /sys/devices/system/cpu/cpu0/cache/index3/type
[02:24:34] [main/DEBUG] (oshi.util.FileUtil) Reading file /sys/devices/system/cpu/cpu0/cache/index3/ways_of_associativity
[02:24:34] [main/DEBUG] (oshi.util.FileUtil) Reading file /sys/devices/system/cpu/cpu0/cache/index3/ways_of_associativity
[02:24:34] [main/DEBUG] (oshi.util.FileUtil) Reading file /sys/devices/system/cpu/cpu0/cache/index3/coherency_line_size
[02:24:34] [main/DEBUG] (oshi.util.FileUtil) Reading file /sys/devices/system/cpu/cpu0/cache/index3/coherency_line_size
[02:24:34] [main/DEBUG] (oshi.util.FileUtil) Reading file /sys/devices/system/cpu/cpu0/cache/index3/size
[02:24:34] [main/DEBUG] (oshi.util.FileUtil) Reading file /sys/devices/system/cpu/cpu0/cache/index3/size
[02:24:34] [main/DEBUG] (oshi.util.FileUtil) Reading file /sys/devices/system/cpu/cpu0/cache/index1/level
[02:24:34] [main/DEBUG] (oshi.util.FileUtil) Reading file /sys/devices/system/cpu/cpu0/cache/index1/level
[02:24:34] [main/DEBUG] (oshi.util.FileUtil) Reading file /sys/devices/system/cpu/cpu0/cache/index1/type
[02:24:34] [main/DEBUG] (oshi.util.FileUtil) Reading file /sys/devices/system/cpu/cpu0/cache/index1/type
[02:24:34] [main/DEBUG] (oshi.util.FileUtil) Reading file /sys/devices/system/cpu/cpu0/cache/index1/ways_of_associativity
[02:24:34] [main/DEBUG] (oshi.util.FileUtil) Reading file /sys/devices/system/cpu/cpu0/cache/index1/ways_of_associativity
[02:24:34] [main/DEBUG] (oshi.util.FileUtil) Reading file /sys/devices/system/cpu/cpu0/cache/index1/coherency_line_size
[02:24:34] [main/DEBUG] (oshi.util.FileUtil) Reading file /sys/devices/system/cpu/cpu0/cache/index1/coherency_line_size
[02:24:34] [main/DEBUG] (oshi.util.FileUtil) Reading file /sys/devices/system/cpu/cpu0/cache/index1/size
[02:24:34] [main/DEBUG] (oshi.util.FileUtil) Reading file /sys/devices/system/cpu/cpu0/cache/index1/size
[02:24:34] [main/DEBUG] (oshi.util.FileUtil) Reading file /sys/devices/system/cpu/cpu1/topology/core_id
[02:24:34] [main/DEBUG] (oshi.util.FileUtil) Reading file /sys/devices/system/cpu/cpu1/topology/core_id
[02:24:34] [main/DEBUG] (oshi.util.FileUtil) Reading file /sys/devices/system/cpu/cpu1/topology/physical_package_id
[02:24:34] [main/DEBUG] (oshi.util.FileUtil) Reading file /sys/devices/system/cpu/cpu1/topology/physical_package_id
[02:24:34] [main/DEBUG] (oshi.util.FileUtil) Reading file /sys/devices/system/cpu/cpu1/cpu_capacity
[02:24:34] [main/DEBUG] (oshi.util.FileUtil) Reading file /sys/devices/system/cpu/cpu1/cpu_capacity
[02:24:34] [main/DEBUG] (oshi.util.FileUtil) Reading file /sys/devices/system/cpu/cpu1/cache/index2/level
[02:24:34] [main/DEBUG] (oshi.util.FileUtil) Reading file /sys/devices/system/cpu/cpu1/cache/index2/level
[02:24:34] [main/DEBUG] (oshi.util.FileUtil) Reading file /sys/devices/system/cpu/cpu1/cache/index2/type
[02:24:34] [main/DEBUG] (oshi.util.FileUtil) Reading file /sys/devices/system/cpu/cpu1/cache/index2/type
[02:24:34] [main/DEBUG] (oshi.util.FileUtil) Reading file /sys/devices/system/cpu/cpu1/cache/index2/ways_of_associativity
[02:24:34] [main/DEBUG] (oshi.util.FileUtil) Reading file /sys/devices/system/cpu/cpu1/cache/index2/ways_of_associativity
[02:24:34] [main/DEBUG] (oshi.util.FileUtil) Reading file /sys/devices/system/cpu/cpu1/cache/index2/coherency_line_size
[02:24:34] [main/DEBUG] (oshi.util.FileUtil) Reading file /sys/devices/system/cpu/cpu1/cache/index2/coherency_line_size
[02:24:34] [main/DEBUG] (oshi.util.FileUtil) Reading file /sys/devices/system/cpu/cpu1/cache/index2/size
[02:24:34] [main/DEBUG] (oshi.util.FileUtil) Reading file /sys/devices/system/cpu/cpu1/cache/index2/size
[02:24:34] [main/DEBUG] (oshi.util.FileUtil) Reading file /sys/devices/system/cpu/cpu1/cache/index0/level
[02:24:34] [main/DEBUG] (oshi.util.FileUtil) Reading file /sys/devices/system/cpu/cpu1/cache/index0/level
[02:24:34] [main/DEBUG] (oshi.util.FileUtil) Reading file /sys/devices/system/cpu/cpu1/cache/index0/type
[02:24:34] [main/DEBUG] (oshi.util.FileUtil) Reading file /sys/devices/system/cpu/cpu1/cache/index0/type
[02:24:34] [main/DEBUG] (oshi.util.FileUtil) Reading file /sys/devices/system/cpu/cpu1/cache/index0/ways_of_associativity
[02:24:34] [main/DEBUG] (oshi.util.FileUtil) Reading file /sys/devices/system/cpu/cpu1/cache/index0/ways_of_associativity
[02:24:34] [main/DEBUG] (oshi.util.FileUtil) Reading file /sys/devices/system/cpu/cpu1/cache/index0/coherency_line_size
[02:24:34] [main/DEBUG] (oshi.util.FileUtil) Reading file /sys/devices/system/cpu/cpu1/cache/index0/coherency_line_size
[02:24:34] [main/DEBUG] (oshi.util.FileUtil) Reading file /sys/devices/system/cpu/cpu1/cache/index0/size
[02:24:34] [main/DEBUG] (oshi.util.FileUtil) Reading file /sys/devices/system/cpu/cpu1/cache/index0/size
[02:24:34] [main/DEBUG] (oshi.util.FileUtil) Reading file /sys/devices/system/cpu/cpu1/cache/index3/level
[02:24:34] [main/DEBUG] (oshi.util.FileUtil) Reading file /sys/devices/system/cpu/cpu1/cache/index3/level
[02:24:34] [main/DEBUG] (oshi.util.FileUtil) Reading file /sys/devices/system/cpu/cpu1/cache/index3/type
[02:24:34] [main/DEBUG] (oshi.util.FileUtil) Reading file /sys/devices/system/cpu/cpu1/cache/index3/type
[02:24:34] [main/DEBUG] (oshi.util.FileUtil) Reading file /sys/devices/system/cpu/cpu1/cache/index3/ways_of_associativity
[02:24:34] [main/DEBUG] (oshi.util.FileUtil) Reading file /sys/devices/system/cpu/cpu1/cache/index3/ways_of_associativity
[02:24:34] [main/DEBUG] (oshi.util.FileUtil) Reading file /sys/devices/system/cpu/cpu1/cache/index3/coherency_line_size
[02:24:34] [main/DEBUG] (oshi.util.FileUtil) Reading file /sys/devices/system/cpu/cpu1/cache/index3/coherency_line_size
[02:24:34] [main/DEBUG] (oshi.util.FileUtil) Reading file /sys/devices/system/cpu/cpu1/cache/index3/size
[02:24:34] [main/DEBUG] (oshi.util.FileUtil) Reading file /sys/devices/system/cpu/cpu1/cache/index3/size
[02:24:34] [main/DEBUG] (oshi.util.FileUtil) Reading file /sys/devices/system/cpu/cpu1/cache/index1/level
[02:24:34] [main/DEBUG] (oshi.util.FileUtil) Reading file /sys/devices/system/cpu/cpu1/cache/index1/level
[02:24:34] [main/DEBUG] (oshi.util.FileUtil) Reading file /sys/devices/system/cpu/cpu1/cache/index1/type
[02:24:34] [main/DEBUG] (oshi.util.FileUtil) Reading file /sys/devices/system/cpu/cpu1/cache/index1/type
[02:24:34] [main/DEBUG] (oshi.util.FileUtil) Reading file /sys/devices/system/cpu/cpu1/cache/index1/ways_of_associativity
[02:24:34] [main/DEBUG] (oshi.util.FileUtil) Reading file /sys/devices/system/cpu/cpu1/cache/index1/ways_of_associativity
[02:24:34] [main/DEBUG] (oshi.util.FileUtil) Reading file /sys/devices/system/cpu/cpu1/cache/index1/coherency_line_size
[02:24:34] [main/DEBUG] (oshi.util.FileUtil) Reading file /sys/devices/system/cpu/cpu1/cache/index1/coherency_line_size
[02:24:34] [main/DEBUG] (oshi.util.FileUtil) Reading file /sys/devices/system/cpu/cpu1/cache/index1/size
[02:24:34] [main/DEBUG] (oshi.util.FileUtil) Reading file /sys/devices/system/cpu/cpu1/cache/index1/size
[02:24:34] [main/DEBUG] (oshi.util.FileUtil) Reading file /sys/devices/system/cpu/cpu2/topology/core_id
[02:24:34] [main/DEBUG] (oshi.util.FileUtil) Reading file /sys/devices/system/cpu/cpu2/topology/core_id
[02:24:34] [main/DEBUG] (oshi.util.FileUtil) Reading file /sys/devices/system/cpu/cpu2/topology/physical_package_id
[02:24:34] [main/DEBUG] (oshi.util.FileUtil) Reading file /sys/devices/system/cpu/cpu2/topology/physical_package_id
[02:24:34] [main/DEBUG] (oshi.util.FileUtil) Reading file /sys/devices/system/cpu/cpu2/cpu_capacity
[02:24:34] [main/DEBUG] (oshi.util.FileUtil) Reading file /sys/devices/system/cpu/cpu2/cpu_capacity
[02:24:34] [main/DEBUG] (oshi.util.FileUtil) Reading file /sys/devices/system/cpu/cpu2/cache/index2/level
[02:24:34] [main/DEBUG] (oshi.util.FileUtil) Reading file /sys/devices/system/cpu/cpu2/cache/index2/level
[02:24:34] [main/DEBUG] (oshi.util.FileUtil) Reading file /sys/devices/system/cpu/cpu2/cache/index2/type
[02:24:34] [main/DEBUG] (oshi.util.FileUtil) Reading file /sys/devices/system/cpu/cpu2/cache/index2/type
[02:24:34] [main/DEBUG] (oshi.util.FileUtil) Reading file /sys/devices/system/cpu/cpu2/cache/index2/ways_of_associativity
[02:24:34] [main/DEBUG] (oshi.util.FileUtil) Reading file /sys/devices/system/cpu/cpu2/cache/index2/ways_of_associativity
[02:24:34] [main/DEBUG] (oshi.util.FileUtil) Reading file /sys/devices/system/cpu/cpu2/cache/index2/coherency_line_size
[02:24:34] [main/DEBUG] (oshi.util.FileUtil) Reading file /sys/devices/system/cpu/cpu2/cache/index2/coherency_line_size
[02:24:34] [main/DEBUG] (oshi.util.FileUtil) Reading file /sys/devices/system/cpu/cpu2/cache/index2/size
[02:24:34] [main/DEBUG] (oshi.util.FileUtil) Reading file /sys/devices/system/cpu/cpu2/cache/index2/size
[02:24:34] [main/DEBUG] (oshi.util.FileUtil) Reading file /sys/devices/system/cpu/cpu2/cache/index0/level
[02:24:34] [main/DEBUG] (oshi.util.FileUtil) Reading file /sys/devices/system/cpu/cpu2/cache/index0/level
[02:24:34] [main/DEBUG] (oshi.util.FileUtil) Reading file /sys/devices/system/cpu/cpu2/cache/index0/type
[02:24:34] [main/DEBUG] (oshi.util.FileUtil) Reading file /sys/devices/system/cpu/cpu2/cache/index0/type
[02:24:34] [main/DEBUG] (oshi.util.FileUtil) Reading file /sys/devices/system/cpu/cpu2/cache/index0/ways_of_associativity
[02:24:34] [main/DEBUG] (oshi.util.FileUtil) Reading file /sys/devices/system/cpu/cpu2/cache/index0/ways_of_associativity
[02:24:34] [main/DEBUG] (oshi.util.FileUtil) Reading file /sys/devices/system/cpu/cpu2/cache/index0/coherency_line_size
[02:24:34] [main/DEBUG] (oshi.util.FileUtil) Reading file /sys/devices/system/cpu/cpu2/cache/index0/coherency_line_size
[02:24:34] [main/DEBUG] (oshi.util.FileUtil) Reading file /sys/devices/system/cpu/cpu2/cache/index0/size
[02:24:34] [main/DEBUG] (oshi.util.FileUtil) Reading file /sys/devices/system/cpu/cpu2/cache/index0/size
[02:24:34] [main/DEBUG] (oshi.util.FileUtil) Reading file /sys/devices/system/cpu/cpu2/cache/index3/level
[02:24:34] [main/DEBUG] (oshi.util.FileUtil) Reading file /sys/devices/system/cpu/cpu2/cache/index3/level
[02:24:34] [main/DEBUG] (oshi.util.FileUtil) Reading file /sys/devices/system/cpu/cpu2/cache/index3/type
[02:24:34] [main/DEBUG] (oshi.util.FileUtil) Reading file /sys/devices/system/cpu/cpu2/cache/index3/type
[02:24:34] [main/DEBUG] (oshi.util.FileUtil) Reading file /sys/devices/system/cpu/cpu2/cache/index3/ways_of_associativity
[02:24:34] [main/DEBUG] (oshi.util.FileUtil) Reading file /sys/devices/system/cpu/cpu2/cache/index3/ways_of_associativity
[02:24:34] [main/DEBUG] (oshi.util.FileUtil) Reading file /sys/devices/system/cpu/cpu2/cache/index3/coherency_line_size
[02:24:34] [main/DEBUG] (oshi.util.FileUtil) Reading file /sys/devices/system/cpu/cpu2/cache/index3/coherency_line_size
[02:24:34] [main/DEBUG] (oshi.util.FileUtil) Reading file /sys/devices/system/cpu/cpu2/cache/index3/size
[02:24:34] [main/DEBUG] (oshi.util.FileUtil) Reading file /sys/devices/system/cpu/cpu2/cache/index3/size
[02:24:34] [main/DEBUG] (oshi.util.FileUtil) Reading file /sys/devices/system/cpu/cpu2/cache/index1/level
[02:24:34] [main/DEBUG] (oshi.util.FileUtil) Reading file /sys/devices/system/cpu/cpu2/cache/index1/level
[02:24:34] [main/DEBUG] (oshi.util.FileUtil) Reading file /sys/devices/system/cpu/cpu2/cache/index1/type
[02:24:34] [main/DEBUG] (oshi.util.FileUtil) Reading file /sys/devices/system/cpu/cpu2/cache/index1/type
[02:24:34] [main/DEBUG] (oshi.util.FileUtil) Reading file /sys/devices/system/cpu/cpu2/cache/index1/ways_of_associativity
[02:24:34] [main/DEBUG] (oshi.util.FileUtil) Reading file /sys/devices/system/cpu/cpu2/cache/index1/ways_of_associativity
[02:24:34] [main/DEBUG] (oshi.util.FileUtil) Reading file /sys/devices/system/cpu/cpu2/cache/index1/coherency_line_size
[02:24:34] [main/DEBUG] (oshi.util.FileUtil) Reading file /sys/devices/system/cpu/cpu2/cache/index1/coherency_line_size
[02:24:34] [main/DEBUG] (oshi.util.FileUtil) Reading file /sys/devices/system/cpu/cpu2/cache/index1/size
[02:24:34] [main/DEBUG] (oshi.util.FileUtil) Reading file /sys/devices/system/cpu/cpu2/cache/index1/size
[02:24:34] [main/DEBUG] (oshi.util.FileUtil) Reading file /sys/devices/system/cpu/cpu3/topology/core_id
[02:24:34] [main/DEBUG] (oshi.util.FileUtil) Reading file /sys/devices/system/cpu/cpu3/topology/core_id
[02:24:34] [main/DEBUG] (oshi.util.FileUtil) Reading file /sys/devices/system/cpu/cpu3/topology/physical_package_id
[02:24:34] [main/DEBUG] (oshi.util.FileUtil) Reading file /sys/devices/system/cpu/cpu3/topology/physical_package_id
[02:24:34] [main/DEBUG] (oshi.util.FileUtil) Reading file /sys/devices/system/cpu/cpu3/cpu_capacity
[02:24:34] [main/DEBUG] (oshi.util.FileUtil) Reading file /sys/devices/system/cpu/cpu3/cpu_capacity
[02:24:34] [main/DEBUG] (oshi.util.FileUtil) Reading file /sys/devices/system/cpu/cpu3/cache/index2/level
[02:24:34] [main/DEBUG] (oshi.util.FileUtil) Reading file /sys/devices/system/cpu/cpu3/cache/index2/level
[02:24:34] [main/DEBUG] (oshi.util.FileUtil) Reading file /sys/devices/system/cpu/cpu3/cache/index2/type
[02:24:34] [main/DEBUG] (oshi.util.FileUtil) Reading file /sys/devices/system/cpu/cpu3/cache/index2/type
[02:24:34] [main/DEBUG] (oshi.util.FileUtil) Reading file /sys/devices/system/cpu/cpu3/cache/index2/ways_of_associativity
[02:24:34] [main/DEBUG] (oshi.util.FileUtil) Reading file /sys/devices/system/cpu/cpu3/cache/index2/ways_of_associativity
[02:24:34] [main/DEBUG] (oshi.util.FileUtil) Reading file /sys/devices/system/cpu/cpu3/cache/index2/coherency_line_size
[02:24:34] [main/DEBUG] (oshi.util.FileUtil) Reading file /sys/devices/system/cpu/cpu3/cache/index2/coherency_line_size
[02:24:34] [main/DEBUG] (oshi.util.FileUtil) Reading file /sys/devices/system/cpu/cpu3/cache/index2/size
[02:24:34] [main/DEBUG] (oshi.util.FileUtil) Reading file /sys/devices/system/cpu/cpu3/cache/index2/size
[02:24:34] [main/DEBUG] (oshi.util.FileUtil) Reading file /sys/devices/system/cpu/cpu3/cache/index0/level
[02:24:34] [main/DEBUG] (oshi.util.FileUtil) Reading file /sys/devices/system/cpu/cpu3/cache/index0/level
[02:24:34] [main/DEBUG] (oshi.util.FileUtil) Reading file /sys/devices/system/cpu/cpu3/cache/index0/type
[02:24:34] [main/DEBUG] (oshi.util.FileUtil) Reading file /sys/devices/system/cpu/cpu3/cache/index0/type
[02:24:34] [main/DEBUG] (oshi.util.FileUtil) Reading file /sys/devices/system/cpu/cpu3/cache/index0/ways_of_associativity
[02:24:34] [main/DEBUG] (oshi.util.FileUtil) Reading file /sys/devices/system/cpu/cpu3/cache/index0/ways_of_associativity
[02:24:34] [main/DEBUG] (oshi.util.FileUtil) Reading file /sys/devices/system/cpu/cpu3/cache/index0/coherency_line_size
[02:24:34] [main/DEBUG] (oshi.util.FileUtil) Reading file /sys/devices/system/cpu/cpu3/cache/index0/coherency_line_size
[02:24:34] [main/DEBUG] (oshi.util.FileUtil) Reading file /sys/devices/system/cpu/cpu3/cache/index0/size
[02:24:34] [main/DEBUG] (oshi.util.FileUtil) Reading file /sys/devices/system/cpu/cpu3/cache/index0/size
[02:24:34] [main/DEBUG] (oshi.util.FileUtil) Reading file /sys/devices/system/cpu/cpu3/cache/index3/level
[02:24:34] [main/DEBUG] (oshi.util.FileUtil) Reading file /sys/devices/system/cpu/cpu3/cache/index3/level
[02:24:34] [main/DEBUG] (oshi.util.FileUtil) Reading file /sys/devices/system/cpu/cpu3/cache/index3/type
[02:24:34] [main/DEBUG] (oshi.util.FileUtil) Reading file /sys/devices/system/cpu/cpu3/cache/index3/type
[02:24:34] [main/DEBUG] (oshi.util.FileUtil) Reading file /sys/devices/system/cpu/cpu3/cache/index3/ways_of_associativity
[02:24:34] [main/DEBUG] (oshi.util.FileUtil) Reading file /sys/devices/system/cpu/cpu3/cache/index3/ways_of_associativity
[02:24:34] [main/DEBUG] (oshi.util.FileUtil) Reading file /sys/devices/system/cpu/cpu3/cache/index3/coherency_line_size
[02:24:34] [main/DEBUG] (oshi.util.FileUtil) Reading file /sys/devices/system/cpu/cpu3/cache/index3/coherency_line_size
[02:24:34] [main/DEBUG] (oshi.util.FileUtil) Reading file /sys/devices/system/cpu/cpu3/cache/index3/size
[02:24:34] [main/DEBUG] (oshi.util.FileUtil) Reading file /sys/devices/system/cpu/cpu3/cache/index3/size
[02:24:34] [main/DEBUG] (oshi.util.FileUtil) Reading file /sys/devices/system/cpu/cpu3/cache/index1/level
[02:24:34] [main/DEBUG] (oshi.util.FileUtil) Reading file /sys/devices/system/cpu/cpu3/cache/index1/level
[02:24:34] [main/DEBUG] (oshi.util.FileUtil) Reading file /sys/devices/system/cpu/cpu3/cache/index1/type
[02:24:34] [main/DEBUG] (oshi.util.FileUtil) Reading file /sys/devices/system/cpu/cpu3/cache/index1/type
[02:24:34] [main/DEBUG] (oshi.util.FileUtil) Reading file /sys/devices/system/cpu/cpu3/cache/index1/ways_of_associativity
[02:24:34] [main/DEBUG] (oshi.util.FileUtil) Reading file /sys/devices/system/cpu/cpu3/cache/index1/ways_of_associativity
[02:24:34] [main/DEBUG] (oshi.util.FileUtil) Reading file /sys/devices/system/cpu/cpu3/cache/index1/coherency_line_size
[02:24:34] [main/DEBUG] (oshi.util.FileUtil) Reading file /sys/devices/system/cpu/cpu3/cache/index1/coherency_line_size
[02:24:34] [main/DEBUG] (oshi.util.FileUtil) Reading file /sys/devices/system/cpu/cpu3/cache/index1/size
[02:24:34] [main/DEBUG] (oshi.util.FileUtil) Reading file /sys/devices/system/cpu/cpu3/cache/index1/size
[02:24:34] [main/DEBUG] (oshi.util.FileUtil) Reading file /proc/cpuinfo
[02:24:34] [main/DEBUG] (oshi.util.FileUtil) Reading file /proc/self/auxv
[02:24:34] [main/DEBUG] (oshi.util.FileUtil) Reading file /proc/meminfo
[02:24:34] [main/DEBUG] (oshi.util.FileUtil) Reading file /proc/meminfo
[02:24:34] [main/DEBUG] (FabricLoader/Mixin) Mixing BootstrapMixin from fabric-registry-sync-v0.mixins.json into net.minecraft.Bootstrap
[02:24:34] [main/DEBUG] (FabricLoader/Mixin) fabric-registry-sync-v0.mixins.json:BootstrapMixin from mod fabric-registry-sync-v0: Class version 65 required is higher than the class version supported by the current version of Mixin (JAVA_17 supports class version 61)
[02:24:34] [main/DEBUG] (FabricLoader/Mixin) Renaming synthetic method lambda$initialize$1(Lnet/minecraft/fluid/Fluid;)Ljava/util/Collection; to md13010e$fabric-registry-sync-v0$lambda$initialize$1$0 in fabric-registry-sync-v0.mixins.json:BootstrapMixin from mod fabric-registry-sync-v0
[02:24:34] [main/DEBUG] (FabricLoader/Mixin) Renaming synthetic method lambda$initialize$0(Lnet/minecraft/block/Block;)Ljava/util/Collection; to md13010e$fabric-registry-sync-v0$lambda$initialize$0$1 in fabric-registry-sync-v0.mixins.json:BootstrapMixin from mod fabric-registry-sync-v0
[02:24:34] [main/DEBUG] (FabricLoader/Mixin) fabric-registry-sync-v0.mixins.json:BootstrapMixin from mod fabric-registry-sync-v0->@Inject::initialize(Lorg/spongepowered/asm/mixin/injection/callback/CallbackInfo;)V doesn't use it's CallbackInfo
[02:24:34] [main/DEBUG] (FabricLoader/Mixin) Mixing RegistryMixin from fabric-registry-sync-v0.mixins.json into net.minecraft.registry.Registry
[02:24:34] [main/DEBUG] (FabricLoader/Mixin) fabric-registry-sync-v0.mixins.json:RegistryMixin from mod fabric-registry-sync-v0: Class version 65 required is higher than the class version supported by the current version of Mixin (JAVA_17 supports class version 61)
[02:24:34] [main/DEBUG] (FabricLoader/Mixin) Mixing RegistriesAccessor from fabric-registry-sync-v0.mixins.json into net.minecraft.registry.Registries
[02:24:34] [main/DEBUG] (FabricLoader/Mixin) fabric-registry-sync-v0.mixins.json:RegistriesAccessor from mod fabric-registry-sync-v0: Class version 65 required is higher than the class version supported by the current version of Mixin (JAVA_17 supports class version 61)
[02:24:34] [main/DEBUG] (FabricLoader/Mixin) Renaming @Accessor method getROOT()Lnet/minecraft/registry/MutableRegistry; to getROOT$fabric-registry-sync-v0_$md$13010e$0 in fabric-registry-sync-v0.mixins.json:RegistriesAccessor from mod fabric-registry-sync-v0
[02:24:34] [main/DEBUG] (FabricLoader/Mixin) Mixing RegistriesMixin from fabric-registry-sync-v0.mixins.json into net.minecraft.registry.Registries
[02:24:34] [main/DEBUG] (FabricLoader/Mixin) fabric-registry-sync-v0.mixins.json:RegistriesMixin from mod fabric-registry-sync-v0: Class version 65 required is higher than the class version supported by the current version of Mixin (JAVA_17 supports class version 61)
[02:24:34] [main/DEBUG] (FabricLoader/Mixin) Mixing RegistriesMixin from fabric-item-api-v1.mixins.json into net.minecraft.registry.Registries
[02:24:34] [main/DEBUG] (FabricLoader/Mixin) fabric-item-api-v1.mixins.json:RegistriesMixin from mod fabric-item-api-v1: Class version 65 required is higher than the class version supported by the current version of Mixin (JAVA_17 supports class version 61)
[02:24:34] [main/DEBUG] (FabricLoader/Mixin) fabric-registry-sync-v0.mixins.json:RegistriesMixin from mod fabric-registry-sync-v0->@Inject::init(Lorg/spongepowered/asm/mixin/injection/callback/CallbackInfo;)V does use it's CallbackInfo
[02:24:34] [main/DEBUG] (FabricLoader/Mixin) fabric-item-api-v1.mixins.json:RegistriesMixin from mod fabric-item-api-v1->@Inject::modifyDefaultItemComponents(Lorg/spongepowered/asm/mixin/injection/callback/CallbackInfo;)V doesn't use it's CallbackInfo
[02:24:34] [main/DEBUG] (FabricLoader/Mixin) Mixing SimpleRegistryAccessor from fabric-registry-sync-v0.mixins.json into net.minecraft.registry.SimpleRegistry
[02:24:34] [main/DEBUG] (FabricLoader/Mixin) fabric-registry-sync-v0.mixins.json:SimpleRegistryAccessor from mod fabric-registry-sync-v0: Class version 65 required is higher than the class version supported by the current version of Mixin (JAVA_17 supports class version 61)
[02:24:34] [main/DEBUG] (FabricLoader/Mixin) Mixing SimpleRegistryMixin from fabric-registry-sync-v0.mixins.json into net.minecraft.registry.SimpleRegistry
[02:24:34] [main/DEBUG] (FabricLoader/Mixin) fabric-registry-sync-v0.mixins.json:SimpleRegistryMixin from mod fabric-registry-sync-v0: Class version 65 required is higher than the class version supported by the current version of Mixin (JAVA_17 supports class version 61)
[02:24:34] [main/DEBUG] (FabricLoader/Mixin) Renaming synthetic method lambda$init$4([Lnet/fabricmc/fabric/api/event/registry/RegistryIdRemapCallback;)Lnet/fabricmc/fabric/api/event/registry/RegistryIdRemapCallback; to md13010e$fabric-registry-sync-v0$lambda$init$4$0 in fabric-registry-sync-v0.mixins.json:SimpleRegistryMixin from mod fabric-registry-sync-v0
[02:24:34] [main/DEBUG] (FabricLoader/Mixin) Renaming synthetic method lambda$init$3([Lnet/fabricmc/fabric/api/event/registry/RegistryIdRemapCallback;Lnet/fabricmc/fabric/api/event/registry/RegistryIdRemapCallback$RemapState;)V to md13010e$fabric-registry-sync-v0$lambda$init$3$1 in fabric-registry-sync-v0.mixins.json:SimpleRegistryMixin from mod fabric-registry-sync-v0
[02:24:34] [main/DEBUG] (FabricLoader/Mixin) Renaming synthetic method lambda$init$2(ILnet/minecraft/util/Identifier;Ljava/lang/Object;)V to md13010e$fabric-registry-sync-v0$lambda$init$2$2 in fabric-registry-sync-v0.mixins.json:SimpleRegistryMixin from mod fabric-registry-sync-v0
[02:24:34] [main/DEBUG] (FabricLoader/Mixin) Renaming synthetic method lambda$init$1([Lnet/fabricmc/fabric/api/event/registry/RegistryEntryAddedCallback;)Lnet/fabricmc/fabric/api/event/registry/RegistryEntryAddedCallback; to md13010e$fabric-registry-sync-v0$lambda$init$1$3 in fabric-registry-sync-v0.mixins.json:SimpleRegistryMixin from mod fabric-registry-sync-v0
[02:24:34] [main/DEBUG] (FabricLoader/Mixin) Renaming synthetic method lambda$init$0([Lnet/fabricmc/fabric/api/event/registry/RegistryEntryAddedCallback;ILnet/minecraft/util/Identifier;Ljava/lang/Object;)V to md13010e$fabric-registry-sync-v0$lambda$init$0$4 in fabric-registry-sync-v0.mixins.json:SimpleRegistryMixin from mod fabric-registry-sync-v0
[02:24:34] [main/DEBUG] (FabricLoader/Mixin) Renaming @Unique field LOGGERLorg/slf4j/Logger; to fd13010e$fabric-registry-sync-v0$LOGGER$0 in fabric-registry-sync-v0.mixins.json:SimpleRegistryMixin from mod fabric-registry-sync-v0
[02:24:34] [main/DEBUG] (FabricLoader/Mixin) fabric-registry-sync-v0.mixins.json:SimpleRegistryMixin from mod fabric-registry-sync-v0->@Inject::init(Lnet/minecraft/registry/RegistryKey;Lcom/mojang/serialization/Lifecycle;ZLorg/spongepowered/asm/mixin/injection/callback/CallbackInfo;)V doesn't use it's CallbackInfo
[02:24:34] [main/DEBUG] (FabricLoader/Mixin) fabric-registry-sync-v0.mixins.json:SimpleRegistryMixin from mod fabric-registry-sync-v0->@Inject::init(Lnet/minecraft/registry/RegistryKey;Lcom/mojang/serialization/Lifecycle;ZLorg/spongepowered/asm/mixin/injection/callback/CallbackInfo;)V has 0 override(s) in child classes
[02:24:34] [main/DEBUG] (FabricLoader/Mixin) fabric-registry-sync-v0.mixins.json:SimpleRegistryMixin from mod fabric-registry-sync-v0->@Inject::init(Lnet/minecraft/registry/RegistryKey;Lcom/mojang/serialization/Lifecycle;ZLorg/spongepowered/asm/mixin/injection/callback/CallbackInfo;)V won't be passed a CallbackInfo as a result
[02:24:34] [main/DEBUG] (FabricLoader/Mixin) fabric-registry-sync-v0.mixins.json:SimpleRegistryMixin from mod fabric-registry-sync-v0->@Inject::set(Lnet/minecraft/registry/RegistryKey;Ljava/lang/Object;Lnet/minecraft/registry/entry/RegistryEntryInfo;Lorg/spongepowered/asm/mixin/injection/callback/CallbackInfoReturnable;)V does use it's CallbackInfoReturnable
[02:24:34] [main/DEBUG] (FabricLoader/Mixin) Mixing RegistryKeysMixin from fabric-registry-sync-v0.mixins.json into net.minecraft.registry.RegistryKeys
[02:24:34] [main/DEBUG] (FabricLoader/Mixin) fabric-registry-sync-v0.mixins.json:RegistryKeysMixin from mod fabric-registry-sync-v0: Class version 65 required is higher than the class version supported by the current version of Mixin (JAVA_17 supports class version 61)
[02:24:34] [main/DEBUG] (FabricLoader/Mixin) Mixing ArgumentTypesMixin from fabric-gametest-api-v1.mixins.json into net.minecraft.command.argument.ArgumentTypes
[02:24:34] [main/DEBUG] (FabricLoader/Mixin) fabric-gametest-api-v1.mixins.json:ArgumentTypesMixin from mod fabric-gametest-api-v1: Class version 65 required is higher than the class version supported by the current version of Mixin (JAVA_17 supports class version 61)
[02:24:34] [main/DEBUG] (FabricLoader/Mixin) Mixing ArgumentTypesAccessor from fabric-command-api-v2.mixins.json into net.minecraft.command.argument.ArgumentTypes
[02:24:34] [main/DEBUG] (FabricLoader/Mixin) fabric-command-api-v2.mixins.json:ArgumentTypesAccessor from mod fabric-command-api-v2: Class version 65 required is higher than the class version supported by the current version of Mixin (JAVA_17 supports class version 61)
[02:24:34] [main/DEBUG] (FabricLoader/Mixin) Renaming @Accessor method fabric_getClassMap()Ljava/util/Map; to fabric_getClassMap$fabric-command-api-v2_$md$13010e$0 in fabric-command-api-v2.mixins.json:ArgumentTypesAccessor from mod fabric-command-api-v2
[02:24:34] [main/DEBUG] (FabricLoader/Mixin) fabric-gametest-api-v1.mixins.json:ArgumentTypesMixin from mod fabric-gametest-api-v1->@Inject::register(Lnet/minecraft/registry/Registry;Lorg/spongepowered/asm/mixin/injection/callback/CallbackInfoReturnable;)V doesn't use it's CallbackInfoReturnable
[02:24:34] [main/DEBUG] (FabricLoader/Mixin) Mixing ItemGroupsMixin from fabric-item-group-api-v1.mixins.json into net.minecraft.item.ItemGroups
[02:24:34] [main/DEBUG] (FabricLoader/Mixin) fabric-item-group-api-v1.mixins.json:ItemGroupsMixin from mod fabric-item-group-api-v1: Class version 65 required is higher than the class version supported by the current version of Mixin (JAVA_17 supports class version 61)
[02:24:34] [main/DEBUG] (FabricLoader/Mixin) Renaming synthetic method lambda$paginateGroups$0(Lnet/minecraft/registry/entry/RegistryEntry$Reference;Lnet/minecraft/registry/entry/RegistryEntry$Reference;)I to md13010e$fabric-item-group-api-v1$lambda$paginateGroups$0$0 in fabric-item-group-api-v1.mixins.json:ItemGroupsMixin from mod fabric-item-group-api-v1
[02:24:34] [main/DEBUG] (FabricLoader/Mixin) fabric-item-group-api-v1.mixins.json:ItemGroupsMixin from mod fabric-item-group-api-v1->@Inject::deferDuplicateCheck(Lorg/spongepowered/asm/mixin/injection/callback/CallbackInfo;)V does use it's CallbackInfo
[02:24:34] [main/DEBUG] (FabricLoader/Mixin) fabric-item-group-api-v1.mixins.json:ItemGroupsMixin from mod fabric-item-group-api-v1->@Inject::paginateGroups(Lorg/spongepowered/asm/mixin/injection/callback/CallbackInfo;)V doesn't use it's CallbackInfo
[02:24:34] [main/DEBUG] (FabricLoader/Mixin) Mixing ItemGroupAccessor from fabric-item-group-api-v1.mixins.json into net.minecraft.item.ItemGroup
[02:24:34] [main/DEBUG] (FabricLoader/Mixin) fabric-item-group-api-v1.mixins.json:ItemGroupAccessor from mod fabric-item-group-api-v1: Class version 65 required is higher than the class version supported by the current version of Mixin (JAVA_17 supports class version 61)
[02:24:34] [main/DEBUG] (FabricLoader/Mixin) Mixing ItemGroupMixin from fabric-item-group-api-v1.mixins.json into net.minecraft.item.ItemGroup
[02:24:34] [main/DEBUG] (FabricLoader/Mixin) fabric-item-group-api-v1.mixins.json:ItemGroupMixin from mod fabric-item-group-api-v1: Class version 65 required is higher than the class version supported by the current version of Mixin (JAVA_17 supports class version 61)
[02:24:34] [main/DEBUG] (FabricLoader/Mixin) Renaming synthetic method lambda$getStacks$0(Lnet/minecraft/item/ItemGroup;)Ljava/lang/IllegalStateException; to md13010e$fabric-item-group-api-v1$lambda$getStacks$0$0 in fabric-item-group-api-v1.mixins.json:ItemGroupMixin from mod fabric-item-group-api-v1
[02:24:34] [main/DEBUG] (FabricLoader/Mixin) fabric-item-group-api-v1.mixins.json:ItemGroupMixin from mod fabric-item-group-api-v1->@Inject::getStacks(Lnet/minecraft/item/ItemGroup$DisplayContext;Lorg/spongepowered/asm/mixin/injection/callback/CallbackInfo;)V doesn't use it's CallbackInfo
[02:24:34] [main/DEBUG] (FabricLoader/Mixin) fabric-item-group-api-v1.mixins.json:ItemGroupMixin from mod fabric-item-group-api-v1->@Inject::getStacks(Lnet/minecraft/item/ItemGroup$DisplayContext;Lorg/spongepowered/asm/mixin/injection/callback/CallbackInfo;)V has 0 override(s) in child classes
[02:24:34] [main/DEBUG] (FabricLoader/Mixin) fabric-item-group-api-v1.mixins.json:ItemGroupMixin from mod fabric-item-group-api-v1->@Inject::getStacks(Lnet/minecraft/item/ItemGroup$DisplayContext;Lorg/spongepowered/asm/mixin/injection/callback/CallbackInfo;)V won't be passed a CallbackInfo as a result
[02:24:34] [main/DEBUG] (FabricLoader/Mixin) Mixing FireBlockMixin from fabric-content-registries-v0.mixins.json into net.minecraft.block.FireBlock
[02:24:34] [main/DEBUG] (FabricLoader/Mixin) fabric-content-registries-v0.mixins.json:FireBlockMixin from mod fabric-content-registries-v0: Class version 65 required is higher than the class version supported by the current version of Mixin (JAVA_17 supports class version 61)
[02:24:34] [main/DEBUG] (FabricLoader/Mixin) fabric-content-registries-v0.mixins.json:FireBlockMixin from mod fabric-content-registries-v0->@Inject::afterConstruct(Lnet/minecraft/block/AbstractBlock$Settings;Lorg/spongepowered/asm/mixin/injection/callback/CallbackInfo;)V doesn't use it's CallbackInfo
[02:24:34] [main/DEBUG] (FabricLoader/Mixin) fabric-content-registries-v0.mixins.json:FireBlockMixin from mod fabric-content-registries-v0->@Inject::afterConstruct(Lnet/minecraft/block/AbstractBlock$Settings;Lorg/spongepowered/asm/mixin/injection/callback/CallbackInfo;)V has 0 override(s) in child classes
[02:24:34] [main/DEBUG] (FabricLoader/Mixin) fabric-content-registries-v0.mixins.json:FireBlockMixin from mod fabric-content-registries-v0->@Inject::afterConstruct(Lnet/minecraft/block/AbstractBlock$Settings;Lorg/spongepowered/asm/mixin/injection/callback/CallbackInfo;)V won't be passed a CallbackInfo as a result
[02:24:34] [main/DEBUG] (FabricLoader/Mixin) fabric-content-registries-v0.mixins.json:FireBlockMixin from mod fabric-content-registries-v0->@Inject::getFabricBurnChance(Lnet/minecraft/block/BlockState;Lorg/spongepowered/asm/mixin/injection/callback/CallbackInfoReturnable;)V does use it's CallbackInfoReturnable
[02:24:34] [main/DEBUG] (FabricLoader/Mixin) fabric-content-registries-v0.mixins.json:FireBlockMixin from mod fabric-content-registries-v0->@Inject::getFabricSpreadChance(Lnet/minecraft/block/BlockState;Lorg/spongepowered/asm/mixin/injection/callback/CallbackInfoReturnable;)V does use it's CallbackInfoReturnable
[02:24:34] [main/DEBUG] (FabricLoader/Mixin) Mixing BlockMixin from fabric-block-api-v1.mixins.json into net.minecraft.block.Block
[02:24:34] [main/DEBUG] (FabricLoader/Mixin) fabric-block-api-v1.mixins.json:BlockMixin from mod fabric-block-api-v1: Class version 65 required is higher than the class version supported by the current version of Mixin (JAVA_17 supports class version 61)
[02:24:34] [main/DEBUG] (FabricLoader/Mixin) Mixing AbstractBlockAccessor from fabric-object-builder-v1.mixins.json into net.minecraft.block.AbstractBlock
[02:24:34] [main/DEBUG] (FabricLoader/Mixin) fabric-object-builder-v1.mixins.json:AbstractBlockAccessor from mod fabric-object-builder-api-v1: Class version 65 required is higher than the class version supported by the current version of Mixin (JAVA_17 supports class version 61)
[02:24:34] [main/DEBUG] (FabricLoader/Mixin) Mixing BlockViewMixin from fabric-block-view-api-v2.mixins.json into net.minecraft.world.BlockView
[02:24:34] [main/DEBUG] (FabricLoader/Mixin) fabric-block-view-api-v2.mixins.json:BlockViewMixin from mod fabric-block-view-api-v2: Class version 65 required is higher than the class version supported by the current version of Mixin (JAVA_17 supports class version 61)
[02:24:34] [main/DEBUG] (FabricLoader/Mixin) Mixing AttachmentTargetsMixin from fabric-data-attachment-api-v1.mixins.json into net.minecraft.entity.Entity
[02:24:34] [main/DEBUG] (FabricLoader/Mixin) fabric-data-attachment-api-v1.mixins.json:AttachmentTargetsMixin from mod fabric-data-attachment-api-v1: Class version 65 required is higher than the class version supported by the current version of Mixin (JAVA_17 supports class version 61)
[02:24:34] [main/DEBUG] (FabricLoader/Mixin) Renaming synthetic method lambda$fabric_readAttachmentsFromNbt$0(Lnet/minecraft/registry/RegistryWrapper$WrapperLookup;Lnet/fabricmc/fabric/api/attachment/v1/AttachmentType;Ljava/lang/Object;)V to md13010e$fabric-data-attachment-api-v1$lambda$fabric_readAttachmentsFromNbt$0$0 in fabric-data-attachment-api-v1.mixins.json:AttachmentTargetsMixin from mod fabric-data-attachment-api-v1
[02:24:34] [main/DEBUG] (FabricLoader/Mixin) Mixing EntityMixin from fabric-data-attachment-api-v1.mixins.json into net.minecraft.entity.Entity
[02:24:34] [main/DEBUG] (FabricLoader/Mixin) fabric-data-attachment-api-v1.mixins.json:EntityMixin from mod fabric-data-attachment-api-v1: Class version 65 required is higher than the class version supported by the current version of Mixin (JAVA_17 supports class version 61)
[02:24:34] [main/DEBUG] (FabricLoader/Mixin) Renaming synthetic method lambda$fabric_syncChange$0(Lnet/fabricmc/fabric/api/attachment/v1/AttachmentSyncPredicate;Lnet/fabricmc/fabric/impl/attachment/sync/s2c/AttachmentSyncPayloadS2C;Lnet/minecraft/server/network/ServerPlayerEntity;)V to md13010e$fabric-data-attachment-api-v1$lambda$fabric_syncChange$0$1 in fabric-data-attachment-api-v1.mixins.json:EntityMixin from mod fabric-data-attachment-api-v1
[02:24:34] [main/DEBUG] (FabricLoader/Mixin) Mixing EntityMixin from fabric-entity-events-v1.mixins.json into net.minecraft.entity.Entity
[02:24:34] [main/DEBUG] (FabricLoader/Mixin) fabric-entity-events-v1.mixins.json:EntityMixin from mod fabric-entity-events-v1: Class version 65 required is higher than the class version supported by the current version of Mixin (JAVA_17 supports class version 61)
[02:24:34] [main/DEBUG] (FabricLoader/Mixin) fabric-data-attachment-api-v1.mixins.json:EntityMixin from mod fabric-data-attachment-api-v1->@Inject::readEntityAttachments(Lnet/minecraft/nbt/NbtCompound;Lorg/spongepowered/asm/mixin/injection/callback/CallbackInfo;)V doesn't use it's CallbackInfo
[02:24:34] [main/DEBUG] (FabricLoader/Mixin) fabric-data-attachment-api-v1.mixins.json:EntityMixin from mod fabric-data-attachment-api-v1->@Inject::readEntityAttachments(Lnet/minecraft/nbt/NbtCompound;Lorg/spongepowered/asm/mixin/injection/callback/CallbackInfo;)V has 0 override(s) in child classes
[02:24:34] [main/DEBUG] (FabricLoader/Mixin) fabric-data-attachment-api-v1.mixins.json:EntityMixin from mod fabric-data-attachment-api-v1->@Inject::readEntityAttachments(Lnet/minecraft/nbt/NbtCompound;Lorg/spongepowered/asm/mixin/injection/callback/CallbackInfo;)V won't be passed a CallbackInfo as a result
[02:24:34] [main/DEBUG] (FabricLoader/Mixin) fabric-data-attachment-api-v1.mixins.json:EntityMixin from mod fabric-data-attachment-api-v1->@Inject::writeEntityAttachments(Lnet/minecraft/nbt/NbtCompound;Lorg/spongepowered/asm/mixin/injection/callback/CallbackInfoReturnable;)V doesn't use it's CallbackInfoReturnable
[02:24:34] [main/DEBUG] (FabricLoader/Mixin) fabric-data-attachment-api-v1.mixins.json:EntityMixin from mod fabric-data-attachment-api-v1->@Inject::writeEntityAttachments(Lnet/minecraft/nbt/NbtCompound;Lorg/spongepowered/asm/mixin/injection/callback/CallbackInfoReturnable;)V has 0 override(s) in child classes
[02:24:34] [main/DEBUG] (FabricLoader/Mixin) fabric-data-attachment-api-v1.mixins.json:EntityMixin from mod fabric-data-attachment-api-v1->@Inject::writeEntityAttachments(Lnet/minecraft/nbt/NbtCompound;Lorg/spongepowered/asm/mixin/injection/callback/CallbackInfoReturnable;)V won't be passed a CallbackInfoReturnable as a result
[02:24:34] [main/DEBUG] (FabricLoader/Mixin) fabric-entity-events-v1.mixins.json:EntityMixin from mod fabric-entity-events-v1->@Inject::afterWorldChanged(Lnet/minecraft/world/TeleportTarget;Lorg/spongepowered/asm/mixin/injection/callback/CallbackInfoReturnable;)V does use it's CallbackInfoReturnable
[02:24:34] [main/DEBUG] (FabricLoader/Mixin) fabric-entity-events-v1.mixins.json:EntityMixin from mod fabric-entity-events-v1->@Inject::afterWorldChanged(Lnet/minecraft/world/TeleportTarget;Lorg/spongepowered/asm/mixin/injection/callback/CallbackInfoReturnable;)V does use it's CallbackInfoReturnable
[02:24:34] [main/DEBUG] (FabricLoader/Mixin) fabric-entity-events-v1.mixins.json:EntityMixin from mod fabric-entity-events-v1->@Inject::afterEntityTeleportedToWorld(Lnet/minecraft/server/world/ServerWorld;DDDLjava/util/Set;FFLorg/spongepowered/asm/mixin/injection/callback/CallbackInfoReturnable;FLnet/minecraft/entity/Entity;)V doesn't use it's CallbackInfoReturnable
[02:24:34] [main/DEBUG] (FabricLoader/Mixin) fabric-entity-events-v1.mixins.json:EntityMixin from mod fabric-entity-events-v1->@Inject::afterEntityTeleportedToWorld(Lnet/minecraft/server/world/ServerWorld;DDDLjava/util/Set;FFLorg/spongepowered/asm/mixin/injection/callback/CallbackInfoReturnable;FLnet/minecraft/entity/Entity;)V has 0 override(s) in child classes
[02:24:34] [main/DEBUG] (FabricLoader/Mixin) fabric-entity-events-v1.mixins.json:EntityMixin from mod fabric-entity-events-v1->@Inject::afterEntityTeleportedToWorld(Lnet/minecraft/server/world/ServerWorld;DDDLjava/util/Set;FFLorg/spongepowered/asm/mixin/injection/callback/CallbackInfoReturnable;FLnet/minecraft/entity/Entity;)V won't be passed a CallbackInfoReturnable as a result
[02:24:34] [main/DEBUG] (FabricLoader/Mixin) Mixing PlayerEntityMixin from fabric-entity-events-v1.mixins.json into net.minecraft.entity.player.PlayerEntity
[02:24:34] [main/DEBUG] (FabricLoader/Mixin) fabric-entity-events-v1.mixins.json:PlayerEntityMixin from mod fabric-entity-events-v1: Class version 65 required is higher than the class version supported by the current version of Mixin (JAVA_17 supports class version 61)
[02:24:34] [main/DEBUG] (FabricLoader/Mixin) Mixing elytra.PlayerEntityMixin from fabric-entity-events-v1.mixins.json into net.minecraft.entity.player.PlayerEntity
[02:24:34] [main/DEBUG] (FabricLoader/Mixin) fabric-entity-events-v1.mixins.json:elytra.PlayerEntityMixin from mod fabric-entity-events-v1: Class version 65 required is higher than the class version supported by the current version of Mixin (JAVA_17 supports class version 61)
[02:24:34] [main/DEBUG] (FabricLoader/Mixin) fabric-entity-events-v1.mixins.json:PlayerEntityMixin from mod fabric-entity-events-v1->@Inject::onTrySleep(Lnet/minecraft/util/math/BlockPos;Lorg/spongepowered/asm/mixin/injection/callback/CallbackInfoReturnable;)V does use it's CallbackInfoReturnable
[02:24:34] [main/DEBUG] (FabricLoader/Mixin) fabric-entity-events-v1.mixins.json:PlayerEntityMixin from mod fabric-entity-events-v1->@Inject::onIsSleepingLongEnough(Lorg/spongepowered/asm/mixin/injection/callback/CallbackInfoReturnable;)V does use it's CallbackInfoReturnable
[02:24:34] [main/DEBUG] (FabricLoader/Mixin) fabric-entity-events-v1.mixins.json:elytra.PlayerEntityMixin from mod fabric-entity-events-v1->@Inject::injectElytraCheck(Lorg/spongepowered/asm/mixin/injection/callback/CallbackInfoReturnable;)V does use it's CallbackInfoReturnable
[02:24:34] [main/DEBUG] (FabricLoader/Mixin) Mixing LivingEntityMixin from fabric-item-api-v1.mixins.json into net.minecraft.entity.LivingEntity
[02:24:34] [main/DEBUG] (FabricLoader/Mixin) fabric-item-api-v1.mixins.json:LivingEntityMixin from mod fabric-item-api-v1: Class version 65 required is higher than the class version supported by the current version of Mixin (JAVA_17 supports class version 61)
[02:24:34] [main/DEBUG] (FabricLoader/Mixin) Mixing LivingEntityDamageMixin from svframelibfabric.mixins.json into net.minecraft.entity.LivingEntity
[02:24:34] [main/DEBUG] (FabricLoader/Mixin) Mixing LivingEntityMixin from fabric-lifecycle-events-v1.mixins.json into net.minecraft.entity.LivingEntity
[02:24:34] [main/DEBUG] (FabricLoader/Mixin) fabric-lifecycle-events-v1.mixins.json:LivingEntityMixin from mod fabric-lifecycle-events-v1: Class version 65 required is higher than the class version supported by the current version of Mixin (JAVA_17 supports class version 61)
[02:24:34] [main/DEBUG] (FabricLoader/Mixin) Mixing LivingEntityMixin from fabric-block-api-v1.mixins.json into net.minecraft.entity.LivingEntity
[02:24:34] [main/DEBUG] (FabricLoader/Mixin) fabric-block-api-v1.mixins.json:LivingEntityMixin from mod fabric-block-api-v1: Class version 65 required is higher than the class version supported by the current version of Mixin (JAVA_17 supports class version 61)
[02:24:34] [main/DEBUG] (FabricLoader/Mixin) Mixing LivingEntityMixin from fabric-entity-events-v1.mixins.json into net.minecraft.entity.LivingEntity
[02:24:34] [main/DEBUG] (FabricLoader/Mixin) fabric-entity-events-v1.mixins.json:LivingEntityMixin from mod fabric-entity-events-v1: Class version 65 required is higher than the class version supported by the current version of Mixin (JAVA_17 supports class version 61)
[02:24:34] [main/DEBUG] (FabricLoader/Mixin) Mixing elytra.LivingEntityMixin from fabric-entity-events-v1.mixins.json into net.minecraft.entity.LivingEntity
[02:24:34] [main/DEBUG] (FabricLoader/Mixin) fabric-entity-events-v1.mixins.json:elytra.LivingEntityMixin from mod fabric-entity-events-v1: Class version 65 required is higher than the class version supported by the current version of Mixin (JAVA_17 supports class version 61)
[02:24:34] [main/DEBUG] (FabricLoader/Mixin) fabric-item-api-v1.mixins.json:LivingEntityMixin from mod fabric-item-api-v1->@Inject::onGetPreferredEquipmentSlot(Lnet/minecraft/item/ItemStack;Lorg/spongepowered/asm/mixin/injection/callback/CallbackInfoReturnable;)V does use it's CallbackInfoReturnable
[02:24:34] [main/DEBUG] (FabricLoader/Mixin) svframelibfabric.mixins.json:LivingEntityDamageMixin from mod svframelib->@Inject::svframelibfabric$applyRpgDamage(Lnet/minecraft/entity/damage/DamageSource;FLorg/spongepowered/asm/mixin/injection/callback/CallbackInfoReturnable;)V does use it's CallbackInfoReturnable
[02:24:34] [main/DEBUG] (FabricLoader/Mixin) svframelibfabric.mixins.json:LivingEntityDamageMixin from mod svframelib->@Inject::svframelibfabric$applyRpgDamage(Lnet/minecraft/entity/damage/DamageSource;FLorg/spongepowered/asm/mixin/injection/callback/CallbackInfoReturnable;)V does use it's CallbackInfoReturnable
[02:24:34] [main/DEBUG] (FabricLoader/Mixin) svframelibfabric.mixins.json:LivingEntityDamageMixin from mod svframelib->@Inject::svframelibfabric$applyRpgDamage(Lnet/minecraft/entity/damage/DamageSource;FLorg/spongepowered/asm/mixin/injection/callback/CallbackInfoReturnable;)V does use it's CallbackInfoReturnable
[02:24:34] [main/DEBUG] (FabricLoader/Mixin) svframelibfabric.mixins.json:LivingEntityDamageMixin from mod svframelib->@Inject::svframelibfabric$applyRpgDamage(Lnet/minecraft/entity/damage/DamageSource;FLorg/spongepowered/asm/mixin/injection/callback/CallbackInfoReturnable;)V does use it's CallbackInfoReturnable
[02:24:34] [main/DEBUG] (FabricLoader/Mixin) fabric-lifecycle-events-v1.mixins.json:LivingEntityMixin from mod fabric-lifecycle-events-v1->@Inject::getEquipmentChanges(Lorg/spongepowered/asm/mixin/injection/callback/CallbackInfoReturnable;Ljava/util/Map;[Lnet/minecraft/entity/EquipmentSlot;IILnet/minecraft/entity/EquipmentSlot;Lnet/minecraft/item/ItemStack;Lnet/minecraft/item/ItemStack;)V doesn't use it's CallbackInfoReturnable
[02:24:34] [main/DEBUG] (FabricLoader/Mixin) fabric-lifecycle-events-v1.mixins.json:LivingEntityMixin from mod fabric-lifecycle-events-v1->@Inject::getEquipmentChanges(Lorg/spongepowered/asm/mixin/injection/callback/CallbackInfoReturnable;Ljava/util/Map;[Lnet/minecraft/entity/EquipmentSlot;IILnet/minecraft/entity/EquipmentSlot;Lnet/minecraft/item/ItemStack;Lnet/minecraft/item/ItemStack;)V has 0 override(s) in child classes
[02:24:34] [main/DEBUG] (FabricLoader/Mixin) fabric-lifecycle-events-v1.mixins.json:LivingEntityMixin from mod fabric-lifecycle-events-v1->@Inject::getEquipmentChanges(Lorg/spongepowered/asm/mixin/injection/callback/CallbackInfoReturnable;Ljava/util/Map;[Lnet/minecraft/entity/EquipmentSlot;IILnet/minecraft/entity/EquipmentSlot;Lnet/minecraft/item/ItemStack;Lnet/minecraft/item/ItemStack;)V won't be passed a CallbackInfoReturnable as a result
[02:24:34] [main/DEBUG] (FabricLoader/Mixin) fabric-block-api-v1.mixins.json:LivingEntityMixin from mod fabric-block-api-v1->@Inject::allowTaggedBlocksForTrapdoorClimbing(Lnet/minecraft/util/math/BlockPos;Lnet/minecraft/block/BlockState;Lorg/spongepowered/asm/mixin/injection/callback/CallbackInfoReturnable;)V does use it's CallbackInfoReturnable
[02:24:34] [main/DEBUG] (FabricLoader/Mixin) fabric-entity-events-v1.mixins.json:LivingEntityMixin from mod fabric-entity-events-v1->@Inject::notifyDeath(Lnet/minecraft/entity/damage/DamageSource;Lorg/spongepowered/asm/mixin/injection/callback/CallbackInfo;)V doesn't use it's CallbackInfo
[02:24:34] [main/DEBUG] (FabricLoader/Mixin) fabric-entity-events-v1.mixins.json:LivingEntityMixin from mod fabric-entity-events-v1->@Inject::notifyDeath(Lnet/minecraft/entity/damage/DamageSource;Lorg/spongepowered/asm/mixin/injection/callback/CallbackInfo;)V has 0 override(s) in child classes
[02:24:34] [main/DEBUG] (FabricLoader/Mixin) fabric-entity-events-v1.mixins.json:LivingEntityMixin from mod fabric-entity-events-v1->@Inject::notifyDeath(Lnet/minecraft/entity/damage/DamageSource;Lorg/spongepowered/asm/mixin/injection/callback/CallbackInfo;)V won't be passed a CallbackInfo as a result
[02:24:34] [main/DEBUG] (FabricLoader/Mixin) fabric-entity-events-v1.mixins.json:LivingEntityMixin from mod fabric-entity-events-v1->@Inject::beforeDamage(Lnet/minecraft/entity/damage/DamageSource;FLorg/spongepowered/asm/mixin/injection/callback/CallbackInfoReturnable;)V does use it's CallbackInfoReturnable
[02:24:34] [main/DEBUG] (FabricLoader/Mixin) fabric-entity-events-v1.mixins.json:LivingEntityMixin from mod fabric-entity-events-v1->@Inject::afterDamage(Lnet/minecraft/entity/damage/DamageSource;FLorg/spongepowered/asm/mixin/injection/callback/CallbackInfoReturnable;FZ)V doesn't use it's CallbackInfoReturnable
[02:24:34] [main/DEBUG] (FabricLoader/Mixin) fabric-entity-events-v1.mixins.json:LivingEntityMixin from mod fabric-entity-events-v1->@Inject::afterDamage(Lnet/minecraft/entity/damage/DamageSource;FLorg/spongepowered/asm/mixin/injection/callback/CallbackInfoReturnable;FZ)V has 0 override(s) in child classes
[02:24:34] [main/DEBUG] (FabricLoader/Mixin) fabric-entity-events-v1.mixins.json:LivingEntityMixin from mod fabric-entity-events-v1->@Inject::afterDamage(Lnet/minecraft/entity/damage/DamageSource;FLorg/spongepowered/asm/mixin/injection/callback/CallbackInfoReturnable;FZ)V won't be passed a CallbackInfoReturnable as a result
[02:24:34] [main/DEBUG] (FabricLoader/Mixin) fabric-entity-events-v1.mixins.json:LivingEntityMixin from mod fabric-entity-events-v1->@Inject::onSleep(Lnet/minecraft/util/math/BlockPos;Lorg/spongepowered/asm/mixin/injection/callback/CallbackInfo;)V doesn't use it's CallbackInfo
[02:24:34] [main/DEBUG] (FabricLoader/Mixin) fabric-entity-events-v1.mixins.json:LivingEntityMixin from mod fabric-entity-events-v1->@Inject::onSleep(Lnet/minecraft/util/math/BlockPos;Lorg/spongepowered/asm/mixin/injection/callback/CallbackInfo;)V has 0 override(s) in child classes
[02:24:34] [main/DEBUG] (FabricLoader/Mixin) fabric-entity-events-v1.mixins.json:LivingEntityMixin from mod fabric-entity-events-v1->@Inject::onSleep(Lnet/minecraft/util/math/BlockPos;Lorg/spongepowered/asm/mixin/injection/callback/CallbackInfo;)V won't be passed a CallbackInfo as a result
[02:24:34] [main/DEBUG] (FabricLoader/Mixin) fabric-entity-events-v1.mixins.json:LivingEntityMixin from mod fabric-entity-events-v1->@Inject::onWakeUp(Lorg/spongepowered/asm/mixin/injection/callback/CallbackInfo;)V doesn't use it's CallbackInfo
[02:24:34] [main/DEBUG] (FabricLoader/Mixin) fabric-entity-events-v1.mixins.json:LivingEntityMixin from mod fabric-entity-events-v1->@Inject::onWakeUp(Lorg/spongepowered/asm/mixin/injection/callback/CallbackInfo;)V has 0 override(s) in child classes
[02:24:34] [main/DEBUG] (FabricLoader/Mixin) fabric-entity-events-v1.mixins.json:LivingEntityMixin from mod fabric-entity-events-v1->@Inject::onWakeUp(Lorg/spongepowered/asm/mixin/injection/callback/CallbackInfo;)V won't be passed a CallbackInfo as a result
[02:24:34] [main/DEBUG] (FabricLoader/Mixin) fabric-entity-events-v1.mixins.json:LivingEntityMixin from mod fabric-entity-events-v1->@Inject::onIsSleepingInBed(Lnet/minecraft/util/math/BlockPos;Lorg/spongepowered/asm/mixin/injection/callback/CallbackInfoReturnable;)V does use it's CallbackInfoReturnable
[02:24:34] [main/DEBUG] (FabricLoader/Mixin) fabric-entity-events-v1.mixins.json:elytra.LivingEntityMixin from mod fabric-entity-events-v1->@Inject::injectElytraTick(Lorg/spongepowered/asm/mixin/injection/callback/CallbackInfo;)V does use it's CallbackInfo
[02:24:34] [main/DEBUG] (FabricLoader/Mixin) Mixing AttachmentTargetsMixin from fabric-data-attachment-api-v1.mixins.json into net.minecraft.world.World
[02:24:34] [main/DEBUG] (FabricLoader/Mixin) fabric-data-attachment-api-v1.mixins.json:AttachmentTargetsMixin from mod fabric-data-attachment-api-v1: Class version 65 required is higher than the class version supported by the current version of Mixin (JAVA_17 supports class version 61)
[02:24:34] [main/DEBUG] (FabricLoader/Mixin) Mixing WorldMixin from fabric-data-attachment-api-v1.mixins.json into net.minecraft.world.World
[02:24:34] [main/DEBUG] (FabricLoader/Mixin) fabric-data-attachment-api-v1.mixins.json:WorldMixin from mod fabric-data-attachment-api-v1: Class version 65 required is higher than the class version supported by the current version of Mixin (JAVA_17 supports class version 61)
[02:24:34] [main/DEBUG] (FabricLoader/Mixin) Mixing WorldMixin from fabric-lifecycle-events-v1.mixins.json into net.minecraft.world.World
[02:24:34] [main/DEBUG] (FabricLoader/Mixin) fabric-lifecycle-events-v1.mixins.json:WorldMixin from mod fabric-lifecycle-events-v1: Class version 65 required is higher than the class version supported by the current version of Mixin (JAVA_17 supports class version 61)
[02:24:35] [main/DEBUG] (FabricLoader/Mixin) Mixing WorldViewMixin from fabric-block-view-api-v2.mixins.json into net.minecraft.world.WorldView
[02:24:35] [main/DEBUG] (FabricLoader/Mixin) fabric-block-view-api-v2.mixins.json:WorldViewMixin from mod fabric-block-view-api-v2: Class version 65 required is higher than the class version supported by the current version of Mixin (JAVA_17 supports class version 61)
[02:24:35] [main/DEBUG] (FabricLoader/Mixin) Mixing WorldViewMixin from fabric-rendering-data-attachment-v1.mixins.json into net.minecraft.world.WorldView
[02:24:35] [main/DEBUG] (FabricLoader/Mixin) fabric-rendering-data-attachment-v1.mixins.json:WorldViewMixin from mod fabric-rendering-data-attachment-v1: Class version 65 required is higher than the class version supported by the current version of Mixin (JAVA_17 supports class version 61)
[02:24:35] [main/DEBUG] (FabricLoader/Mixin) Mixing ServerWorldMixin from fabric-data-attachment-api-v1.mixins.json into net.minecraft.server.world.ServerWorld
[02:24:35] [main/DEBUG] (FabricLoader/Mixin) fabric-data-attachment-api-v1.mixins.json:ServerWorldMixin from mod fabric-data-attachment-api-v1: Class version 65 required is higher than the class version supported by the current version of Mixin (JAVA_17 supports class version 61)
[02:24:35] [main/DEBUG] (FabricLoader/Mixin) Renaming synthetic method lambda$fabric_syncChange$2(Lnet/fabricmc/fabric/api/attachment/v1/AttachmentType;Lnet/fabricmc/fabric/impl/attachment/sync/s2c/AttachmentSyncPayloadS2C;Lnet/minecraft/server/network/ServerPlayerEntity;)V to md13010e$fabric-data-attachment-api-v1$lambda$fabric_syncChange$2$0 in fabric-data-attachment-api-v1.mixins.json:ServerWorldMixin from mod fabric-data-attachment-api-v1
[02:24:35] [main/DEBUG] (FabricLoader/Mixin) Renaming synthetic method lambda$createAttachmentsPersistentState$1(Lnet/minecraft/server/world/ServerWorld;Lnet/minecraft/nbt/NbtCompound;Lnet/minecraft/registry/RegistryWrapper$WrapperLookup;)Lnet/fabricmc/fabric/impl/attachment/AttachmentPersistentState; to md13010e$fabric-data-attachment-api-v1$lambda$createAttachmentsPersistentState$1$1 in fabric-data-attachment-api-v1.mixins.json:ServerWorldMixin from mod fabric-data-attachment-api-v1
[02:24:35] [main/DEBUG] (FabricLoader/Mixin) Renaming synthetic method lambda$createAttachmentsPersistentState$0(Lnet/minecraft/server/world/ServerWorld;)Lnet/fabricmc/fabric/impl/attachment/AttachmentPersistentState; to md13010e$fabric-data-attachment-api-v1$lambda$createAttachmentsPersistentState$0$2 in fabric-data-attachment-api-v1.mixins.json:ServerWorldMixin from mod fabric-data-attachment-api-v1
[02:24:35] [main/DEBUG] (FabricLoader/Mixin) Mixing ServerWorldMixin from fabric-api-lookup-api-v1.mixins.json into net.minecraft.server.world.ServerWorld
[02:24:35] [main/DEBUG] (FabricLoader/Mixin) fabric-api-lookup-api-v1.mixins.json:ServerWorldMixin from mod fabric-api-lookup-api-v1: Class version 65 required is higher than the class version supported by the current version of Mixin (JAVA_17 supports class version 61)
[02:24:35] [main/DEBUG] (FabricLoader/Mixin) Renaming synthetic method lambda$fabric_invalidateCache$5(Ljava/util/Map$Entry;)Z to md13010e$fabric-api-lookup-api-v1$lambda$fabric_invalidateCache$5$3 in fabric-api-lookup-api-v1.mixins.json:ServerWorldMixin from mod fabric-api-lookup-api-v1
[02:24:35] [main/DEBUG] (FabricLoader/Mixin) Renaming synthetic method lambda$fabric_invalidateCache$4(Ljava/lang/ref/WeakReference;)Z to md13010e$fabric-api-lookup-api-v1$lambda$fabric_invalidateCache$4$4 in fabric-api-lookup-api-v1.mixins.json:ServerWorldMixin from mod fabric-api-lookup-api-v1
[02:24:35] [main/DEBUG] (FabricLoader/Mixin) Renaming synthetic method lambda$fabric_invalidateCache$3(Ljava/lang/ref/WeakReference;)V to md13010e$fabric-api-lookup-api-v1$lambda$fabric_invalidateCache$3$5 in fabric-api-lookup-api-v1.mixins.json:ServerWorldMixin from mod fabric-api-lookup-api-v1
[02:24:35] [main/DEBUG] (FabricLoader/Mixin) Renaming synthetic method lambda$fabric_invalidateCache$2(Ljava/lang/ref/WeakReference;)Z to md13010e$fabric-api-lookup-api-v1$lambda$fabric_invalidateCache$2$6 in fabric-api-lookup-api-v1.mixins.json:ServerWorldMixin from mod fabric-api-lookup-api-v1
[02:24:35] [main/DEBUG] (FabricLoader/Mixin) Renaming synthetic method lambda$fabric_registerCache$1(Ljava/lang/ref/WeakReference;)Z to md13010e$fabric-api-lookup-api-v1$lambda$fabric_registerCache$1$7 in fabric-api-lookup-api-v1.mixins.json:ServerWorldMixin from mod fabric-api-lookup-api-v1
[02:24:35] [main/DEBUG] (FabricLoader/Mixin) Renaming synthetic method lambda$fabric_registerCache$0(Lnet/minecraft/util/math/BlockPos;)Ljava/util/List; to md13010e$fabric-api-lookup-api-v1$lambda$fabric_registerCache$0$8 in fabric-api-lookup-api-v1.mixins.json:ServerWorldMixin from mod fabric-api-lookup-api-v1
[02:24:35] [main/DEBUG] (FabricLoader/Mixin) Mixing ServerWorldMixin from fabric-lifecycle-events-v1.mixins.json into net.minecraft.server.world.ServerWorld
[02:24:35] [main/DEBUG] (FabricLoader/Mixin) fabric-lifecycle-events-v1.mixins.json:ServerWorldMixin from mod fabric-lifecycle-events-v1: Class version 65 required is higher than the class version supported by the current version of Mixin (JAVA_17 supports class version 61)
[02:24:35] [main/DEBUG] (FabricLoader/Mixin) fabric-data-attachment-api-v1.mixins.json:ServerWorldMixin from mod fabric-data-attachment-api-v1->@Inject::createAttachmentsPersistentState(Lorg/spongepowered/asm/mixin/injection/callback/CallbackInfo;)V doesn't use it's CallbackInfo
[02:24:35] [main/DEBUG] (FabricLoader/Mixin) fabric-data-attachment-api-v1.mixins.json:ServerWorldMixin from mod fabric-data-attachment-api-v1->@Inject::createAttachmentsPersistentState(Lorg/spongepowered/asm/mixin/injection/callback/CallbackInfo;)V has 0 override(s) in child classes
[02:24:35] [main/DEBUG] (FabricLoader/Mixin) fabric-data-attachment-api-v1.mixins.json:ServerWorldMixin from mod fabric-data-attachment-api-v1->@Inject::createAttachmentsPersistentState(Lorg/spongepowered/asm/mixin/injection/callback/CallbackInfo;)V won't be passed a CallbackInfo as a result
[02:24:35] [main/DEBUG] (FabricLoader/Mixin) fabric-lifecycle-events-v1.mixins.json:ServerWorldMixin from mod fabric-lifecycle-events-v1->@Inject::startWorldTick(Ljava/util/function/BooleanSupplier;Lorg/spongepowered/asm/mixin/injection/callback/CallbackInfo;)V doesn't use it's CallbackInfo
[02:24:35] [main/DEBUG] (FabricLoader/Mixin) fabric-lifecycle-events-v1.mixins.json:ServerWorldMixin from mod fabric-lifecycle-events-v1->@Inject::startWorldTick(Ljava/util/function/BooleanSupplier;Lorg/spongepowered/asm/mixin/injection/callback/CallbackInfo;)V has 0 override(s) in child classes
[02:24:35] [main/DEBUG] (FabricLoader/Mixin) fabric-lifecycle-events-v1.mixins.json:ServerWorldMixin from mod fabric-lifecycle-events-v1->@Inject::startWorldTick(Ljava/util/function/BooleanSupplier;Lorg/spongepowered/asm/mixin/injection/callback/CallbackInfo;)V won't be passed a CallbackInfo as a result
[02:24:35] [main/DEBUG] (FabricLoader/Mixin) fabric-lifecycle-events-v1.mixins.json:ServerWorldMixin from mod fabric-lifecycle-events-v1->@Inject::endWorldTick(Ljava/util/function/BooleanSupplier;Lorg/spongepowered/asm/mixin/injection/callback/CallbackInfo;)V doesn't use it's CallbackInfo
[02:24:35] [main/DEBUG] (FabricLoader/Mixin) fabric-lifecycle-events-v1.mixins.json:ServerWorldMixin from mod fabric-lifecycle-events-v1->@Inject::endWorldTick(Ljava/util/function/BooleanSupplier;Lorg/spongepowered/asm/mixin/injection/callback/CallbackInfo;)V has 0 override(s) in child classes
[02:24:35] [main/DEBUG] (FabricLoader/Mixin) fabric-lifecycle-events-v1.mixins.json:ServerWorldMixin from mod fabric-lifecycle-events-v1->@Inject::endWorldTick(Ljava/util/function/BooleanSupplier;Lorg/spongepowered/asm/mixin/injection/callback/CallbackInfo;)V won't be passed a CallbackInfo as a result
[02:24:35] [main/DEBUG] (FabricLoader/Mixin) Mixing AbstractBlockSettingsAccessor from fabric-object-builder-v1.mixins.json into net.minecraft.block.AbstractBlock$Settings
[02:24:35] [main/DEBUG] (FabricLoader/Mixin) fabric-object-builder-v1.mixins.json:AbstractBlockSettingsAccessor from mod fabric-object-builder-api-v1: Class version 65 required is higher than the class version supported by the current version of Mixin (JAVA_17 supports class version 61)
[02:24:35] [main/DEBUG] (FabricLoader/Mixin) Mixing IdListMixin from fabric-registry-sync-v0.mixins.json into net.minecraft.util.collection.IdList
[02:24:35] [main/DEBUG] (FabricLoader/Mixin) fabric-registry-sync-v0.mixins.json:IdListMixin from mod fabric-registry-sync-v0: Class version 65 required is higher than the class version supported by the current version of Mixin (JAVA_17 supports class version 61)
[02:24:35] [main/DEBUG] (FabricLoader/Mixin) Renaming synthetic method lambda$fabric_remapIds$0(Lit/unimi/dsi/fastutil/ints/Int2IntMap;Ljava/lang/Object;Ljava/lang/Integer;)Ljava/lang/Integer; to md13010e$fabric-registry-sync-v0$lambda$fabric_remapIds$0$0 in fabric-registry-sync-v0.mixins.json:IdListMixin from mod fabric-registry-sync-v0
[02:24:35] [main/DEBUG] (FabricLoader/Mixin) Mixing DetectorRailBlockMixin from fabric-object-builder-v1.mixins.json into net.minecraft.block.DetectorRailBlock
[02:24:35] [main/DEBUG] (FabricLoader/Mixin) fabric-object-builder-v1.mixins.json:DetectorRailBlockMixin from mod fabric-object-builder-api-v1: Class version 65 required is higher than the class version supported by the current version of Mixin (JAVA_17 supports class version 61)
[02:24:35] [main/DEBUG] (FabricLoader/Mixin) Renaming synthetic method lambda$getCustomComparatorOutput$0(Lnet/minecraft/entity/Entity;)Z to md13010e$fabric-object-builder-api-v1$lambda$getCustomComparatorOutput$0$0 in fabric-object-builder-v1.mixins.json:DetectorRailBlockMixin from mod fabric-object-builder-api-v1
[02:24:35] [main/DEBUG] (FabricLoader/Mixin) fabric-object-builder-v1.mixins.json:DetectorRailBlockMixin from mod fabric-object-builder-api-v1->@Inject::getCustomComparatorOutput(Lnet/minecraft/block/BlockState;Lnet/minecraft/world/World;Lnet/minecraft/util/math/BlockPos;Lorg/spongepowered/asm/mixin/injection/callback/CallbackInfoReturnable;)V does use it's CallbackInfoReturnable
[02:24:35] [main/DEBUG] (FabricLoader/Mixin) Mixing DropperBlockMixin from fabric-transfer-api-v1.mixins.json into net.minecraft.block.DropperBlock
[02:24:35] [main/DEBUG] (FabricLoader/Mixin) fabric-transfer-api-v1.mixins.json:DropperBlockMixin from mod fabric-transfer-api-v1: Class version 65 required is higher than the class version supported by the current version of Mixin (JAVA_17 supports class version 61)
[02:24:35] [main/DEBUG] (FabricLoader/Mixin) Renaming synthetic method lambda$hookDispense$0(Lnet/fabricmc/fabric/api/transfer/v1/item/ItemVariant;)Z to md13010e$fabric-transfer-api-v1$lambda$hookDispense$0$0 in fabric-transfer-api-v1.mixins.json:DropperBlockMixin from mod fabric-transfer-api-v1
[02:24:35] [main/DEBUG] (FabricLoader/Mixin) fabric-transfer-api-v1.mixins.json:DropperBlockMixin from mod fabric-transfer-api-v1->@Inject::hookDispense(Lnet/minecraft/server/world/ServerWorld;Lnet/minecraft/block/BlockState;Lnet/minecraft/util/math/BlockPos;Lorg/spongepowered/asm/mixin/injection/callback/CallbackInfo;)V does use it's CallbackInfo
[02:24:35] [main/DEBUG] (FabricLoader/Mixin) Mixing OxidizableMixin from fabric-content-registries-v0.mixins.json into net.minecraft.block.Oxidizable
[02:24:35] [main/DEBUG] (FabricLoader/Mixin) fabric-content-registries-v0.mixins.json:OxidizableMixin from mod fabric-content-registries-v0: Class version 65 required is higher than the class version supported by the current version of Mixin (JAVA_17 supports class version 61)
[02:24:35] [main/DEBUG] (FabricLoader/Mixin) fabric-content-registries-v0.mixins.json:OxidizableMixin from mod fabric-content-registries-v0->@Inject::createOxidationLevelIncreasesMap(Lorg/spongepowered/asm/mixin/injection/callback/CallbackInfoReturnable;)V does use it's CallbackInfoReturnable
[02:24:35] [main/DEBUG] (FabricLoader/Mixin) Mixing CrafterBlockMixin from fabric-transfer-api-v1.mixins.json into net.minecraft.block.CrafterBlock
[02:24:35] [main/DEBUG] (FabricLoader/Mixin) fabric-transfer-api-v1.mixins.json:CrafterBlockMixin from mod fabric-transfer-api-v1: Class version 65 required is higher than the class version supported by the current version of Mixin (JAVA_17 supports class version 61)
[02:24:35] [main/DEBUG] (FabricLoader/Mixin) fabric-transfer-api-v1.mixins.json:CrafterBlockMixin from mod fabric-transfer-api-v1->@Inject::transferOrSpawnStack(Lnet/minecraft/server/world/ServerWorld;Lnet/minecraft/util/math/BlockPos;Lnet/minecraft/block/entity/CrafterBlockEntity;Lnet/minecraft/item/ItemStack;Lnet/minecraft/block/BlockState;Lnet/minecraft/recipe/RecipeEntry;Lorg/spongepowered/asm/mixin/injection/callback/CallbackInfo;)V doesn't use it's CallbackInfo
[02:24:35] [main/DEBUG] (FabricLoader/Mixin) fabric-transfer-api-v1.mixins.json:CrafterBlockMixin from mod fabric-transfer-api-v1->@Inject::transferOrSpawnStack(Lnet/minecraft/server/world/ServerWorld;Lnet/minecraft/util/math/BlockPos;Lnet/minecraft/block/entity/CrafterBlockEntity;Lnet/minecraft/item/ItemStack;Lnet/minecraft/block/BlockState;Lnet/minecraft/recipe/RecipeEntry;Lorg/spongepowered/asm/mixin/injection/callback/CallbackInfo;)V has 0 override(s) in child classes
[02:24:35] [main/DEBUG] (FabricLoader/Mixin) fabric-transfer-api-v1.mixins.json:CrafterBlockMixin from mod fabric-transfer-api-v1->@Inject::transferOrSpawnStack(Lnet/minecraft/server/world/ServerWorld;Lnet/minecraft/util/math/BlockPos;Lnet/minecraft/block/entity/CrafterBlockEntity;Lnet/minecraft/item/ItemStack;Lnet/minecraft/block/BlockState;Lnet/minecraft/recipe/RecipeEntry;Lorg/spongepowered/asm/mixin/injection/callback/CallbackInfo;)V won't be passed a CallbackInfo as a result
[02:24:35] [main/DEBUG] (FabricLoader/Mixin) fabric-transfer-api-v1.mixins.json:CrafterBlockMixin from mod fabric-transfer-api-v1->@Inject::transferOrSpawnStack(Lnet/minecraft/server/world/ServerWorld;Lnet/minecraft/util/math/BlockPos;Lnet/minecraft/block/entity/CrafterBlockEntity;Lnet/minecraft/item/ItemStack;Lnet/minecraft/block/BlockState;Lnet/minecraft/recipe/RecipeEntry;Lorg/spongepowered/asm/mixin/injection/callback/CallbackInfo;)V doesn't use it's CallbackInfo
[02:24:35] [main/DEBUG] (FabricLoader/Mixin) fabric-transfer-api-v1.mixins.json:CrafterBlockMixin from mod fabric-transfer-api-v1->@Inject::transferOrSpawnStack(Lnet/minecraft/server/world/ServerWorld;Lnet/minecraft/util/math/BlockPos;Lnet/minecraft/block/entity/CrafterBlockEntity;Lnet/minecraft/item/ItemStack;Lnet/minecraft/block/BlockState;Lnet/minecraft/recipe/RecipeEntry;Lorg/spongepowered/asm/mixin/injection/callback/CallbackInfo;)V has 0 override(s) in child classes
[02:24:35] [main/DEBUG] (FabricLoader/Mixin) fabric-transfer-api-v1.mixins.json:CrafterBlockMixin from mod fabric-transfer-api-v1->@Inject::transferOrSpawnStack(Lnet/minecraft/server/world/ServerWorld;Lnet/minecraft/util/math/BlockPos;Lnet/minecraft/block/entity/CrafterBlockEntity;Lnet/minecraft/item/ItemStack;Lnet/minecraft/block/BlockState;Lnet/minecraft/recipe/RecipeEntry;Lorg/spongepowered/asm/mixin/injection/callback/CallbackInfo;)V won't be passed a CallbackInfo as a result
[02:24:35] [main/DEBUG] (FabricLoader/Mixin) fabric-transfer-api-v1.mixins.json:CrafterBlockMixin from mod fabric-transfer-api-v1->@Inject::transferOrSpawnStack(Lnet/minecraft/server/world/ServerWorld;Lnet/minecraft/util/math/BlockPos;Lnet/minecraft/block/entity/CrafterBlockEntity;Lnet/minecraft/item/ItemStack;Lnet/minecraft/block/BlockState;Lnet/minecraft/recipe/RecipeEntry;Lorg/spongepowered/asm/mixin/injection/callback/CallbackInfo;)V doesn't use it's CallbackInfo
[02:24:35] [main/DEBUG] (FabricLoader/Mixin) fabric-transfer-api-v1.mixins.json:CrafterBlockMixin from mod fabric-transfer-api-v1->@Inject::transferOrSpawnStack(Lnet/minecraft/server/world/ServerWorld;Lnet/minecraft/util/math/BlockPos;Lnet/minecraft/block/entity/CrafterBlockEntity;Lnet/minecraft/item/ItemStack;Lnet/minecraft/block/BlockState;Lnet/minecraft/recipe/RecipeEntry;Lorg/spongepowered/asm/mixin/injection/callback/CallbackInfo;)V has 0 override(s) in child classes
[02:24:35] [main/DEBUG] (FabricLoader/Mixin) fabric-transfer-api-v1.mixins.json:CrafterBlockMixin from mod fabric-transfer-api-v1->@Inject::transferOrSpawnStack(Lnet/minecraft/server/world/ServerWorld;Lnet/minecraft/util/math/BlockPos;Lnet/minecraft/block/entity/CrafterBlockEntity;Lnet/minecraft/item/ItemStack;Lnet/minecraft/block/BlockState;Lnet/minecraft/recipe/RecipeEntry;Lorg/spongepowered/asm/mixin/injection/callback/CallbackInfo;)V won't be passed a CallbackInfo as a result
[02:24:35] [main/DEBUG] (FabricLoader/Mixin) fabric-transfer-api-v1.mixins.json:CrafterBlockMixin from mod fabric-transfer-api-v1->@Inject::transferOrSpawnStack(Lnet/minecraft/server/world/ServerWorld;Lnet/minecraft/util/math/BlockPos;Lnet/minecraft/block/entity/CrafterBlockEntity;Lnet/minecraft/item/ItemStack;Lnet/minecraft/block/BlockState;Lnet/minecraft/recipe/RecipeEntry;Lorg/spongepowered/asm/mixin/injection/callback/CallbackInfo;)V doesn't use it's CallbackInfo
[02:24:35] [main/DEBUG] (FabricLoader/Mixin) fabric-transfer-api-v1.mixins.json:CrafterBlockMixin from mod fabric-transfer-api-v1->@Inject::transferOrSpawnStack(Lnet/minecraft/server/world/ServerWorld;Lnet/minecraft/util/math/BlockPos;Lnet/minecraft/block/entity/CrafterBlockEntity;Lnet/minecraft/item/ItemStack;Lnet/minecraft/block/BlockState;Lnet/minecraft/recipe/RecipeEntry;Lorg/spongepowered/asm/mixin/injection/callback/CallbackInfo;)V has 0 override(s) in child classes
[02:24:35] [main/DEBUG] (FabricLoader/Mixin) fabric-transfer-api-v1.mixins.json:CrafterBlockMixin from mod fabric-transfer-api-v1->@Inject::transferOrSpawnStack(Lnet/minecraft/server/world/ServerWorld;Lnet/minecraft/util/math/BlockPos;Lnet/minecraft/block/entity/CrafterBlockEntity;Lnet/minecraft/item/ItemStack;Lnet/minecraft/block/BlockState;Lnet/minecraft/recipe/RecipeEntry;Lorg/spongepowered/asm/mixin/injection/callback/CallbackInfo;)V won't be passed a CallbackInfo as a result
[02:24:35] [main/DEBUG] (FabricLoader/Mixin) Mixing BlockStateMixin from fabric-block-api-v1.mixins.json into net.minecraft.block.BlockState
[02:24:35] [main/DEBUG] (FabricLoader/Mixin) fabric-block-api-v1.mixins.json:BlockStateMixin from mod fabric-block-api-v1: Class version 65 required is higher than the class version supported by the current version of Mixin (JAVA_17 supports class version 61)
[02:24:35] [main/DEBUG] (FabricLoader/Mixin) Mixing EntityTypeMixin from fabric-object-builder-v1.mixins.json into net.minecraft.entity.EntityType
[02:24:35] [main/DEBUG] (FabricLoader/Mixin) fabric-object-builder-v1.mixins.json:EntityTypeMixin from mod fabric-object-builder-api-v1: Class version 65 required is higher than the class version supported by the current version of Mixin (JAVA_17 supports class version 61)
[02:24:35] [main/DEBUG] (FabricLoader/Mixin) fabric-object-builder-v1.mixins.json:EntityTypeMixin from mod fabric-object-builder-api-v1->@Inject::alwaysUpdateVelocity(Lorg/spongepowered/asm/mixin/injection/callback/CallbackInfoReturnable;)V does use it's CallbackInfoReturnable
[02:24:35] [main/DEBUG] (FabricLoader/Mixin) Mixing FluidMixin from fabric-transfer-api-v1.mixins.json into net.minecraft.fluid.Fluid
[02:24:35] [main/DEBUG] (FabricLoader/Mixin) fabric-transfer-api-v1.mixins.json:FluidMixin from mod fabric-transfer-api-v1: Class version 65 required is higher than the class version supported by the current version of Mixin (JAVA_17 supports class version 61)
[02:24:35] [main/DEBUG] (FabricLoader/Mixin) fabric-transfer-api-v1.mixins.json:FluidMixin from mod fabric-transfer-api-v1->@Inject::hookGetBucketFillSound(Lorg/spongepowered/asm/mixin/injection/callback/CallbackInfoReturnable;)V does use it's CallbackInfoReturnable
[02:24:35] [main/DEBUG] (FabricLoader/Mixin) Mixing ComponentMapBuilderMixin from fabric-item-api-v1.mixins.json into net.minecraft.component.ComponentMap$Builder
[02:24:35] [main/DEBUG] (FabricLoader/Mixin) fabric-item-api-v1.mixins.json:ComponentMapBuilderMixin from mod fabric-item-api-v1: Class version 65 required is higher than the class version supported by the current version of Mixin (JAVA_17 supports class version 61)
[02:24:35] [main/DEBUG] (FabricLoader/Mixin) Mixing BlockEntityMixin from fabric-block-view-api-v2.mixins.json into net.minecraft.block.entity.BlockEntity
[02:24:35] [main/DEBUG] (FabricLoader/Mixin) fabric-block-view-api-v2.mixins.json:BlockEntityMixin from mod fabric-block-view-api-v2: Class version 65 required is higher than the class version supported by the current version of Mixin (JAVA_17 supports class version 61)
[02:24:35] [main/DEBUG] (FabricLoader/Mixin) Mixing AttachmentTargetsMixin from fabric-data-attachment-api-v1.mixins.json into net.minecraft.block.entity.BlockEntity
[02:24:35] [main/DEBUG] (FabricLoader/Mixin) fabric-data-attachment-api-v1.mixins.json:AttachmentTargetsMixin from mod fabric-data-attachment-api-v1: Class version 65 required is higher than the class version supported by the current version of Mixin (JAVA_17 supports class version 61)
[02:24:35] [main/DEBUG] (FabricLoader/Mixin) Mixing BlockEntityMixin from fabric-data-attachment-api-v1.mixins.json into net.minecraft.block.entity.BlockEntity
[02:24:35] [main/DEBUG] (FabricLoader/Mixin) fabric-data-attachment-api-v1.mixins.json:BlockEntityMixin from mod fabric-data-attachment-api-v1: Class version 65 required is higher than the class version supported by the current version of Mixin (JAVA_17 supports class version 61)
[02:24:35] [main/DEBUG] (FabricLoader/Mixin) Renaming synthetic method lambda$fabric_syncChange$0(Lnet/fabricmc/fabric/api/attachment/v1/AttachmentType;Lnet/fabricmc/fabric/impl/attachment/sync/s2c/AttachmentSyncPayloadS2C;Lnet/minecraft/server/network/ServerPlayerEntity;)V to md13010e$fabric-data-attachment-api-v1$lambda$fabric_syncChange$0$0 in fabric-data-attachment-api-v1.mixins.json:BlockEntityMixin from mod fabric-data-attachment-api-v1
[02:24:35] [main/DEBUG] (FabricLoader/Mixin) Mixing BlockEntityMixin from fabric-rendering-data-attachment-v1.mixins.json into net.minecraft.block.entity.BlockEntity
[02:24:35] [main/DEBUG] (FabricLoader/Mixin) fabric-rendering-data-attachment-v1.mixins.json:BlockEntityMixin from mod fabric-rendering-data-attachment-v1: Class version 65 required is higher than the class version supported by the current version of Mixin (JAVA_17 supports class version 61)
[02:24:35] [main/DEBUG] (FabricLoader/Mixin) fabric-data-attachment-api-v1.mixins.json:BlockEntityMixin from mod fabric-data-attachment-api-v1->@Inject::readBlockEntityAttachments(Lnet/minecraft/nbt/NbtCompound;Lnet/minecraft/registry/RegistryWrapper$WrapperLookup;Lorg/spongepowered/asm/mixin/injection/callback/CallbackInfo;)V doesn't use it's CallbackInfo
[02:24:35] [main/DEBUG] (FabricLoader/Mixin) fabric-data-attachment-api-v1.mixins.json:BlockEntityMixin from mod fabric-data-attachment-api-v1->@Inject::readBlockEntityAttachments(Lnet/minecraft/nbt/NbtCompound;Lnet/minecraft/registry/RegistryWrapper$WrapperLookup;Lorg/spongepowered/asm/mixin/injection/callback/CallbackInfo;)V has 0 override(s) in child classes
[02:24:35] [main/DEBUG] (FabricLoader/Mixin) fabric-data-attachment-api-v1.mixins.json:BlockEntityMixin from mod fabric-data-attachment-api-v1->@Inject::readBlockEntityAttachments(Lnet/minecraft/nbt/NbtCompound;Lnet/minecraft/registry/RegistryWrapper$WrapperLookup;Lorg/spongepowered/asm/mixin/injection/callback/CallbackInfo;)V won't be passed a CallbackInfo as a result
[02:24:35] [main/DEBUG] (FabricLoader/Mixin) fabric-data-attachment-api-v1.mixins.json:BlockEntityMixin from mod fabric-data-attachment-api-v1->@Inject::writeBlockEntityAttachments(Lnet/minecraft/registry/RegistryWrapper$WrapperLookup;Lorg/spongepowered/asm/mixin/injection/callback/CallbackInfoReturnable;)V does use it's CallbackInfoReturnable
[02:24:35] [main/DEBUG] (FabricLoader/Mixin) Mixing NamedScreenHandlerFactoryMixin from fabric-screen-handler-api-v1.mixins.json into net.minecraft.screen.NamedScreenHandlerFactory
[02:24:35] [main/DEBUG] (FabricLoader/Mixin) fabric-screen-handler-api-v1.mixins.json:NamedScreenHandlerFactoryMixin from mod fabric-screen-handler-api-v1: Class version 65 required is higher than the class version supported by the current version of Mixin (JAVA_17 supports class version 61)
[02:24:35] [main/DEBUG] (FabricLoader/Mixin) Mixing LockableContainerBlockEntityMixin from fabric-transfer-api-v1.mixins.json into net.minecraft.block.entity.LockableContainerBlockEntity
[02:24:35] [main/DEBUG] (FabricLoader/Mixin) fabric-transfer-api-v1.mixins.json:LockableContainerBlockEntityMixin from mod fabric-transfer-api-v1: Class version 65 required is higher than the class version supported by the current version of Mixin (JAVA_17 supports class version 61)
[02:24:35] [main/DEBUG] (FabricLoader/Mixin) Mixing MobEntityMixin from fabric-entity-events-v1.mixins.json into net.minecraft.entity.mob.MobEntity
[02:24:35] [main/DEBUG] (FabricLoader/Mixin) fabric-entity-events-v1.mixins.json:MobEntityMixin from mod fabric-entity-events-v1: Class version 65 required is higher than the class version supported by the current version of Mixin (JAVA_17 supports class version 61)
[02:24:35] [main/DEBUG] (FabricLoader/Mixin) Mixing ChiseledBookshelfBlockEntityMixin from fabric-transfer-api-v1.mixins.json into net.minecraft.block.entity.ChiseledBookshelfBlockEntity
[02:24:35] [main/DEBUG] (FabricLoader/Mixin) fabric-transfer-api-v1.mixins.json:ChiseledBookshelfBlockEntityMixin from mod fabric-transfer-api-v1: Class version 65 required is higher than the class version supported by the current version of Mixin (JAVA_17 supports class version 61)
[02:24:35] [main/DEBUG] (FabricLoader/Mixin) fabric-transfer-api-v1.mixins.json:ChiseledBookshelfBlockEntityMixin from mod fabric-transfer-api-v1->@Inject::setStackBypass(ILnet/minecraft/item/ItemStack;Lorg/spongepowered/asm/mixin/injection/callback/CallbackInfo;)V does use it's CallbackInfo
[02:24:35] [main/DEBUG] (FabricLoader/Mixin) Mixing BlockEntityTypeAccessor from fabric-api-lookup-api-v1.mixins.json into net.minecraft.block.entity.BlockEntityType
[02:24:35] [main/DEBUG] (FabricLoader/Mixin) fabric-api-lookup-api-v1.mixins.json:BlockEntityTypeAccessor from mod fabric-api-lookup-api-v1: Class version 65 required is higher than the class version supported by the current version of Mixin (JAVA_17 supports class version 61)
[02:24:35] [main/DEBUG] (FabricLoader/Mixin) Mixing BlockEntityTypeMixin from fabric-object-builder-v1.mixins.json into net.minecraft.block.entity.BlockEntityType
[02:24:35] [main/DEBUG] (FabricLoader/Mixin) fabric-object-builder-v1.mixins.json:BlockEntityTypeMixin from mod fabric-object-builder-api-v1: Class version 65 required is higher than the class version supported by the current version of Mixin (JAVA_17 supports class version 61)
[02:24:35] [main/DEBUG] (FabricLoader/Mixin) fabric-object-builder-v1.mixins.json:BlockEntityTypeMixin from mod fabric-object-builder-api-v1->@Inject::mutableBlocks(Lnet/minecraft/block/entity/BlockEntityType$BlockEntityFactory;Ljava/util/Set;Lcom/mojang/datafixers/types/Type;Lorg/spongepowered/asm/mixin/injection/callback/CallbackInfo;)V doesn't use it's CallbackInfo
[02:24:35] [main/DEBUG] (FabricLoader/Mixin) fabric-object-builder-v1.mixins.json:BlockEntityTypeMixin from mod fabric-object-builder-api-v1->@Inject::mutableBlocks(Lnet/minecraft/block/entity/BlockEntityType$BlockEntityFactory;Ljava/util/Set;Lcom/mojang/datafixers/types/Type;Lorg/spongepowered/asm/mixin/injection/callback/CallbackInfo;)V has 0 override(s) in child classes
[02:24:35] [main/DEBUG] (FabricLoader/Mixin) fabric-object-builder-v1.mixins.json:BlockEntityTypeMixin from mod fabric-object-builder-api-v1->@Inject::mutableBlocks(Lnet/minecraft/block/entity/BlockEntityType$BlockEntityFactory;Ljava/util/Set;Lcom/mojang/datafixers/types/Type;Lorg/spongepowered/asm/mixin/injection/callback/CallbackInfo;)V won't be passed a CallbackInfo as a result
[02:24:35] [main/DEBUG] (FabricLoader/Mixin) Mixing WorkbenchScreenMixin from svframelibfabric.mixins.json into net.minecraft.screen.ScreenHandler
[02:24:35] [main/DEBUG] (FabricLoader/Mixin) Mixing VanillaCraftingScreenMixin from svframelibfabric.mixins.json into net.minecraft.screen.ScreenHandler
[02:24:35] [main/DEBUG] (FabricLoader/Mixin) svframelibfabric.mixins.json:WorkbenchScreenMixin from mod svframelib->@Inject::svframelib$craftingClick(IILnet/minecraft/screen/slot/SlotActionType;Lnet/minecraft/entity/player/PlayerEntity;Lorg/spongepowered/asm/mixin/injection/callback/CallbackInfo;)V does use it's CallbackInfo
[02:24:35] [main/DEBUG] (FabricLoader/Mixin) svframelibfabric.mixins.json:WorkbenchScreenMixin from mod svframelib->@Inject::svframelib$refreshVanillaCrafting(IILnet/minecraft/screen/slot/SlotActionType;Lnet/minecraft/entity/player/PlayerEntity;Lorg/spongepowered/asm/mixin/injection/callback/CallbackInfo;)V doesn't use it's CallbackInfo
[02:24:35] [main/DEBUG] (FabricLoader/Mixin) svframelibfabric.mixins.json:WorkbenchScreenMixin from mod svframelib->@Inject::svframelib$refreshVanillaCrafting(IILnet/minecraft/screen/slot/SlotActionType;Lnet/minecraft/entity/player/PlayerEntity;Lorg/spongepowered/asm/mixin/injection/callback/CallbackInfo;)V has 0 override(s) in child classes
[02:24:35] [main/DEBUG] (FabricLoader/Mixin) svframelibfabric.mixins.json:WorkbenchScreenMixin from mod svframelib->@Inject::svframelib$refreshVanillaCrafting(IILnet/minecraft/screen/slot/SlotActionType;Lnet/minecraft/entity/player/PlayerEntity;Lorg/spongepowered/asm/mixin/injection/callback/CallbackInfo;)V won't be passed a CallbackInfo as a result
[02:24:35] [main/DEBUG] (FabricLoader/Mixin) svframelibfabric.mixins.json:VanillaCraftingScreenMixin from mod svframelib->@Inject::svframelib$vanillaCraftingClick(IILnet/minecraft/screen/slot/SlotActionType;Lnet/minecraft/entity/player/PlayerEntity;Lorg/spongepowered/asm/mixin/injection/callback/CallbackInfo;)V does use it's CallbackInfo
[02:24:35] [main/DEBUG] (FabricLoader/Mixin) Mixing AbstractFurnaceBlockEntityMixin from fabric-transfer-api-v1.mixins.json into net.minecraft.block.entity.AbstractFurnaceBlockEntity
[02:24:35] [main/DEBUG] (FabricLoader/Mixin) fabric-transfer-api-v1.mixins.json:AbstractFurnaceBlockEntityMixin from mod fabric-transfer-api-v1: Class version 65 required is higher than the class version supported by the current version of Mixin (JAVA_17 supports class version 61)
[02:24:35] [main/DEBUG] (FabricLoader/Mixin) Mixing AbstractFurnaceBlockEntityMixin from fabric-item-api-v1.mixins.json into net.minecraft.block.entity.AbstractFurnaceBlockEntity
[02:24:35] [main/DEBUG] (FabricLoader/Mixin) fabric-item-api-v1.mixins.json:AbstractFurnaceBlockEntityMixin from mod fabric-item-api-v1: Class version 65 required is higher than the class version supported by the current version of Mixin (JAVA_17 supports class version 61)
[02:24:35] [main/DEBUG] (FabricLoader/Mixin) Mixing AbstractFurnaceBlockEntityMixin from fabric-content-registries-v0.mixins.json into net.minecraft.block.entity.AbstractFurnaceBlockEntity
[02:24:35] [main/DEBUG] (FabricLoader/Mixin) fabric-content-registries-v0.mixins.json:AbstractFurnaceBlockEntityMixin from mod fabric-content-registries-v0: Class version 65 required is higher than the class version supported by the current version of Mixin (JAVA_17 supports class version 61)
[02:24:35] [main/DEBUG] (FabricLoader/Mixin) fabric-transfer-api-v1.mixins.json:AbstractFurnaceBlockEntityMixin from mod fabric-transfer-api-v1->@Inject::setStackSuppressUpdate(ILnet/minecraft/item/ItemStack;Lorg/spongepowered/asm/mixin/injection/callback/CallbackInfo;)V does use it's CallbackInfo
[02:24:35] [main/DEBUG] (FabricLoader/Mixin) fabric-item-api-v1.mixins.json:AbstractFurnaceBlockEntityMixin from mod fabric-item-api-v1->@Inject::getStackRemainder(Lnet/minecraft/world/World;Lnet/minecraft/util/math/BlockPos;Lnet/minecraft/block/BlockState;Lnet/minecraft/block/entity/AbstractFurnaceBlockEntity;Lorg/spongepowered/asm/mixin/injection/callback/CallbackInfo;ZZLnet/minecraft/item/ItemStack;Lnet/minecraft/item/ItemStack;ZZLnet/minecraft/recipe/RecipeEntry;I)V doesn't use it's CallbackInfo
[02:24:35] [main/DEBUG] (FabricLoader/Mixin) fabric-content-registries-v0.mixins.json:AbstractFurnaceBlockEntityMixin from mod fabric-content-registries-v0->@Inject::fuelTimeMapHook(Lorg/spongepowered/asm/mixin/injection/callback/CallbackInfoReturnable;)V does use it's CallbackInfoReturnable
[02:24:35] [main/DEBUG] (FabricLoader/Mixin) fabric-content-registries-v0.mixins.json:AbstractFurnaceBlockEntityMixin from mod fabric-content-registries-v0->@Inject::fuelTimeMapHook(Lorg/spongepowered/asm/mixin/injection/callback/CallbackInfoReturnable;)V does use it's CallbackInfoReturnable
[02:24:35] [main/DEBUG] (FabricLoader/Mixin) Mixing PersistentProjectileTriggerMixin from svframelibfabric.mixins.json into net.minecraft.entity.projectile.PersistentProjectileEntity
[02:24:35] [main/DEBUG] (FabricLoader/Mixin) svframelibfabric.mixins.json:PersistentProjectileTriggerMixin from mod svframelib->@Inject::svframelib$projectileTick(Lorg/spongepowered/asm/mixin/injection/callback/CallbackInfo;)V doesn't use it's CallbackInfo
[02:24:36] [main/DEBUG] (FabricLoader/Mixin) svframelibfabric.mixins.json:PersistentProjectileTriggerMixin from mod svframelib->@Inject::svframelib$projectileTick(Lorg/spongepowered/asm/mixin/injection/callback/CallbackInfo;)V has 0 override(s) in child classes
[02:24:36] [main/DEBUG] (FabricLoader/Mixin) svframelibfabric.mixins.json:PersistentProjectileTriggerMixin from mod svframelib->@Inject::svframelib$projectileTick(Lorg/spongepowered/asm/mixin/injection/callback/CallbackInfo;)V won't be passed a CallbackInfo as a result
[02:24:36] [main/DEBUG] (FabricLoader/Mixin) svframelibfabric.mixins.json:PersistentProjectileTriggerMixin from mod svframelib->@Inject::svframelib$projectileHit(Lnet/minecraft/util/hit/EntityHitResult;Lorg/spongepowered/asm/mixin/injection/callback/CallbackInfo;)V doesn't use it's CallbackInfo
[02:24:36] [main/DEBUG] (FabricLoader/Mixin) svframelibfabric.mixins.json:PersistentProjectileTriggerMixin from mod svframelib->@Inject::svframelib$projectileHit(Lnet/minecraft/util/hit/EntityHitResult;Lorg/spongepowered/asm/mixin/injection/callback/CallbackInfo;)V has 0 override(s) in child classes
[02:24:36] [main/DEBUG] (FabricLoader/Mixin) svframelibfabric.mixins.json:PersistentProjectileTriggerMixin from mod svframelib->@Inject::svframelib$projectileHit(Lnet/minecraft/util/hit/EntityHitResult;Lorg/spongepowered/asm/mixin/injection/callback/CallbackInfo;)V won't be passed a CallbackInfo as a result
[02:24:36] [main/DEBUG] (FabricLoader/Mixin) svframelibfabric.mixins.json:PersistentProjectileTriggerMixin from mod svframelib->@Inject::svframelib$projectileLand(Lnet/minecraft/util/hit/BlockHitResult;Lorg/spongepowered/asm/mixin/injection/callback/CallbackInfo;)V doesn't use it's CallbackInfo
[02:24:36] [main/DEBUG] (FabricLoader/Mixin) svframelibfabric.mixins.json:PersistentProjectileTriggerMixin from mod svframelib->@Inject::svframelib$projectileLand(Lnet/minecraft/util/hit/BlockHitResult;Lorg/spongepowered/asm/mixin/injection/callback/CallbackInfo;)V has 0 override(s) in child classes
[02:24:36] [main/DEBUG] (FabricLoader/Mixin) svframelibfabric.mixins.json:PersistentProjectileTriggerMixin from mod svframelib->@Inject::svframelib$projectileLand(Lnet/minecraft/util/hit/BlockHitResult;Lorg/spongepowered/asm/mixin/injection/callback/CallbackInfo;)V won't be passed a CallbackInfo as a result
[02:24:36] [main/DEBUG] (FabricLoader/Mixin) Mixing ProjectileEntitySnapshotMixin from svframelibfabric.mixins.json into net.minecraft.entity.projectile.ProjectileEntity
[02:24:36] [main/DEBUG] (FabricLoader/Mixin) svframelibfabric.mixins.json:ProjectileEntitySnapshotMixin from mod svframelib->@Inject::svframelib$capturePassiveSnapshot(Lnet/minecraft/entity/Entity;Lorg/spongepowered/asm/mixin/injection/callback/CallbackInfo;)V doesn't use it's CallbackInfo
[02:24:36] [main/DEBUG] (FabricLoader/Mixin) svframelibfabric.mixins.json:ProjectileEntitySnapshotMixin from mod svframelib->@Inject::svframelib$capturePassiveSnapshot(Lnet/minecraft/entity/Entity;Lorg/spongepowered/asm/mixin/injection/callback/CallbackInfo;)V has 0 override(s) in child classes
[02:24:36] [main/DEBUG] (FabricLoader/Mixin) svframelibfabric.mixins.json:ProjectileEntitySnapshotMixin from mod svframelib->@Inject::svframelib$capturePassiveSnapshot(Lnet/minecraft/entity/Entity;Lorg/spongepowered/asm/mixin/injection/callback/CallbackInfo;)V won't be passed a CallbackInfo as a result
[02:24:36] [main/DEBUG] (FabricLoader/Mixin) Mixing JukeboxBlockEntityMixin from fabric-transfer-api-v1.mixins.json into net.minecraft.block.entity.JukeboxBlockEntity
[02:24:36] [main/DEBUG] (FabricLoader/Mixin) fabric-transfer-api-v1.mixins.json:JukeboxBlockEntityMixin from mod fabric-transfer-api-v1: Class version 65 required is higher than the class version supported by the current version of Mixin (JAVA_17 supports class version 61)
[02:24:36] [main/DEBUG] (FabricLoader/Mixin) fabric-transfer-api-v1.mixins.json:JukeboxBlockEntityMixin from mod fabric-transfer-api-v1->@Inject::setStackBypass(Lnet/minecraft/item/ItemStack;Lorg/spongepowered/asm/mixin/injection/callback/CallbackInfo;)V does use it's CallbackInfo
[02:24:36] [main/DEBUG] (FabricLoader/Mixin) Mixing BrewingStandBlockEntityMixin from fabric-item-api-v1.mixins.json into net.minecraft.block.entity.BrewingStandBlockEntity
[02:24:36] [main/DEBUG] (FabricLoader/Mixin) fabric-item-api-v1.mixins.json:BrewingStandBlockEntityMixin from mod fabric-item-api-v1: Class version 65 required is higher than the class version supported by the current version of Mixin (JAVA_17 supports class version 61)
[02:24:36] [main/DEBUG] (FabricLoader/Mixin) fabric-item-api-v1.mixins.json:BrewingStandBlockEntityMixin from mod fabric-item-api-v1->@Inject::captureItemStack(Lnet/minecraft/world/World;Lnet/minecraft/util/math/BlockPos;Lnet/minecraft/util/collection/DefaultedList;Lorg/spongepowered/asm/mixin/injection/callback/CallbackInfo;Lnet/minecraft/item/ItemStack;)V doesn't use it's CallbackInfo
[02:24:36] [main/DEBUG] (FabricLoader/Mixin) Mixing ItemStackMixin from fabric-item-api-v1.mixins.json into net.minecraft.item.ItemStack
[02:24:36] [main/DEBUG] (FabricLoader/Mixin) fabric-item-api-v1.mixins.json:ItemStackMixin from mod fabric-item-api-v1: Class version 65 required is higher than the class version supported by the current version of Mixin (JAVA_17 supports class version 61)
[02:24:36] [main/DEBUG] (FabricLoader/Mixin) Renaming synthetic method lambda$hookDamage$0(Lorg/apache/commons/lang3/mutable/MutableBoolean;Ljava/util/function/Consumer;)V to md13010e$fabric-item-api-v1$lambda$hookDamage$0$0 in fabric-item-api-v1.mixins.json:ItemStackMixin from mod fabric-item-api-v1
[02:24:36] [main/DEBUG] (FabricLoader/Mixin) Mixing AnvilScreenHandlerMixin from fabric-item-api-v1.mixins.json into net.minecraft.screen.AnvilScreenHandler
[02:24:36] [main/DEBUG] (FabricLoader/Mixin) fabric-item-api-v1.mixins.json:AnvilScreenHandlerMixin from mod fabric-item-api-v1: Class version 65 required is higher than the class version supported by the current version of Mixin (JAVA_17 supports class version 61)
[02:24:36] [main/DEBUG] (FabricLoader/Mixin) Mixing HopperBlockEntityMixin from fabric-transfer-api-v1.mixins.json into net.minecraft.block.entity.HopperBlockEntity
[02:24:36] [main/DEBUG] (FabricLoader/Mixin) fabric-transfer-api-v1.mixins.json:HopperBlockEntityMixin from mod fabric-transfer-api-v1: Class version 65 required is higher than the class version supported by the current version of Mixin (JAVA_17 supports class version 61)
[02:24:36] [main/DEBUG] (FabricLoader/Mixin) Renaming synthetic method lambda$hookExtract$1(Lnet/fabricmc/fabric/api/transfer/v1/item/ItemVariant;)Z to md13010e$fabric-transfer-api-v1$lambda$hookExtract$1$0 in fabric-transfer-api-v1.mixins.json:HopperBlockEntityMixin from mod fabric-transfer-api-v1
[02:24:36] [main/DEBUG] (FabricLoader/Mixin) Renaming synthetic method lambda$hookInsert$0(Lnet/fabricmc/fabric/api/transfer/v1/item/ItemVariant;)Z to md13010e$fabric-transfer-api-v1$lambda$hookInsert$0$1 in fabric-transfer-api-v1.mixins.json:HopperBlockEntityMixin from mod fabric-transfer-api-v1
[02:24:36] [main/DEBUG] (FabricLoader/Mixin) fabric-transfer-api-v1.mixins.json:HopperBlockEntityMixin from mod fabric-transfer-api-v1->@Inject::hookInsert(Lnet/minecraft/world/World;Lnet/minecraft/util/math/BlockPos;Lnet/minecraft/block/entity/HopperBlockEntity;Lorg/spongepowered/asm/mixin/injection/callback/CallbackInfoReturnable;)V does use it's CallbackInfoReturnable
[02:24:36] [main/DEBUG] (FabricLoader/Mixin) fabric-transfer-api-v1.mixins.json:HopperBlockEntityMixin from mod fabric-transfer-api-v1->@Inject::hookExtract(Lnet/minecraft/world/World;Lnet/minecraft/block/entity/Hopper;Lorg/spongepowered/asm/mixin/injection/callback/CallbackInfoReturnable;)V does use it's CallbackInfoReturnable
[02:24:36] [main/DEBUG] (FabricLoader/Mixin) Mixing BannerBlockEntityMixin from fabric-data-attachment-api-v1.mixins.json into net.minecraft.block.entity.BannerBlockEntity
[02:24:36] [main/DEBUG] (FabricLoader/Mixin) fabric-data-attachment-api-v1.mixins.json:BannerBlockEntityMixin from mod fabric-data-attachment-api-v1: Class version 65 required is higher than the class version supported by the current version of Mixin (JAVA_17 supports class version 61)
[02:24:36] [main/DEBUG] (FabricLoader/Mixin) Mixing TadpoleEntityMixin from fabric-entity-events-v1.mixins.json into net.minecraft.entity.passive.TadpoleEntity
[02:24:36] [main/DEBUG] (FabricLoader/Mixin) fabric-entity-events-v1.mixins.json:TadpoleEntityMixin from mod fabric-entity-events-v1: Class version 65 required is higher than the class version supported by the current version of Mixin (JAVA_17 supports class version 61)
[02:24:37] [main/DEBUG] (FabricLoader/Mixin) Mixing ItemMixin from fabric-transfer-api-v1.mixins.json into net.minecraft.item.Item
[02:24:37] [main/DEBUG] (FabricLoader/Mixin) fabric-transfer-api-v1.mixins.json:ItemMixin from mod fabric-transfer-api-v1: Class version 65 required is higher than the class version supported by the current version of Mixin (JAVA_17 supports class version 61)
[02:24:37] [main/DEBUG] (FabricLoader/Mixin) Mixing ItemAccessor from fabric-item-api-v1.mixins.json into net.minecraft.item.Item
[02:24:37] [main/DEBUG] (FabricLoader/Mixin) fabric-item-api-v1.mixins.json:ItemAccessor from mod fabric-item-api-v1: Class version 65 required is higher than the class version supported by the current version of Mixin (JAVA_17 supports class version 61)
[02:24:37] [main/DEBUG] (FabricLoader/Mixin) Mixing ItemMixin from fabric-item-api-v1.mixins.json into net.minecraft.item.Item
[02:24:37] [main/DEBUG] (FabricLoader/Mixin) fabric-item-api-v1.mixins.json:ItemMixin from mod fabric-item-api-v1: Class version 65 required is higher than the class version supported by the current version of Mixin (JAVA_17 supports class version 61)
[02:24:37] [main/DEBUG] (FabricLoader/Mixin) fabric-item-api-v1.mixins.json:ItemMixin from mod fabric-item-api-v1->@Inject::onConstruct(Lnet/minecraft/item/Item$Settings;Lorg/spongepowered/asm/mixin/injection/callback/CallbackInfo;)V doesn't use it's CallbackInfo
[02:24:37] [main/DEBUG] (FabricLoader/Mixin) fabric-item-api-v1.mixins.json:ItemMixin from mod fabric-item-api-v1->@Inject::onConstruct(Lnet/minecraft/item/Item$Settings;Lorg/spongepowered/asm/mixin/injection/callback/CallbackInfo;)V has 0 override(s) in child classes
[02:24:37] [main/DEBUG] (FabricLoader/Mixin) fabric-item-api-v1.mixins.json:ItemMixin from mod fabric-item-api-v1->@Inject::onConstruct(Lnet/minecraft/item/Item$Settings;Lorg/spongepowered/asm/mixin/injection/callback/CallbackInfo;)V won't be passed a CallbackInfo as a result
[02:24:37] [main/DEBUG] (FabricLoader/Mixin) Mixing BlockItemPlaceTriggerMixin from svframelibfabric.mixins.json into net.minecraft.item.BlockItem
[02:24:37] [main/DEBUG] (FabricLoader/Mixin) svframelibfabric.mixins.json:BlockItemPlaceTriggerMixin from mod svframelib->@Inject::svframelib$placedBlock(Lnet/minecraft/item/ItemPlacementContext;Lorg/spongepowered/asm/mixin/injection/callback/CallbackInfoReturnable;)V does use it's CallbackInfoReturnable
[02:24:37] [main/DEBUG] (FabricLoader/Mixin) svframelibfabric.mixins.json:BlockItemPlaceTriggerMixin from mod svframelib->@Inject::svframelib$placedBlock(Lnet/minecraft/item/ItemPlacementContext;Lorg/spongepowered/asm/mixin/injection/callback/CallbackInfoReturnable;)V does use it's CallbackInfoReturnable
[02:24:37] [main/DEBUG] (FabricLoader/Mixin) svframelibfabric.mixins.json:BlockItemPlaceTriggerMixin from mod svframelib->@Inject::svframelib$placedBlock(Lnet/minecraft/item/ItemPlacementContext;Lorg/spongepowered/asm/mixin/injection/callback/CallbackInfoReturnable;)V does use it's CallbackInfoReturnable
[02:24:37] [main/DEBUG] (FabricLoader/Mixin) svframelibfabric.mixins.json:BlockItemPlaceTriggerMixin from mod svframelib->@Inject::svframelib$placedBlock(Lnet/minecraft/item/ItemPlacementContext;Lorg/spongepowered/asm/mixin/injection/callback/CallbackInfoReturnable;)V does use it's CallbackInfoReturnable
[02:24:37] [main/DEBUG] (FabricLoader/Mixin) svframelibfabric.mixins.json:BlockItemPlaceTriggerMixin from mod svframelib->@Inject::svframelib$placedBlock(Lnet/minecraft/item/ItemPlacementContext;Lorg/spongepowered/asm/mixin/injection/callback/CallbackInfoReturnable;)V does use it's CallbackInfoReturnable
[02:24:37] [main/DEBUG] (FabricLoader/Mixin) svframelibfabric.mixins.json:BlockItemPlaceTriggerMixin from mod svframelib->@Inject::svframelib$placedBlock(Lnet/minecraft/item/ItemPlacementContext;Lorg/spongepowered/asm/mixin/injection/callback/CallbackInfoReturnable;)V does use it's CallbackInfoReturnable
[02:24:37] [main/DEBUG] (FabricLoader/Mixin) Mixing ShovelItemAccessor from fabric-content-registries-v0.mixins.json into net.minecraft.item.ShovelItem
[02:24:37] [main/DEBUG] (FabricLoader/Mixin) fabric-content-registries-v0.mixins.json:ShovelItemAccessor from mod fabric-content-registries-v0: Class version 65 required is higher than the class version supported by the current version of Mixin (JAVA_17 supports class version 61)
[02:24:37] [main/DEBUG] (FabricLoader/Mixin) Renaming @Accessor method getPathStates()Ljava/util/Map; to getPathStates$fabric-content-registries-v0_$md$13010e$0 in fabric-content-registries-v0.mixins.json:ShovelItemAccessor from mod fabric-content-registries-v0
[02:24:37] [main/DEBUG] (FabricLoader/Mixin) Mixing AxeItemAccessor from fabric-content-registries-v0.mixins.json into net.minecraft.item.AxeItem
[02:24:37] [main/DEBUG] (FabricLoader/Mixin) fabric-content-registries-v0.mixins.json:AxeItemAccessor from mod fabric-content-registries-v0: Class version 65 required is higher than the class version supported by the current version of Mixin (JAVA_17 supports class version 61)
[02:24:37] [main/DEBUG] (FabricLoader/Mixin) Renaming @Accessor method getStrippedBlocks()Ljava/util/Map; to getStrippedBlocks$fabric-content-registries-v0_$md$13010e$0 in fabric-content-registries-v0.mixins.json:AxeItemAccessor from mod fabric-content-registries-v0
[02:24:37] [main/DEBUG] (FabricLoader/Mixin) Renaming @Accessor method setStrippedBlocks(Ljava/util/Map;)V to setStrippedBlocks$fabric-content-registries-v0_$md$13010e$1 in fabric-content-registries-v0.mixins.json:AxeItemAccessor from mod fabric-content-registries-v0
[02:24:37] [main/DEBUG] (FabricLoader/Mixin) Mixing HoeItemAccessor from fabric-content-registries-v0.mixins.json into net.minecraft.item.HoeItem
[02:24:37] [main/DEBUG] (FabricLoader/Mixin) fabric-content-registries-v0.mixins.json:HoeItemAccessor from mod fabric-content-registries-v0: Class version 65 required is higher than the class version supported by the current version of Mixin (JAVA_17 supports class version 61)
[02:24:37] [main/DEBUG] (FabricLoader/Mixin) Renaming @Accessor method getTillingActions()Ljava/util/Map; to getTillingActions$fabric-content-registries-v0_$md$13010e$0 in fabric-content-registries-v0.mixins.json:HoeItemAccessor from mod fabric-content-registries-v0
[02:24:37] [main/DEBUG] (FabricLoader/Mixin) Mixing BucketItemAccessor from fabric-transfer-api-v1.mixins.json into net.minecraft.item.BucketItem
[02:24:37] [main/DEBUG] (FabricLoader/Mixin) fabric-transfer-api-v1.mixins.json:BucketItemAccessor from mod fabric-transfer-api-v1: Class version 65 required is higher than the class version supported by the current version of Mixin (JAVA_17 supports class version 61)
[02:24:37] [main/DEBUG] (FabricLoader/Mixin) Mixing BucketItemMixin from fabric-transfer-api-v1.mixins.json into net.minecraft.item.BucketItem
[02:24:37] [main/DEBUG] (FabricLoader/Mixin) fabric-transfer-api-v1.mixins.json:BucketItemMixin from mod fabric-transfer-api-v1: Class version 65 required is higher than the class version supported by the current version of Mixin (JAVA_17 supports class version 61)
[02:24:37] [main/DEBUG] (FabricLoader/Mixin) Mixing CrossbowTriggerMixin from svframelibfabric.mixins.json into net.minecraft.item.CrossbowItem
[02:24:37] [main/DEBUG] (FabricLoader/Mixin) svframelibfabric.mixins.json:CrossbowTriggerMixin from mod svframelib->@Inject::svframelib$crossbowShot(Lnet/minecraft/world/World;Lnet/minecraft/entity/LivingEntity;Lnet/minecraft/util/Hand;Lnet/minecraft/item/ItemStack;FFLnet/minecraft/entity/LivingEntity;Lorg/spongepowered/asm/mixin/injection/callback/CallbackInfo;)V doesn't use it's CallbackInfo
[02:24:37] [main/DEBUG] (FabricLoader/Mixin) svframelibfabric.mixins.json:CrossbowTriggerMixin from mod svframelib->@Inject::svframelib$crossbowShot(Lnet/minecraft/world/World;Lnet/minecraft/entity/LivingEntity;Lnet/minecraft/util/Hand;Lnet/minecraft/item/ItemStack;FFLnet/minecraft/entity/LivingEntity;Lorg/spongepowered/asm/mixin/injection/callback/CallbackInfo;)V has 0 override(s) in child classes
[02:24:37] [main/DEBUG] (FabricLoader/Mixin) svframelibfabric.mixins.json:CrossbowTriggerMixin from mod svframelib->@Inject::svframelib$crossbowShot(Lnet/minecraft/world/World;Lnet/minecraft/entity/LivingEntity;Lnet/minecraft/util/Hand;Lnet/minecraft/item/ItemStack;FFLnet/minecraft/entity/LivingEntity;Lorg/spongepowered/asm/mixin/injection/callback/CallbackInfo;)V won't be passed a CallbackInfo as a result
[02:24:37] [main/DEBUG] (FabricLoader/Mixin) Mixing HoneycombItemMixin from fabric-content-registries-v0.mixins.json into net.minecraft.item.HoneycombItem
[02:24:37] [main/DEBUG] (FabricLoader/Mixin) fabric-content-registries-v0.mixins.json:HoneycombItemMixin from mod fabric-content-registries-v0: Class version 65 required is higher than the class version supported by the current version of Mixin (JAVA_17 supports class version 61)
[02:24:37] [main/DEBUG] (FabricLoader/Mixin) fabric-content-registries-v0.mixins.json:HoneycombItemMixin from mod fabric-content-registries-v0->@Inject::createUnwaxedToWaxedMap(Lorg/spongepowered/asm/mixin/injection/callback/CallbackInfoReturnable;)V does use it's CallbackInfoReturnable
[02:24:37] [main/DEBUG] (FabricLoader/Mixin) Mixing ItemSettingsMixin from fabric-item-api-v1.mixins.json into net.minecraft.item.Item$Settings
[02:24:37] [main/DEBUG] (FabricLoader/Mixin) fabric-item-api-v1.mixins.json:ItemSettingsMixin from mod fabric-item-api-v1: Class version 65 required is higher than the class version supported by the current version of Mixin (JAVA_17 supports class version 61)
[02:24:37] [main/DEBUG] (FabricLoader/Mixin) Mixing TagKeyMixin from fabric-convention-tags-api-v2.mixins.json into net.minecraft.registry.tag.TagKey
[02:24:37] [main/DEBUG] (FabricLoader/Mixin) fabric-convention-tags-api-v2.mixins.json:TagKeyMixin from mod fabric-convention-tags-v2: Class version 65 required is higher than the class version supported by the current version of Mixin (JAVA_17 supports class version 61)
[02:24:37] [main/DEBUG] (FabricLoader/Mixin) Mixing BundleContentsComponentAccessor from fabric-transfer-api-v1.mixins.json into net.minecraft.component.type.BundleContentsComponent
[02:24:37] [main/DEBUG] (FabricLoader/Mixin) fabric-transfer-api-v1.mixins.json:BundleContentsComponentAccessor from mod fabric-transfer-api-v1: Class version 65 required is higher than the class version supported by the current version of Mixin (JAVA_17 supports class version 61)
[02:24:37] [main/DEBUG] (FabricLoader/Mixin) Renaming @Invoker method getOccupancy(Lnet/minecraft/item/ItemStack;)Lorg/apache/commons/lang3/math/Fraction; to getOccupancy$fabric-transfer-api-v1_$md$13010e$0 in fabric-transfer-api-v1.mixins.json:BundleContentsComponentAccessor from mod fabric-transfer-api-v1
[02:24:37] [main/DEBUG] (FabricLoader/Mixin) Mixing AttachmentTargetsMixin from fabric-data-attachment-api-v1.mixins.json into net.minecraft.world.chunk.Chunk
[02:24:37] [main/DEBUG] (FabricLoader/Mixin) fabric-data-attachment-api-v1.mixins.json:AttachmentTargetsMixin from mod fabric-data-attachment-api-v1: Class version 65 required is higher than the class version supported by the current version of Mixin (JAVA_17 supports class version 61)
[02:24:37] [main/DEBUG] (FabricLoader/Mixin) Mixing ChunkMixin from fabric-data-attachment-api-v1.mixins.json into net.minecraft.world.chunk.Chunk
[02:24:37] [main/DEBUG] (FabricLoader/Mixin) fabric-data-attachment-api-v1.mixins.json:ChunkMixin from mod fabric-data-attachment-api-v1: Class version 65 required is higher than the class version supported by the current version of Mixin (JAVA_17 supports class version 61)
[02:24:37] [main/DEBUG] (FabricLoader/Mixin) Mixing WorldChunkMixin from fabric-data-attachment-api-v1.mixins.json into net.minecraft.world.chunk.WorldChunk
[02:24:37] [main/DEBUG] (FabricLoader/Mixin) fabric-data-attachment-api-v1.mixins.json:WorldChunkMixin from mod fabric-data-attachment-api-v1: Class version 65 required is higher than the class version supported by the current version of Mixin (JAVA_17 supports class version 61)
[02:24:37] [main/DEBUG] (FabricLoader/Mixin) Renaming synthetic method lambda$fabric_syncChange$0(Lnet/fabricmc/fabric/api/attachment/v1/AttachmentType;Lnet/fabricmc/fabric/impl/attachment/sync/s2c/AttachmentSyncPayloadS2C;Lnet/minecraft/server/network/ServerPlayerEntity;)V to md13010e$fabric-data-attachment-api-v1$lambda$fabric_syncChange$0$0 in fabric-data-attachment-api-v1.mixins.json:WorldChunkMixin from mod fabric-data-attachment-api-v1
[02:24:37] [main/DEBUG] (FabricLoader/Mixin) Mixing server.WorldChunkMixin from fabric-lifecycle-events-v1.mixins.json into net.minecraft.world.chunk.WorldChunk
[02:24:37] [main/DEBUG] (FabricLoader/Mixin) fabric-lifecycle-events-v1.mixins.json:server.WorldChunkMixin from mod fabric-lifecycle-events-v1: Class version 65 required is higher than the class version supported by the current version of Mixin (JAVA_17 supports class version 61)
[02:24:37] [main/DEBUG] (FabricLoader/Mixin) fabric-data-attachment-api-v1.mixins.json:WorldChunkMixin from mod fabric-data-attachment-api-v1->@Inject::transferProtoChunkAttachement(Lnet/minecraft/server/world/ServerWorld;Lnet/minecraft/world/chunk/ProtoChunk;Lnet/minecraft/world/chunk/WorldChunk$EntityLoader;Lorg/spongepowered/asm/mixin/injection/callback/CallbackInfo;)V doesn't use it's CallbackInfo
[02:24:37] [main/DEBUG] (FabricLoader/Mixin) fabric-data-attachment-api-v1.mixins.json:WorldChunkMixin from mod fabric-data-attachment-api-v1->@Inject::transferProtoChunkAttachement(Lnet/minecraft/server/world/ServerWorld;Lnet/minecraft/world/chunk/ProtoChunk;Lnet/minecraft/world/chunk/WorldChunk$EntityLoader;Lorg/spongepowered/asm/mixin/injection/callback/CallbackInfo;)V has 0 override(s) in child classes
[02:24:37] [main/DEBUG] (FabricLoader/Mixin) fabric-data-attachment-api-v1.mixins.json:WorldChunkMixin from mod fabric-data-attachment-api-v1->@Inject::transferProtoChunkAttachement(Lnet/minecraft/server/world/ServerWorld;Lnet/minecraft/world/chunk/ProtoChunk;Lnet/minecraft/world/chunk/WorldChunk$EntityLoader;Lorg/spongepowered/asm/mixin/injection/callback/CallbackInfo;)V won't be passed a CallbackInfo as a result
[02:24:37] [main/DEBUG] (FabricLoader/Mixin) fabric-lifecycle-events-v1.mixins.json:server.WorldChunkMixin from mod fabric-lifecycle-events-v1->@Inject::onLoadBlockEntity(Lnet/minecraft/block/entity/BlockEntity;Lorg/spongepowered/asm/mixin/injection/callback/CallbackInfo;)V doesn't use it's CallbackInfo
[02:24:37] [main/DEBUG] (FabricLoader/Mixin) fabric-lifecycle-events-v1.mixins.json:server.WorldChunkMixin from mod fabric-lifecycle-events-v1->@Inject::onLoadBlockEntity(Lnet/minecraft/block/entity/BlockEntity;Lorg/spongepowered/asm/mixin/injection/callback/CallbackInfo;)V has 0 override(s) in child classes
[02:24:37] [main/DEBUG] (FabricLoader/Mixin) fabric-lifecycle-events-v1.mixins.json:server.WorldChunkMixin from mod fabric-lifecycle-events-v1->@Inject::onLoadBlockEntity(Lnet/minecraft/block/entity/BlockEntity;Lorg/spongepowered/asm/mixin/injection/callback/CallbackInfo;)V won't be passed a CallbackInfo as a result
[02:24:37] [main/DEBUG] (FabricLoader/Mixin) fabric-lifecycle-events-v1.mixins.json:server.WorldChunkMixin from mod fabric-lifecycle-events-v1->@Inject::onRemoveBlockEntity(Lnet/minecraft/block/entity/BlockEntity;Lorg/spongepowered/asm/mixin/injection/callback/CallbackInfo;)V doesn't use it's CallbackInfo
[02:24:37] [main/DEBUG] (FabricLoader/Mixin) fabric-lifecycle-events-v1.mixins.json:server.WorldChunkMixin from mod fabric-lifecycle-events-v1->@Inject::onRemoveBlockEntity(Lnet/minecraft/block/entity/BlockEntity;Lorg/spongepowered/asm/mixin/injection/callback/CallbackInfo;)V has 0 override(s) in child classes
[02:24:37] [main/DEBUG] (FabricLoader/Mixin) fabric-lifecycle-events-v1.mixins.json:server.WorldChunkMixin from mod fabric-lifecycle-events-v1->@Inject::onRemoveBlockEntity(Lnet/minecraft/block/entity/BlockEntity;Lorg/spongepowered/asm/mixin/injection/callback/CallbackInfo;)V won't be passed a CallbackInfo as a result
[02:24:37] [main/DEBUG] (FabricLoader/Mixin) fabric-lifecycle-events-v1.mixins.json:server.WorldChunkMixin from mod fabric-lifecycle-events-v1->@Inject::onRemoveBlockEntity(Lnet/minecraft/util/math/BlockPos;Lorg/spongepowered/asm/mixin/injection/callback/CallbackInfo;Lnet/minecraft/block/entity/BlockEntity;)V doesn't use it's CallbackInfo
[02:24:37] [main/DEBUG] (FabricLoader/Mixin) fabric-lifecycle-events-v1.mixins.json:server.WorldChunkMixin from mod fabric-lifecycle-events-v1->@Inject::onRemoveBlockEntity(Lnet/minecraft/util/math/BlockPos;Lorg/spongepowered/asm/mixin/injection/callback/CallbackInfo;Lnet/minecraft/block/entity/BlockEntity;)V has 0 override(s) in child classes
[02:24:37] [main/DEBUG] (FabricLoader/Mixin) fabric-lifecycle-events-v1.mixins.json:server.WorldChunkMixin from mod fabric-lifecycle-events-v1->@Inject::onRemoveBlockEntity(Lnet/minecraft/util/math/BlockPos;Lorg/spongepowered/asm/mixin/injection/callback/CallbackInfo;Lnet/minecraft/block/entity/BlockEntity;)V won't be passed a CallbackInfo as a result
[02:24:37] [main/DEBUG] (FabricLoader/Mixin) Mixing ContainerComponentAccessor from fabric-transfer-api-v1.mixins.json into net.minecraft.component.type.ContainerComponent
[02:24:37] [main/DEBUG] (FabricLoader/Mixin) fabric-transfer-api-v1.mixins.json:ContainerComponentAccessor from mod fabric-transfer-api-v1: Class version 65 required is higher than the class version supported by the current version of Mixin (JAVA_17 supports class version 61)
[02:24:37] [main/DEBUG] (FabricLoader/Mixin) Mixing EntityTypeBuilderMixin from fabric-object-builder-v1.mixins.json into net.minecraft.entity.EntityType$Builder
[02:24:37] [main/DEBUG] (FabricLoader/Mixin) fabric-object-builder-v1.mixins.json:EntityTypeBuilderMixin from mod fabric-object-builder-api-v1: Class version 65 required is higher than the class version supported by the current version of Mixin (JAVA_17 supports class version 61)
[02:24:37] [main/DEBUG] (FabricLoader/Mixin) fabric-object-builder-v1.mixins.json:EntityTypeBuilderMixin from mod fabric-object-builder-api-v1->@Inject::applyChildBuilders(Ljava/lang/String;Lorg/spongepowered/asm/mixin/injection/callback/CallbackInfoReturnable;)V does use it's CallbackInfoReturnable
[02:24:37] [main/DEBUG] (FabricLoader/Mixin) Mixing TaggedChoiceMixin from fabric-dimensions-v1.mixins.json into com.mojang.datafixers.types.templates.TaggedChoice
[02:24:37] [main/DEBUG] (FabricLoader/Mixin) fabric-dimensions-v1.mixins.json:TaggedChoiceMixin from mod fabric-dimensions-v1: Class version 65 required is higher than the class version supported by the current version of Mixin (JAVA_17 supports class version 61)
[02:24:37] [main/DEBUG] (FabricLoader/Mixin) fabric-dimensions-v1.mixins.json:TaggedChoiceMixin from mod fabric-dimensions-v1->@Inject::onApply(Lcom/mojang/datafixers/util/Pair;Lorg/spongepowered/asm/mixin/injection/callback/CallbackInfoReturnable;)V does use it's CallbackInfoReturnable
[02:24:37] [main/DEBUG] (FabricLoader/Mixin) Mixing TaggedChoiceTypeMixin from fabric-dimensions-v1.mixins.json into com.mojang.datafixers.types.templates.TaggedChoice$TaggedChoiceType
[02:24:37] [main/DEBUG] (FabricLoader/Mixin) fabric-dimensions-v1.mixins.json:TaggedChoiceTypeMixin from mod fabric-dimensions-v1: Class version 65 required is higher than the class version supported by the current version of Mixin (JAVA_17 supports class version 61)
[02:24:37] [main/DEBUG] (FabricLoader/Mixin) fabric-dimensions-v1.mixins.json:TaggedChoiceTypeMixin from mod fabric-dimensions-v1->@Inject::onGetCodec(Ljava/lang/Object;Lorg/spongepowered/asm/mixin/injection/callback/CallbackInfoReturnable;)V does use it's CallbackInfoReturnable
[02:24:38] [main/DEBUG] (FabricLoader/Mixin) Mixing Schema2832Mixin from fabric-dimensions-v1.mixins.json into net.minecraft.datafixer.schema.Schema2832
[02:24:38] [main/DEBUG] (FabricLoader/Mixin) fabric-dimensions-v1.mixins.json:Schema2832Mixin from mod fabric-dimensions-v1: Class version 65 required is higher than the class version supported by the current version of Mixin (JAVA_17 supports class version 61)
[02:24:38] [main/DEBUG] (FabricLoader/Mixin) Mixing DisplayEntityAccessor from svframelibfabric.mixins.json into net.minecraft.entity.decoration.DisplayEntity
[02:24:38] [main/DEBUG] (FabricLoader/Mixin) Mixing ServerPlayerEntityMixin from fabric-screen-handler-api-v1.mixins.json into net.minecraft.server.network.ServerPlayerEntity
[02:24:38] [main/DEBUG] (FabricLoader/Mixin) fabric-screen-handler-api-v1.mixins.json:ServerPlayerEntityMixin from mod fabric-screen-handler-api-v1: Class version 65 required is higher than the class version supported by the current version of Mixin (JAVA_17 supports class version 61)
[02:24:38] [main/DEBUG] (FabricLoader/Mixin) Mixing ServerPlayerTeleportTriggerMixin from svframelibfabric.mixins.json into net.minecraft.server.network.ServerPlayerEntity
[02:24:38] [main/DEBUG] (FabricLoader/Mixin) Mixing ServerPlayerEntityMixin from fabric-events-interaction-v0.mixins.json into net.minecraft.server.network.ServerPlayerEntity
[02:24:38] [main/DEBUG] (FabricLoader/Mixin) fabric-events-interaction-v0.mixins.json:ServerPlayerEntityMixin from mod fabric-events-interaction-v0: Class version 65 required is higher than the class version supported by the current version of Mixin (JAVA_17 supports class version 61)
[02:24:38] [main/DEBUG] (FabricLoader/Mixin) Mixing ServerPlayerEntityMixin from fabric-entity-events-v1.mixins.json into net.minecraft.server.network.ServerPlayerEntity
[02:24:38] [main/DEBUG] (FabricLoader/Mixin) fabric-entity-events-v1.mixins.json:ServerPlayerEntityMixin from mod fabric-entity-events-v1: Class version 65 required is higher than the class version supported by the current version of Mixin (JAVA_17 supports class version 61)
[02:24:38] [main/DEBUG] (FabricLoader/Mixin) fabric-screen-handler-api-v1.mixins.json:ServerPlayerEntityMixin from mod fabric-screen-handler-api-v1->@Inject::fabric_storeOpenedScreenHandler(Lnet/minecraft/screen/NamedScreenHandlerFactory;Lorg/spongepowered/asm/mixin/injection/callback/CallbackInfoReturnable;Lnet/minecraft/screen/ScreenHandler;)V doesn't use it's CallbackInfoReturnable
[02:24:38] [main/DEBUG] (FabricLoader/Mixin) fabric-screen-handler-api-v1.mixins.json:ServerPlayerEntityMixin from mod fabric-screen-handler-api-v1->@Inject::fabric_storeOpenedScreenHandler(Lnet/minecraft/screen/NamedScreenHandlerFactory;Lorg/spongepowered/asm/mixin/injection/callback/CallbackInfoReturnable;Lnet/minecraft/screen/ScreenHandler;)V has 0 override(s) in child classes
[02:24:38] [main/DEBUG] (FabricLoader/Mixin) fabric-screen-handler-api-v1.mixins.json:ServerPlayerEntityMixin from mod fabric-screen-handler-api-v1->@Inject::fabric_storeOpenedScreenHandler(Lnet/minecraft/screen/NamedScreenHandlerFactory;Lorg/spongepowered/asm/mixin/injection/callback/CallbackInfoReturnable;Lnet/minecraft/screen/ScreenHandler;)V won't be passed a CallbackInfoReturnable as a result
[02:24:38] [main/DEBUG] (FabricLoader/Mixin) svframelibfabric.mixins.json:ServerPlayerTeleportTriggerMixin from mod svframelib->@Inject::svframelib$captureTeleportOrigin(Lnet/minecraft/server/world/ServerWorld;DDDLjava/util/Set;FFLorg/spongepowered/asm/mixin/injection/callback/CallbackInfoReturnable;)V doesn't use it's CallbackInfoReturnable
[02:24:38] [main/DEBUG] (FabricLoader/Mixin) svframelibfabric.mixins.json:ServerPlayerTeleportTriggerMixin from mod svframelib->@Inject::svframelib$captureTeleportOrigin(Lnet/minecraft/server/world/ServerWorld;DDDLjava/util/Set;FFLorg/spongepowered/asm/mixin/injection/callback/CallbackInfoReturnable;)V has 0 override(s) in child classes
[02:24:38] [main/DEBUG] (FabricLoader/Mixin) svframelibfabric.mixins.json:ServerPlayerTeleportTriggerMixin from mod svframelib->@Inject::svframelib$captureTeleportOrigin(Lnet/minecraft/server/world/ServerWorld;DDDLjava/util/Set;FFLorg/spongepowered/asm/mixin/injection/callback/CallbackInfoReturnable;)V won't be passed a CallbackInfoReturnable as a result
[02:24:38] [main/DEBUG] (FabricLoader/Mixin) svframelibfabric.mixins.json:ServerPlayerTeleportTriggerMixin from mod svframelib->@Inject::svframelib$fireTeleport(Lnet/minecraft/server/world/ServerWorld;DDDLjava/util/Set;FFLorg/spongepowered/asm/mixin/injection/callback/CallbackInfoReturnable;)V does use it's CallbackInfoReturnable
[02:24:38] [main/DEBUG] (FabricLoader/Mixin) fabric-events-interaction-v0.mixins.json:ServerPlayerEntityMixin from mod fabric-events-interaction-v0->@Inject::onPlayerInteractEntity(Lnet/minecraft/entity/Entity;Lorg/spongepowered/asm/mixin/injection/callback/CallbackInfo;)V does use it's CallbackInfo
[02:24:38] [main/DEBUG] (FabricLoader/Mixin) fabric-entity-events-v1.mixins.json:ServerPlayerEntityMixin from mod fabric-entity-events-v1->@Inject::callOnKillForPlayer(Lnet/minecraft/entity/damage/DamageSource;Lorg/spongepowered/asm/mixin/injection/callback/CallbackInfo;)V doesn't use it's CallbackInfo
[02:24:38] [main/DEBUG] (FabricLoader/Mixin) fabric-entity-events-v1.mixins.json:ServerPlayerEntityMixin from mod fabric-entity-events-v1->@Inject::callOnKillForPlayer(Lnet/minecraft/entity/damage/DamageSource;Lorg/spongepowered/asm/mixin/injection/callback/CallbackInfo;)V has 0 override(s) in child classes
[02:24:38] [main/DEBUG] (FabricLoader/Mixin) fabric-entity-events-v1.mixins.json:ServerPlayerEntityMixin from mod fabric-entity-events-v1->@Inject::callOnKillForPlayer(Lnet/minecraft/entity/damage/DamageSource;Lorg/spongepowered/asm/mixin/injection/callback/CallbackInfo;)V won't be passed a CallbackInfo as a result
[02:24:38] [main/DEBUG] (FabricLoader/Mixin) fabric-entity-events-v1.mixins.json:ServerPlayerEntityMixin from mod fabric-entity-events-v1->@Inject::notifyDeath(Lnet/minecraft/entity/damage/DamageSource;Lorg/spongepowered/asm/mixin/injection/callback/CallbackInfo;)V doesn't use it's CallbackInfo
[02:24:38] [main/DEBUG] (FabricLoader/Mixin) fabric-entity-events-v1.mixins.json:ServerPlayerEntityMixin from mod fabric-entity-events-v1->@Inject::notifyDeath(Lnet/minecraft/entity/damage/DamageSource;Lorg/spongepowered/asm/mixin/injection/callback/CallbackInfo;)V has 0 override(s) in child classes
[02:24:38] [main/DEBUG] (FabricLoader/Mixin) fabric-entity-events-v1.mixins.json:ServerPlayerEntityMixin from mod fabric-entity-events-v1->@Inject::notifyDeath(Lnet/minecraft/entity/damage/DamageSource;Lorg/spongepowered/asm/mixin/injection/callback/CallbackInfo;)V won't be passed a CallbackInfo as a result
[02:24:38] [main/DEBUG] (FabricLoader/Mixin) fabric-entity-events-v1.mixins.json:ServerPlayerEntityMixin from mod fabric-entity-events-v1->@Inject::afterWorldChanged(Lnet/minecraft/server/world/ServerWorld;Lorg/spongepowered/asm/mixin/injection/callback/CallbackInfo;)V doesn't use it's CallbackInfo
[02:24:38] [main/DEBUG] (FabricLoader/Mixin) fabric-entity-events-v1.mixins.json:ServerPlayerEntityMixin from mod fabric-entity-events-v1->@Inject::afterWorldChanged(Lnet/minecraft/server/world/ServerWorld;Lorg/spongepowered/asm/mixin/injection/callback/CallbackInfo;)V has 0 override(s) in child classes
[02:24:38] [main/DEBUG] (FabricLoader/Mixin) fabric-entity-events-v1.mixins.json:ServerPlayerEntityMixin from mod fabric-entity-events-v1->@Inject::afterWorldChanged(Lnet/minecraft/server/world/ServerWorld;Lorg/spongepowered/asm/mixin/injection/callback/CallbackInfo;)V won't be passed a CallbackInfo as a result
[02:24:38] [main/DEBUG] (FabricLoader/Mixin) fabric-entity-events-v1.mixins.json:ServerPlayerEntityMixin from mod fabric-entity-events-v1->@Inject::onCopyFrom(Lnet/minecraft/server/network/ServerPlayerEntity;ZLorg/spongepowered/asm/mixin/injection/callback/CallbackInfo;)V doesn't use it's CallbackInfo
[02:24:38] [main/DEBUG] (FabricLoader/Mixin) fabric-entity-events-v1.mixins.json:ServerPlayerEntityMixin from mod fabric-entity-events-v1->@Inject::onCopyFrom(Lnet/minecraft/server/network/ServerPlayerEntity;ZLorg/spongepowered/asm/mixin/injection/callback/CallbackInfo;)V has 0 override(s) in child classes
[02:24:38] [main/DEBUG] (FabricLoader/Mixin) fabric-entity-events-v1.mixins.json:ServerPlayerEntityMixin from mod fabric-entity-events-v1->@Inject::onCopyFrom(Lnet/minecraft/server/network/ServerPlayerEntity;ZLorg/spongepowered/asm/mixin/injection/callback/CallbackInfo;)V won't be passed a CallbackInfo as a result
[02:24:38] [main/DEBUG] (FabricLoader/Mixin) fabric-entity-events-v1.mixins.json:ServerPlayerEntityMixin from mod fabric-entity-events-v1->@Inject::onTrySleepDirectionCheck(Lnet/minecraft/util/math/BlockPos;Lorg/spongepowered/asm/mixin/injection/callback/CallbackInfoReturnable;Lnet/minecraft/util/math/Direction;)V does use it's CallbackInfoReturnable
[02:24:38] [main/DEBUG] (FabricLoader/Mixin) Mixing MooshroomEntityMixin from fabric-entity-events-v1.mixins.json into net.minecraft.entity.passive.MooshroomEntity
[02:24:38] [main/DEBUG] (FabricLoader/Mixin) fabric-entity-events-v1.mixins.json:MooshroomEntityMixin from mod fabric-entity-events-v1: Class version 65 required is higher than the class version supported by the current version of Mixin (JAVA_17 supports class version 61)
[02:24:38] [main/DEBUG] (FabricLoader/Mixin) Mixing PigEntityMixin from fabric-entity-events-v1.mixins.json into net.minecraft.entity.passive.PigEntity
[02:24:38] [main/DEBUG] (FabricLoader/Mixin) fabric-entity-events-v1.mixins.json:PigEntityMixin from mod fabric-entity-events-v1: Class version 65 required is higher than the class version supported by the current version of Mixin (JAVA_17 supports class version 61)
[02:24:38] [main/DEBUG] (FabricLoader/Mixin) Mixing TextDisplayEntityAccessor from svframelibfabric.mixins.json into net.minecraft.entity.decoration.DisplayEntity$TextDisplayEntity
[02:24:38] [main/DEBUG] (FabricLoader/Mixin) Mixing VillagerEntityAccessor from fabric-content-registries-v0.mixins.json into net.minecraft.entity.passive.VillagerEntity
[02:24:38] [main/DEBUG] (FabricLoader/Mixin) fabric-content-registries-v0.mixins.json:VillagerEntityAccessor from mod fabric-content-registries-v0: Class version 65 required is higher than the class version supported by the current version of Mixin (JAVA_17 supports class version 61)
[02:24:38] [main/DEBUG] (FabricLoader/Mixin) Renaming @Accessor method fabric_setItemFoodValues(Ljava/util/Map;)V to fabric_setItemFoodValues$fabric-content-registries-v0_$md$13010e$0 in fabric-content-registries-v0.mixins.json:VillagerEntityAccessor from mod fabric-content-registries-v0
[02:24:38] [main/DEBUG] (FabricLoader/Mixin) Renaming @Accessor method fabric_setGatherableItems(Ljava/util/Set;)V to fabric_setGatherableItems$fabric-content-registries-v0_$md$13010e$1 in fabric-content-registries-v0.mixins.json:VillagerEntityAccessor from mod fabric-content-registries-v0
[02:24:38] [main/DEBUG] (FabricLoader/Mixin) Renaming @Accessor method fabric_getGatherableItems()Ljava/util/Set; to fabric_getGatherableItems$fabric-content-registries-v0_$md$13010e$2 in fabric-content-registries-v0.mixins.json:VillagerEntityAccessor from mod fabric-content-registries-v0
[02:24:38] [main/DEBUG] (FabricLoader/Mixin) Mixing VillagerEntityMixin from fabric-entity-events-v1.mixins.json into net.minecraft.entity.passive.VillagerEntity
[02:24:38] [main/DEBUG] (FabricLoader/Mixin) fabric-entity-events-v1.mixins.json:VillagerEntityMixin from mod fabric-entity-events-v1: Class version 65 required is higher than the class version supported by the current version of Mixin (JAVA_17 supports class version 61)
[02:24:38] [main/DEBUG] (FabricLoader/Mixin) Mixing ingredient.IngredientMixin from fabric-recipe-api-v1.mixins.json into net.minecraft.recipe.Ingredient
[02:24:38] [main/DEBUG] (FabricLoader/Mixin) fabric-recipe-api-v1.mixins.json:ingredient.IngredientMixin from mod fabric-recipe-api-v1: Class version 65 required is higher than the class version supported by the current version of Mixin (JAVA_17 supports class version 61)
[02:24:38] [main/DEBUG] (FabricLoader/Mixin) Renaming synthetic method lambda$injectCodec$3(Lnet/minecraft/recipe/Ingredient;)Lcom/mojang/datafixers/util/Either; to md13010e$fabric-recipe-api-v1$lambda$injectCodec$3$0 in fabric-recipe-api-v1.mixins.json:ingredient.IngredientMixin from mod fabric-recipe-api-v1
[02:24:38] [main/DEBUG] (FabricLoader/Mixin) Renaming synthetic method lambda$injectCodec$2(Lcom/mojang/datafixers/util/Either;)Lnet/minecraft/recipe/Ingredient; to md13010e$fabric-recipe-api-v1$lambda$injectCodec$2$1 in fabric-recipe-api-v1.mixins.json:ingredient.IngredientMixin from mod fabric-recipe-api-v1
[02:24:38] [main/DEBUG] (FabricLoader/Mixin) Renaming synthetic method lambda$injectCodec$1(Lnet/minecraft/recipe/Ingredient;)Lnet/minecraft/recipe/Ingredient; to md13010e$fabric-recipe-api-v1$lambda$injectCodec$1$2 in fabric-recipe-api-v1.mixins.json:ingredient.IngredientMixin from mod fabric-recipe-api-v1
[02:24:38] [main/DEBUG] (FabricLoader/Mixin) Renaming synthetic method lambda$injectCodec$0(ZLnet/fabricmc/fabric/api/recipe/v1/ingredient/CustomIngredientSerializer;)Lcom/mojang/serialization/MapCodec; to md13010e$fabric-recipe-api-v1$lambda$injectCodec$0$3 in fabric-recipe-api-v1.mixins.json:ingredient.IngredientMixin from mod fabric-recipe-api-v1
[02:24:38] [main/DEBUG] (FabricLoader/Mixin) fabric-recipe-api-v1.mixins.json:ingredient.IngredientMixin from mod fabric-recipe-api-v1->@Inject::injectCodec(ZLorg/spongepowered/asm/mixin/injection/callback/CallbackInfoReturnable;)V does use it's CallbackInfoReturnable
[02:24:38] [main/DEBUG] (FabricLoader/Mixin) Mixing EntitySelectorOptionsAccessor from fabric-command-api-v2.mixins.json into net.minecraft.command.EntitySelectorOptions
[02:24:38] [main/DEBUG] (FabricLoader/Mixin) fabric-command-api-v2.mixins.json:EntitySelectorOptionsAccessor from mod fabric-command-api-v2: Class version 65 required is higher than the class version supported by the current version of Mixin (JAVA_17 supports class version 61)
[02:24:38] [main/DEBUG] (FabricLoader/Mixin) Renaming @Invoker method callPutOption(Ljava/lang/String;Lnet/minecraft/command/EntitySelectorOptions$SelectorHandler;Ljava/util/function/Predicate;Lnet/minecraft/text/Text;)V to callPutOption$fabric-command-api-v2_$md$13010e$0 in fabric-command-api-v2.mixins.json:EntitySelectorOptionsAccessor from mod fabric-command-api-v2
[02:24:38] [main/DEBUG] (FabricLoader/Mixin) Mixing EntitySelectorReaderMixin from fabric-command-api-v2.mixins.json into net.minecraft.command.EntitySelectorReader
[02:24:38] [main/DEBUG] (FabricLoader/Mixin) fabric-command-api-v2.mixins.json:EntitySelectorReaderMixin from mod fabric-command-api-v2: Class version 65 required is higher than the class version supported by the current version of Mixin (JAVA_17 supports class version 61)
[02:24:38] [main/DEBUG] (FabricLoader/Mixin) Mixing BlockEntityTypeBuilderMixin from fabric-object-builder-v1.mixins.json into net.minecraft.block.entity.BlockEntityType$Builder
[02:24:38] [main/DEBUG] (FabricLoader/Mixin) fabric-object-builder-v1.mixins.json:BlockEntityTypeBuilderMixin from mod fabric-object-builder-api-v1: Class version 65 required is higher than the class version supported by the current version of Mixin (JAVA_17 supports class version 61)
[02:24:38] [main/DEBUG] (FabricLoader/Mixin) Generating mapped inner class net/minecraft/block/entity/ChiseledBookshelfBlockEntity$Anonymous$68687346d55e4ba7a1de74fdd0b8b017 (originally net/fabricmc/fabric/mixin/transfer/ChiseledBookshelfBlockEntityMixin$1)
[02:24:38] [main/DEBUG] (FabricLoader/Mixin) Mixing SimpleInventoryMixin from fabric-transfer-api-v1.mixins.json into net.minecraft.inventory.SimpleInventory
[02:24:38] [main/DEBUG] (FabricLoader/Mixin) fabric-transfer-api-v1.mixins.json:SimpleInventoryMixin from mod fabric-transfer-api-v1: Class version 65 required is higher than the class version supported by the current version of Mixin (JAVA_17 supports class version 61)
[02:24:38] [main/DEBUG] (FabricLoader/Mixin) Mixing RecipeMixin from fabric-item-api-v1.mixins.json into net.minecraft.recipe.Recipe
[02:24:38] [main/DEBUG] (FabricLoader/Mixin) fabric-item-api-v1.mixins.json:RecipeMixin from mod fabric-item-api-v1: Class version 65 required is higher than the class version supported by the current version of Mixin (JAVA_17 supports class version 61)
[02:24:38] [main/DEBUG] (FabricLoader/Mixin) fabric-item-api-v1.mixins.json:RecipeMixin from mod fabric-item-api-v1->@Inject::captureStack(Lnet/minecraft/recipe/input/RecipeInput;Lorg/spongepowered/asm/mixin/injection/callback/CallbackInfoReturnable;Lnet/minecraft/util/collection/DefaultedList;I)V doesn't use it's CallbackInfoReturnable
[02:24:38] [main/DEBUG] (FabricLoader/Mixin) fabric-item-api-v1.mixins.json:RecipeMixin from mod fabric-item-api-v1->@Inject::captureStack(Lnet/minecraft/recipe/input/RecipeInput;Lorg/spongepowered/asm/mixin/injection/callback/CallbackInfoReturnable;Lnet/minecraft/util/collection/DefaultedList;I)V has 0 override(s) in child classes
[02:24:38] [main/DEBUG] (FabricLoader/Mixin) fabric-item-api-v1.mixins.json:RecipeMixin from mod fabric-item-api-v1->@Inject::captureStack(Lnet/minecraft/recipe/input/RecipeInput;Lorg/spongepowered/asm/mixin/injection/callback/CallbackInfoReturnable;Lnet/minecraft/util/collection/DefaultedList;I)V won't be passed a CallbackInfoReturnable as a result
[02:24:38] [main/DEBUG] (FabricLoader/Mixin) Mixing ingredient.ShapelessRecipeMixin from fabric-recipe-api-v1.mixins.json into net.minecraft.recipe.ShapelessRecipe
[02:24:38] [main/DEBUG] (FabricLoader/Mixin) fabric-recipe-api-v1.mixins.json:ingredient.ShapelessRecipeMixin from mod fabric-recipe-api-v1: Class version 65 required is higher than the class version supported by the current version of Mixin (JAVA_17 supports class version 61)
[02:24:38] [main/DEBUG] (FabricLoader/Mixin) fabric-recipe-api-v1.mixins.json:ingredient.ShapelessRecipeMixin from mod fabric-recipe-api-v1->@Inject::cacheRequiresTesting(Ljava/lang/String;Lnet/minecraft/recipe/book/CraftingRecipeCategory;Lnet/minecraft/item/ItemStack;Lnet/minecraft/util/collection/DefaultedList;Lorg/spongepowered/asm/mixin/injection/callback/CallbackInfo;)V doesn't use it's CallbackInfo
[02:24:38] [main/DEBUG] (FabricLoader/Mixin) fabric-recipe-api-v1.mixins.json:ingredient.ShapelessRecipeMixin from mod fabric-recipe-api-v1->@Inject::cacheRequiresTesting(Ljava/lang/String;Lnet/minecraft/recipe/book/CraftingRecipeCategory;Lnet/minecraft/item/ItemStack;Lnet/minecraft/util/collection/DefaultedList;Lorg/spongepowered/asm/mixin/injection/callback/CallbackInfo;)V has 0 override(s) in child classes
[02:24:38] [main/DEBUG] (FabricLoader/Mixin) fabric-recipe-api-v1.mixins.json:ingredient.ShapelessRecipeMixin from mod fabric-recipe-api-v1->@Inject::cacheRequiresTesting(Ljava/lang/String;Lnet/minecraft/recipe/book/CraftingRecipeCategory;Lnet/minecraft/item/ItemStack;Lnet/minecraft/util/collection/DefaultedList;Lorg/spongepowered/asm/mixin/injection/callback/CallbackInfo;)V won't be passed a CallbackInfo as a result
[02:24:38] [main/DEBUG] (FabricLoader/Mixin) fabric-recipe-api-v1.mixins.json:ingredient.ShapelessRecipeMixin from mod fabric-recipe-api-v1->@Inject::customIngredientMatch(Lnet/minecraft/recipe/input/CraftingRecipeInput;Lnet/minecraft/world/World;Lorg/spongepowered/asm/mixin/injection/callback/CallbackInfoReturnable;)V does use it's CallbackInfoReturnable
[02:24:38] [main/DEBUG] (FabricLoader/Mixin) Mixing EnchantRandomlyLootFunctionMixin from fabric-item-api-v1.mixins.json into net.minecraft.loot.function.EnchantRandomlyLootFunction
[02:24:38] [main/DEBUG] (FabricLoader/Mixin) fabric-item-api-v1.mixins.json:EnchantRandomlyLootFunctionMixin from mod fabric-item-api-v1: Class version 65 required is higher than the class version supported by the current version of Mixin (JAVA_17 supports class version 61)
[02:24:39] [main/DEBUG] (FabricLoader/Mixin) Mixing LootTableAccessor from fabric-loot-api-v3.mixins.json into net.minecraft.loot.LootTable
[02:24:39] [main/DEBUG] (FabricLoader/Mixin) fabric-loot-api-v3.mixins.json:LootTableAccessor from mod fabric-loot-api-v3: Class version 65 required is higher than the class version supported by the current version of Mixin (JAVA_17 supports class version 61)
[02:24:39] [main/DEBUG] (FabricLoader/Mixin) Mixing LootPoolAccessor from fabric-loot-api-v3.mixins.json into net.minecraft.loot.LootPool
[02:24:39] [main/DEBUG] (FabricLoader/Mixin) fabric-loot-api-v3.mixins.json:LootPoolAccessor from mod fabric-loot-api-v3: Class version 65 required is higher than the class version supported by the current version of Mixin (JAVA_17 supports class version 61)
[02:24:39] [main/DEBUG] (FabricLoader/Mixin) Mixing StructureTemplateManagerMixin from fabric-gametest-api-v1.mixins.json into net.minecraft.structure.StructureTemplateManager
[02:24:39] [main/DEBUG] (FabricLoader/Mixin) fabric-gametest-api-v1.mixins.json:StructureTemplateManagerMixin from mod fabric-gametest-api-v1: Class version 65 required is higher than the class version supported by the current version of Mixin (JAVA_17 supports class version 61)
[02:24:39] [main/DEBUG] (FabricLoader/Mixin) fabric-gametest-api-v1.mixins.json:StructureTemplateManagerMixin from mod fabric-gametest-api-v1->@Inject::addFabricTemplateProvider(Lnet/minecraft/resource/ResourceManager;Lnet/minecraft/world/level/storage/LevelStorage$Session;Lcom/mojang/datafixers/DataFixer;Lnet/minecraft/registry/RegistryEntryLookup;Lorg/spongepowered/asm/mixin/injection/callback/CallbackInfo;Lcom/google/common/collect/ImmutableList$Builder;)V doesn't use it's CallbackInfo
[02:24:39] [main/DEBUG] (FabricLoader/Mixin) fabric-gametest-api-v1.mixins.json:StructureTemplateManagerMixin from mod fabric-gametest-api-v1->@Inject::addFabricTemplateProvider(Lnet/minecraft/resource/ResourceManager;Lnet/minecraft/world/level/storage/LevelStorage$Session;Lcom/mojang/datafixers/DataFixer;Lnet/minecraft/registry/RegistryEntryLookup;Lorg/spongepowered/asm/mixin/injection/callback/CallbackInfo;Lcom/google/common/collect/ImmutableList$Builder;)V has 0 override(s) in child classes
[02:24:39] [main/DEBUG] (FabricLoader/Mixin) fabric-gametest-api-v1.mixins.json:StructureTemplateManagerMixin from mod fabric-gametest-api-v1->@Inject::addFabricTemplateProvider(Lnet/minecraft/resource/ResourceManager;Lnet/minecraft/world/level/storage/LevelStorage$Session;Lcom/mojang/datafixers/DataFixer;Lnet/minecraft/registry/RegistryEntryLookup;Lorg/spongepowered/asm/mixin/injection/callback/CallbackInfo;Lcom/google/common/collect/ImmutableList$Builder;)V won't be passed a CallbackInfo as a result
[02:24:39] [main/DEBUG] (FabricLoader/Mixin) Mixing BiomeSourceMixin from fabric-biome-api-v1.mixins.json into net.minecraft.world.biome.source.BiomeSource
[02:24:39] [main/DEBUG] (FabricLoader/Mixin) fabric-biome-api-v1.mixins.json:BiomeSourceMixin from mod fabric-biome-api-v1: Class version 65 required is higher than the class version supported by the current version of Mixin (JAVA_17 supports class version 61)
[02:24:39] [main/DEBUG] (FabricLoader/Mixin) Mixing MultiNoiseBiomeSourceMixin from fabric-biome-api-v1.mixins.json into net.minecraft.world.biome.source.MultiNoiseBiomeSource
[02:24:39] [main/DEBUG] (FabricLoader/Mixin) fabric-biome-api-v1.mixins.json:MultiNoiseBiomeSourceMixin from mod fabric-biome-api-v1: Class version 65 required is higher than the class version supported by the current version of Mixin (JAVA_17 supports class version 61)
[02:24:39] [main/DEBUG] (FabricLoader/Mixin) Mixing NetherBiomePresetMixin from fabric-biome-api-v1.mixins.json into net.minecraft.world.biome.source.MultiNoiseBiomeSourceParameterList$Preset$1
[02:24:39] [main/DEBUG] (FabricLoader/Mixin) fabric-biome-api-v1.mixins.json:NetherBiomePresetMixin from mod fabric-biome-api-v1: Class version 65 required is higher than the class version supported by the current version of Mixin (JAVA_17 supports class version 61)
[02:24:39] [main/DEBUG] (FabricLoader/Mixin) fabric-biome-api-v1.mixins.json:NetherBiomePresetMixin from mod fabric-biome-api-v1->@Inject::apply(Ljava/util/function/Function;Lorg/spongepowered/asm/mixin/injection/callback/CallbackInfoReturnable;)V does use it's CallbackInfoReturnable
[02:24:39] [main/DEBUG] (FabricLoader/Mixin) Mixing TheEndBiomeSourceMixin from fabric-biome-api-v1.mixins.json into net.minecraft.world.biome.source.TheEndBiomeSource
[02:24:39] [main/DEBUG] (FabricLoader/Mixin) fabric-biome-api-v1.mixins.json:TheEndBiomeSourceMixin from mod fabric-biome-api-v1: Class version 65 required is higher than the class version supported by the current version of Mixin (JAVA_17 supports class version 61)
[02:24:39] [main/DEBUG] (FabricLoader/Mixin) Renaming synthetic method lambda$init$1(Lnet/minecraft/registry/RegistryEntryLookup;)Lnet/fabricmc/fabric/impl/biome/TheEndBiomeData$Overrides; to md13010e$fabric-biome-api-v1$lambda$init$1$0 in fabric-biome-api-v1.mixins.json:TheEndBiomeSourceMixin from mod fabric-biome-api-v1
[02:24:39] [main/DEBUG] (FabricLoader/Mixin) Renaming synthetic method lambda$modifyCodec$0(Lcom/mojang/serialization/codecs/RecordCodecBuilder$Instance;)Lcom/mojang/datafixers/kinds/App; to md13010e$fabric-biome-api-v1$lambda$modifyCodec$0$1 in fabric-biome-api-v1.mixins.json:TheEndBiomeSourceMixin from mod fabric-biome-api-v1
[02:24:39] [main/DEBUG] (FabricLoader/Mixin) fabric-biome-api-v1.mixins.json:TheEndBiomeSourceMixin from mod fabric-biome-api-v1->@Inject::modifyCodec(Lorg/spongepowered/asm/mixin/injection/callback/CallbackInfo;)V doesn't use it's CallbackInfo
[02:24:39] [main/DEBUG] (FabricLoader/Mixin) fabric-biome-api-v1.mixins.json:TheEndBiomeSourceMixin from mod fabric-biome-api-v1->@Inject::rememberLookup(Lnet/minecraft/registry/RegistryEntryLookup;Lorg/spongepowered/asm/mixin/injection/callback/CallbackInfoReturnable;)V doesn't use it's CallbackInfoReturnable
[02:24:39] [main/DEBUG] (FabricLoader/Mixin) fabric-biome-api-v1.mixins.json:TheEndBiomeSourceMixin from mod fabric-biome-api-v1->@Inject::clearLookup(Lnet/minecraft/registry/RegistryEntryLookup;Lorg/spongepowered/asm/mixin/injection/callback/CallbackInfoReturnable;)V doesn't use it's CallbackInfoReturnable
[02:24:39] [main/DEBUG] (FabricLoader/Mixin) fabric-biome-api-v1.mixins.json:TheEndBiomeSourceMixin from mod fabric-biome-api-v1->@Inject::init(Lnet/minecraft/registry/entry/RegistryEntry;Lnet/minecraft/registry/entry/RegistryEntry;Lnet/minecraft/registry/entry/RegistryEntry;Lnet/minecraft/registry/entry/RegistryEntry;Lnet/minecraft/registry/entry/RegistryEntry;Lorg/spongepowered/asm/mixin/injection/callback/CallbackInfo;)V doesn't use it's CallbackInfo
[02:24:39] [main/DEBUG] (FabricLoader/Mixin) fabric-biome-api-v1.mixins.json:TheEndBiomeSourceMixin from mod fabric-biome-api-v1->@Inject::init(Lnet/minecraft/registry/entry/RegistryEntry;Lnet/minecraft/registry/entry/RegistryEntry;Lnet/minecraft/registry/entry/RegistryEntry;Lnet/minecraft/registry/entry/RegistryEntry;Lnet/minecraft/registry/entry/RegistryEntry;Lorg/spongepowered/asm/mixin/injection/callback/CallbackInfo;)V has 0 override(s) in child classes
[02:24:39] [main/DEBUG] (FabricLoader/Mixin) fabric-biome-api-v1.mixins.json:TheEndBiomeSourceMixin from mod fabric-biome-api-v1->@Inject::init(Lnet/minecraft/registry/entry/RegistryEntry;Lnet/minecraft/registry/entry/RegistryEntry;Lnet/minecraft/registry/entry/RegistryEntry;Lnet/minecraft/registry/entry/RegistryEntry;Lnet/minecraft/registry/entry/RegistryEntry;Lorg/spongepowered/asm/mixin/injection/callback/CallbackInfo;)V won't be passed a CallbackInfo as a result
[02:24:39] [main/DEBUG] (FabricLoader/Mixin) fabric-biome-api-v1.mixins.json:TheEndBiomeSourceMixin from mod fabric-biome-api-v1->@Inject::getWeightedEndBiome(IIILnet/minecraft/world/biome/source/util/MultiNoiseUtil$MultiNoiseSampler;Lorg/spongepowered/asm/mixin/injection/callback/CallbackInfoReturnable;)V does use it's CallbackInfoReturnable
[02:24:39] [main/DEBUG] (FabricLoader/Mixin) fabric-biome-api-v1.mixins.json:TheEndBiomeSourceMixin from mod fabric-biome-api-v1->@Inject::getWeightedEndBiome(IIILnet/minecraft/world/biome/source/util/MultiNoiseUtil$MultiNoiseSampler;Lorg/spongepowered/asm/mixin/injection/callback/CallbackInfoReturnable;)V does use it's CallbackInfoReturnable
[02:24:39] [main/DEBUG] (FabricLoader/Mixin) fabric-biome-api-v1.mixins.json:TheEndBiomeSourceMixin from mod fabric-biome-api-v1->@Inject::getWeightedEndBiome(IIILnet/minecraft/world/biome/source/util/MultiNoiseUtil$MultiNoiseSampler;Lorg/spongepowered/asm/mixin/injection/callback/CallbackInfoReturnable;)V does use it's CallbackInfoReturnable
[02:24:39] [main/DEBUG] (FabricLoader/Mixin) fabric-biome-api-v1.mixins.json:TheEndBiomeSourceMixin from mod fabric-biome-api-v1->@Inject::getWeightedEndBiome(IIILnet/minecraft/world/biome/source/util/MultiNoiseUtil$MultiNoiseSampler;Lorg/spongepowered/asm/mixin/injection/callback/CallbackInfoReturnable;)V does use it's CallbackInfoReturnable
[02:24:39] [main/DEBUG] (FabricLoader/Mixin) fabric-biome-api-v1.mixins.json:TheEndBiomeSourceMixin from mod fabric-biome-api-v1->@Inject::getWeightedEndBiome(IIILnet/minecraft/world/biome/source/util/MultiNoiseUtil$MultiNoiseSampler;Lorg/spongepowered/asm/mixin/injection/callback/CallbackInfoReturnable;)V does use it's CallbackInfoReturnable
[02:24:39] [main/DEBUG] (FabricLoader/Mixin) Mixing DebugChunkGeneratorAccessor from fabric-registry-sync-v0.mixins.json into net.minecraft.world.gen.chunk.DebugChunkGenerator
[02:24:39] [main/DEBUG] (FabricLoader/Mixin) fabric-registry-sync-v0.mixins.json:DebugChunkGeneratorAccessor from mod fabric-registry-sync-v0: Class version 65 required is higher than the class version supported by the current version of Mixin (JAVA_17 supports class version 61)
[02:24:39] [main/DEBUG] (FabricLoader/Mixin) Renaming @Accessor method setBLOCK_STATES(Ljava/util/List;)V to setBLOCK_STATES$fabric-registry-sync-v0_$md$13010e$0 in fabric-registry-sync-v0.mixins.json:DebugChunkGeneratorAccessor from mod fabric-registry-sync-v0
[02:24:39] [main/DEBUG] (FabricLoader/Mixin) Renaming @Accessor method setX_SIDE_LENGTH(I)V to setX_SIDE_LENGTH$fabric-registry-sync-v0_$md$13010e$1 in fabric-registry-sync-v0.mixins.json:DebugChunkGeneratorAccessor from mod fabric-registry-sync-v0
[02:24:39] [main/DEBUG] (FabricLoader/Mixin) Renaming @Accessor method setZ_SIDE_LENGTH(I)V to setZ_SIDE_LENGTH$fabric-registry-sync-v0_$md$13010e$2 in fabric-registry-sync-v0.mixins.json:DebugChunkGeneratorAccessor from mod fabric-registry-sync-v0
[02:24:39] [main/DEBUG] (FabricLoader/Mixin) Mixing DefaultAttributeRegistryAccessor from fabric-object-builder-v1.mixins.json into net.minecraft.entity.attribute.DefaultAttributeRegistry
[02:24:39] [main/DEBUG] (FabricLoader/Mixin) fabric-object-builder-v1.mixins.json:DefaultAttributeRegistryAccessor from mod fabric-object-builder-api-v1: Class version 65 required is higher than the class version supported by the current version of Mixin (JAVA_17 supports class version 61)
[02:24:39] [main/DEBUG] (FabricLoader/Mixin) Renaming @Accessor method getRegistry()Ljava/util/Map; to getRegistry$fabric-object-builder-api-v1_$md$13010e$0 in fabric-object-builder-v1.mixins.json:DefaultAttributeRegistryAccessor from mod fabric-object-builder-api-v1
[02:24:39] [main/DEBUG] (FabricLoader/Mixin) Mixing DefaultAttributeRegistryMixin from fabric-object-builder-v1.mixins.json into net.minecraft.entity.attribute.DefaultAttributeRegistry
[02:24:39] [main/DEBUG] (FabricLoader/Mixin) fabric-object-builder-v1.mixins.json:DefaultAttributeRegistryMixin from mod fabric-object-builder-api-v1: Class version 65 required is higher than the class version supported by the current version of Mixin (JAVA_17 supports class version 61)
[02:24:39] [main/DEBUG] (FabricLoader/Mixin) fabric-object-builder-v1.mixins.json:DefaultAttributeRegistryMixin from mod fabric-object-builder-api-v1->@Inject::injectAttributes(Lorg/spongepowered/asm/mixin/injection/callback/CallbackInfo;)V doesn't use it's CallbackInfo
[02:24:39] [main/DEBUG] (FabricLoader/Entrypoint) Iterating over entrypoint 'main'
[02:24:39] [main/DEBUG] (FabricLoader/Mixin) Mixing ServerConfigurationNetworkHandlerMixin from fabric-networking-api-v1.mixins.json into net.minecraft.server.network.ServerConfigurationNetworkHandler
[02:24:39] [main/DEBUG] (FabricLoader/Mixin) fabric-networking-api-v1.mixins.json:ServerConfigurationNetworkHandlerMixin from mod fabric-networking-api-v1: Class version 65 required is higher than the class version supported by the current version of Mixin (JAVA_17 supports class version 61)
[02:24:39] [main/DEBUG] (FabricLoader/Mixin) Mixing ServerConfigurationNetworkHandlerMixin from fabric-resource-loader-v0.mixins.json into net.minecraft.server.network.ServerConfigurationNetworkHandler
[02:24:39] [main/DEBUG] (FabricLoader/Mixin) fabric-resource-loader-v0.mixins.json:ServerConfigurationNetworkHandlerMixin from mod fabric-resource-loader-v0: Class version 65 required is higher than the class version supported by the current version of Mixin (JAVA_17 supports class version 61)
[02:24:39] [main/DEBUG] (FabricLoader/Mixin) fabric-networking-api-v1.mixins.json:ServerConfigurationNetworkHandlerMixin from mod fabric-networking-api-v1->@Inject::initAddon(Lorg/spongepowered/asm/mixin/injection/callback/CallbackInfo;)V doesn't use it's CallbackInfo
[02:24:39] [main/DEBUG] (FabricLoader/Mixin) fabric-networking-api-v1.mixins.json:ServerConfigurationNetworkHandlerMixin from mod fabric-networking-api-v1->@Inject::initAddon(Lorg/spongepowered/asm/mixin/injection/callback/CallbackInfo;)V has 0 override(s) in child classes
[02:24:39] [main/DEBUG] (FabricLoader/Mixin) fabric-networking-api-v1.mixins.json:ServerConfigurationNetworkHandlerMixin from mod fabric-networking-api-v1->@Inject::initAddon(Lorg/spongepowered/asm/mixin/injection/callback/CallbackInfo;)V won't be passed a CallbackInfo as a result
[02:24:39] [main/DEBUG] (FabricLoader/Mixin) fabric-networking-api-v1.mixins.json:ServerConfigurationNetworkHandlerMixin from mod fabric-networking-api-v1->@Inject::onClientReady(Lorg/spongepowered/asm/mixin/injection/callback/CallbackInfo;)V does use it's CallbackInfo
[02:24:39] [main/DEBUG] (FabricLoader/Mixin) Mixing ServerCommonNetworkHandlerMixin from fabric-networking-api-v1.mixins.json into net.minecraft.server.network.ServerCommonNetworkHandler
[02:24:39] [main/DEBUG] (FabricLoader/Mixin) fabric-networking-api-v1.mixins.json:ServerCommonNetworkHandlerMixin from mod fabric-networking-api-v1: Class version 65 required is higher than the class version supported by the current version of Mixin (JAVA_17 supports class version 61)
[02:24:39] [main/DEBUG] (FabricLoader/Mixin) Mixing accessor.ServerCommonNetworkHandlerAccessor from fabric-networking-api-v1.mixins.json into net.minecraft.server.network.ServerCommonNetworkHandler
[02:24:39] [main/DEBUG] (FabricLoader/Mixin) fabric-networking-api-v1.mixins.json:accessor.ServerCommonNetworkHandlerAccessor from mod fabric-networking-api-v1: Class version 65 required is higher than the class version supported by the current version of Mixin (JAVA_17 supports class version 61)
[02:24:39] [main/DEBUG] (FabricLoader/Mixin) fabric-networking-api-v1.mixins.json:ServerCommonNetworkHandlerMixin from mod fabric-networking-api-v1->@Inject::handleCustomPayloadReceivedAsync(Lnet/minecraft/network/packet/c2s/common/CustomPayloadC2SPacket;Lorg/spongepowered/asm/mixin/injection/callback/CallbackInfo;)V does use it's CallbackInfo
[02:24:39] [main/DEBUG] (FabricLoader/Mixin) fabric-networking-api-v1.mixins.json:ServerCommonNetworkHandlerMixin from mod fabric-networking-api-v1->@Inject::onPlayPong(Lnet/minecraft/network/packet/c2s/common/CommonPongC2SPacket;Lorg/spongepowered/asm/mixin/injection/callback/CallbackInfo;)V doesn't use it's CallbackInfo
[02:24:39] [main/DEBUG] (FabricLoader/Mixin) fabric-networking-api-v1.mixins.json:ServerCommonNetworkHandlerMixin from mod fabric-networking-api-v1->@Inject::onPlayPong(Lnet/minecraft/network/packet/c2s/common/CommonPongC2SPacket;Lorg/spongepowered/asm/mixin/injection/callback/CallbackInfo;)V has 0 override(s) in child classes
[02:24:39] [main/DEBUG] (FabricLoader/Mixin) fabric-networking-api-v1.mixins.json:ServerCommonNetworkHandlerMixin from mod fabric-networking-api-v1->@Inject::onPlayPong(Lnet/minecraft/network/packet/c2s/common/CommonPongC2SPacket;Lorg/spongepowered/asm/mixin/injection/callback/CallbackInfo;)V won't be passed a CallbackInfo as a result
[02:24:39] [main/DEBUG] (FabricLoader/Mixin) Mixing MinecraftServerMixin from fabric-gametest-api-v1.mixins.json into net.minecraft.server.MinecraftServer
[02:24:39] [main/DEBUG] (FabricLoader/Mixin) fabric-gametest-api-v1.mixins.json:MinecraftServerMixin from mod fabric-gametest-api-v1: Class version 65 required is higher than the class version supported by the current version of Mixin (JAVA_17 supports class version 61)
[02:24:39] [main/DEBUG] (FabricLoader/Mixin) Mixing modification.MinecraftServerMixin from fabric-biome-api-v1.mixins.json into net.minecraft.server.MinecraftServer
[02:24:39] [main/DEBUG] (FabricLoader/Mixin) fabric-biome-api-v1.mixins.json:modification.MinecraftServerMixin from mod fabric-biome-api-v1: Class version 65 required is higher than the class version supported by the current version of Mixin (JAVA_17 supports class version 61)
[02:24:39] [main/DEBUG] (FabricLoader/Mixin) Mixing MinecraftServerMixin from fabric-lifecycle-events-v1.mixins.json into net.minecraft.server.MinecraftServer
[02:24:39] [main/DEBUG] (FabricLoader/Mixin) fabric-lifecycle-events-v1.mixins.json:MinecraftServerMixin from mod fabric-lifecycle-events-v1: Class version 65 required is higher than the class version supported by the current version of Mixin (JAVA_17 supports class version 61)
[02:24:39] [main/DEBUG] (FabricLoader/Mixin) Renaming synthetic method lambda$endResourceReload$0(Ljava/lang/Void;Ljava/lang/Throwable;)Ljava/lang/Void; to md13010e$fabric-lifecycle-events-v1$lambda$endResourceReload$0$0 in fabric-lifecycle-events-v1.mixins.json:MinecraftServerMixin from mod fabric-lifecycle-events-v1
[02:24:39] [main/DEBUG] (FabricLoader/Mixin) Mixing MinecraftServerMixin from fabric-resource-loader-v0.mixins.json into net.minecraft.server.MinecraftServer
[02:24:39] [main/DEBUG] (FabricLoader/Mixin) fabric-resource-loader-v0.mixins.json:MinecraftServerMixin from mod fabric-resource-loader-v0: Class version 65 required is higher than the class version supported by the current version of Mixin (JAVA_17 supports class version 61)
[02:24:39] [main/DEBUG] (FabricLoader/Mixin) Renaming synthetic method lambda$init$0(Lnet/minecraft/resource/ResourcePack;)Ljava/util/stream/Stream; to md13010e$fabric-resource-loader-v0$lambda$init$0$1 in fabric-resource-loader-v0.mixins.json:MinecraftServerMixin from mod fabric-resource-loader-v0
[02:24:39] [main/DEBUG] (FabricLoader/Mixin) Mixing MinecraftServerMixin from fabric-message-api-v1.mixins.json into net.minecraft.server.MinecraftServer
[02:24:39] [main/DEBUG] (FabricLoader/Mixin) fabric-message-api-v1.mixins.json:MinecraftServerMixin from mod fabric-message-api-v1: Class version 65 required is higher than the class version supported by the current version of Mixin (JAVA_17 supports class version 61)
[02:24:39] [main/DEBUG] (FabricLoader/Mixin) Renaming synthetic method lambda$onGetChatDecorator$0(Lnet/minecraft/server/network/ServerPlayerEntity;Lnet/minecraft/text/Text;)Lnet/minecraft/text/Text; to md13010e$fabric-message-api-v1$lambda$onGetChatDecorator$0$2 in fabric-message-api-v1.mixins.json:MinecraftServerMixin from mod fabric-message-api-v1
[02:24:39] [main/DEBUG] (FabricLoader/Mixin) fabric-gametest-api-v1.mixins.json:MinecraftServerMixin from mod fabric-gametest-api-v1->@Inject::tickWorlds(Ljava/util/function/BooleanSupplier;Lorg/spongepowered/asm/mixin/injection/callback/CallbackInfo;)V doesn't use it's CallbackInfo
[02:24:39] [main/DEBUG] (FabricLoader/Mixin) fabric-gametest-api-v1.mixins.json:MinecraftServerMixin from mod fabric-gametest-api-v1->@Inject::tickWorlds(Ljava/util/function/BooleanSupplier;Lorg/spongepowered/asm/mixin/injection/callback/CallbackInfo;)V has 0 override(s) in child classes
[02:24:39] [main/DEBUG] (FabricLoader/Mixin) fabric-gametest-api-v1.mixins.json:MinecraftServerMixin from mod fabric-gametest-api-v1->@Inject::tickWorlds(Ljava/util/function/BooleanSupplier;Lorg/spongepowered/asm/mixin/injection/callback/CallbackInfo;)V won't be passed a CallbackInfo as a result
[02:24:39] [main/DEBUG] (FabricLoader/Mixin) fabric-biome-api-v1.mixins.json:modification.MinecraftServerMixin from mod fabric-biome-api-v1->@Inject::finalizeWorldGen(Lorg/spongepowered/asm/mixin/injection/callback/CallbackInfo;)V doesn't use it's CallbackInfo
[02:24:39] [main/DEBUG] (FabricLoader/Mixin) fabric-biome-api-v1.mixins.json:modification.MinecraftServerMixin from mod fabric-biome-api-v1->@Inject::finalizeWorldGen(Lorg/spongepowered/asm/mixin/injection/callback/CallbackInfo;)V has 0 override(s) in child classes
[02:24:39] [main/DEBUG] (FabricLoader/Mixin) fabric-biome-api-v1.mixins.json:modification.MinecraftServerMixin from mod fabric-biome-api-v1->@Inject::finalizeWorldGen(Lorg/spongepowered/asm/mixin/injection/callback/CallbackInfo;)V won't be passed a CallbackInfo as a result
[02:24:39] [main/DEBUG] (FabricLoader/Mixin) fabric-lifecycle-events-v1.mixins.json:MinecraftServerMixin from mod fabric-lifecycle-events-v1->@Inject::beforeSetupServer(Lorg/spongepowered/asm/mixin/injection/callback/CallbackInfo;)V doesn't use it's CallbackInfo
[02:24:39] [main/DEBUG] (FabricLoader/Mixin) fabric-lifecycle-events-v1.mixins.json:MinecraftServerMixin from mod fabric-lifecycle-events-v1->@Inject::beforeSetupServer(Lorg/spongepowered/asm/mixin/injection/callback/CallbackInfo;)V has 0 override(s) in child classes
[02:24:39] [main/DEBUG] (FabricLoader/Mixin) fabric-lifecycle-events-v1.mixins.json:MinecraftServerMixin from mod fabric-lifecycle-events-v1->@Inject::beforeSetupServer(Lorg/spongepowered/asm/mixin/injection/callback/CallbackInfo;)V won't be passed a CallbackInfo as a result
[02:24:39] [main/DEBUG] (FabricLoader/Mixin) fabric-lifecycle-events-v1.mixins.json:MinecraftServerMixin from mod fabric-lifecycle-events-v1->@Inject::afterSetupServer(Lorg/spongepowered/asm/mixin/injection/callback/CallbackInfo;)V doesn't use it's CallbackInfo
[02:24:39] [main/DEBUG] (FabricLoader/Mixin) fabric-lifecycle-events-v1.mixins.json:MinecraftServerMixin from mod fabric-lifecycle-events-v1->@Inject::afterSetupServer(Lorg/spongepowered/asm/mixin/injection/callback/CallbackInfo;)V has 0 override(s) in child classes
[02:24:39] [main/DEBUG] (FabricLoader/Mixin) fabric-lifecycle-events-v1.mixins.json:MinecraftServerMixin from mod fabric-lifecycle-events-v1->@Inject::afterSetupServer(Lorg/spongepowered/asm/mixin/injection/callback/CallbackInfo;)V won't be passed a CallbackInfo as a result
[02:24:39] [main/DEBUG] (FabricLoader/Mixin) fabric-lifecycle-events-v1.mixins.json:MinecraftServerMixin from mod fabric-lifecycle-events-v1->@Inject::beforeShutdownServer(Lorg/spongepowered/asm/mixin/injection/callback/CallbackInfo;)V doesn't use it's CallbackInfo
[02:24:39] [main/DEBUG] (FabricLoader/Mixin) fabric-lifecycle-events-v1.mixins.json:MinecraftServerMixin from mod fabric-lifecycle-events-v1->@Inject::beforeShutdownServer(Lorg/spongepowered/asm/mixin/injection/callback/CallbackInfo;)V has 0 override(s) in child classes
[02:24:39] [main/DEBUG] (FabricLoader/Mixin) fabric-lifecycle-events-v1.mixins.json:MinecraftServerMixin from mod fabric-lifecycle-events-v1->@Inject::beforeShutdownServer(Lorg/spongepowered/asm/mixin/injection/callback/CallbackInfo;)V won't be passed a CallbackInfo as a result
[02:24:39] [main/DEBUG] (FabricLoader/Mixin) fabric-lifecycle-events-v1.mixins.json:MinecraftServerMixin from mod fabric-lifecycle-events-v1->@Inject::afterShutdownServer(Lorg/spongepowered/asm/mixin/injection/callback/CallbackInfo;)V doesn't use it's CallbackInfo
[02:24:39] [main/DEBUG] (FabricLoader/Mixin) fabric-lifecycle-events-v1.mixins.json:MinecraftServerMixin from mod fabric-lifecycle-events-v1->@Inject::afterShutdownServer(Lorg/spongepowered/asm/mixin/injection/callback/CallbackInfo;)V has 0 override(s) in child classes
[02:24:39] [main/DEBUG] (FabricLoader/Mixin) fabric-lifecycle-events-v1.mixins.json:MinecraftServerMixin from mod fabric-lifecycle-events-v1->@Inject::afterShutdownServer(Lorg/spongepowered/asm/mixin/injection/callback/CallbackInfo;)V won't be passed a CallbackInfo as a result
[02:24:39] [main/DEBUG] (FabricLoader/Mixin) fabric-lifecycle-events-v1.mixins.json:MinecraftServerMixin from mod fabric-lifecycle-events-v1->@Inject::onStartTick(Ljava/util/function/BooleanSupplier;Lorg/spongepowered/asm/mixin/injection/callback/CallbackInfo;)V doesn't use it's CallbackInfo
[02:24:39] [main/DEBUG] (FabricLoader/Mixin) fabric-lifecycle-events-v1.mixins.json:MinecraftServerMixin from mod fabric-lifecycle-events-v1->@Inject::onStartTick(Ljava/util/function/BooleanSupplier;Lorg/spongepowered/asm/mixin/injection/callback/CallbackInfo;)V has 0 override(s) in child classes
[02:24:39] [main/DEBUG] (FabricLoader/Mixin) fabric-lifecycle-events-v1.mixins.json:MinecraftServerMixin from mod fabric-lifecycle-events-v1->@Inject::onStartTick(Ljava/util/function/BooleanSupplier;Lorg/spongepowered/asm/mixin/injection/callback/CallbackInfo;)V won't be passed a CallbackInfo as a result
[02:24:39] [main/DEBUG] (FabricLoader/Mixin) fabric-lifecycle-events-v1.mixins.json:MinecraftServerMixin from mod fabric-lifecycle-events-v1->@Inject::onEndTick(Ljava/util/function/BooleanSupplier;Lorg/spongepowered/asm/mixin/injection/callback/CallbackInfo;)V doesn't use it's CallbackInfo
[02:24:39] [main/DEBUG] (FabricLoader/Mixin) fabric-lifecycle-events-v1.mixins.json:MinecraftServerMixin from mod fabric-lifecycle-events-v1->@Inject::onEndTick(Ljava/util/function/BooleanSupplier;Lorg/spongepowered/asm/mixin/injection/callback/CallbackInfo;)V has 0 override(s) in child classes
[02:24:39] [main/DEBUG] (FabricLoader/Mixin) fabric-lifecycle-events-v1.mixins.json:MinecraftServerMixin from mod fabric-lifecycle-events-v1->@Inject::onEndTick(Ljava/util/function/BooleanSupplier;Lorg/spongepowered/asm/mixin/injection/callback/CallbackInfo;)V won't be passed a CallbackInfo as a result
[02:24:39] [main/DEBUG] (FabricLoader/Mixin) fabric-lifecycle-events-v1.mixins.json:MinecraftServerMixin from mod fabric-lifecycle-events-v1->@Inject::onUnloadWorldAtShutdown(Lorg/spongepowered/asm/mixin/injection/callback/CallbackInfo;Ljava/util/Iterator;Lnet/minecraft/server/world/ServerWorld;)V doesn't use it's CallbackInfo
[02:24:39] [main/DEBUG] (FabricLoader/Mixin) fabric-lifecycle-events-v1.mixins.json:MinecraftServerMixin from mod fabric-lifecycle-events-v1->@Inject::onUnloadWorldAtShutdown(Lorg/spongepowered/asm/mixin/injection/callback/CallbackInfo;Ljava/util/Iterator;Lnet/minecraft/server/world/ServerWorld;)V has 0 override(s) in child classes
[02:24:39] [main/DEBUG] (FabricLoader/Mixin) fabric-lifecycle-events-v1.mixins.json:MinecraftServerMixin from mod fabric-lifecycle-events-v1->@Inject::onUnloadWorldAtShutdown(Lorg/spongepowered/asm/mixin/injection/callback/CallbackInfo;Ljava/util/Iterator;Lnet/minecraft/server/world/ServerWorld;)V won't be passed a CallbackInfo as a result
[02:24:39] [main/DEBUG] (FabricLoader/Mixin) fabric-lifecycle-events-v1.mixins.json:MinecraftServerMixin from mod fabric-lifecycle-events-v1->@Inject::startResourceReload(Ljava/util/Collection;Lorg/spongepowered/asm/mixin/injection/callback/CallbackInfoReturnable;)V doesn't use it's CallbackInfoReturnable
[02:24:39] [main/DEBUG] (FabricLoader/Mixin) fabric-lifecycle-events-v1.mixins.json:MinecraftServerMixin from mod fabric-lifecycle-events-v1->@Inject::startResourceReload(Ljava/util/Collection;Lorg/spongepowered/asm/mixin/injection/callback/CallbackInfoReturnable;)V has 0 override(s) in child classes
[02:24:39] [main/DEBUG] (FabricLoader/Mixin) fabric-lifecycle-events-v1.mixins.json:MinecraftServerMixin from mod fabric-lifecycle-events-v1->@Inject::startResourceReload(Ljava/util/Collection;Lorg/spongepowered/asm/mixin/injection/callback/CallbackInfoReturnable;)V won't be passed a CallbackInfoReturnable as a result
[02:24:39] [main/DEBUG] (FabricLoader/Mixin) fabric-lifecycle-events-v1.mixins.json:MinecraftServerMixin from mod fabric-lifecycle-events-v1->@Inject::endResourceReload(Ljava/util/Collection;Lorg/spongepowered/asm/mixin/injection/callback/CallbackInfoReturnable;)V does use it's CallbackInfoReturnable
[02:24:39] [main/DEBUG] (FabricLoader/Mixin) fabric-lifecycle-events-v1.mixins.json:MinecraftServerMixin from mod fabric-lifecycle-events-v1->@Inject::startSave(ZZZLorg/spongepowered/asm/mixin/injection/callback/CallbackInfoReturnable;)V doesn't use it's CallbackInfoReturnable
[02:24:39] [main/DEBUG] (FabricLoader/Mixin) fabric-lifecycle-events-v1.mixins.json:MinecraftServerMixin from mod fabric-lifecycle-events-v1->@Inject::startSave(ZZZLorg/spongepowered/asm/mixin/injection/callback/CallbackInfoReturnable;)V has 0 override(s) in child classes
[02:24:39] [main/DEBUG] (FabricLoader/Mixin) fabric-lifecycle-events-v1.mixins.json:MinecraftServerMixin from mod fabric-lifecycle-events-v1->@Inject::startSave(ZZZLorg/spongepowered/asm/mixin/injection/callback/CallbackInfoReturnable;)V won't be passed a CallbackInfoReturnable as a result
[02:24:39] [main/DEBUG] (FabricLoader/Mixin) fabric-lifecycle-events-v1.mixins.json:MinecraftServerMixin from mod fabric-lifecycle-events-v1->@Inject::endSave(ZZZLorg/spongepowered/asm/mixin/injection/callback/CallbackInfoReturnable;)V doesn't use it's CallbackInfoReturnable
[02:24:39] [main/DEBUG] (FabricLoader/Mixin) fabric-lifecycle-events-v1.mixins.json:MinecraftServerMixin from mod fabric-lifecycle-events-v1->@Inject::endSave(ZZZLorg/spongepowered/asm/mixin/injection/callback/CallbackInfoReturnable;)V has 0 override(s) in child classes
[02:24:39] [main/DEBUG] (FabricLoader/Mixin) fabric-lifecycle-events-v1.mixins.json:MinecraftServerMixin from mod fabric-lifecycle-events-v1->@Inject::endSave(ZZZLorg/spongepowered/asm/mixin/injection/callback/CallbackInfoReturnable;)V won't be passed a CallbackInfoReturnable as a result
[02:24:39] [main/DEBUG] (FabricLoader/Mixin) fabric-resource-loader-v0.mixins.json:MinecraftServerMixin from mod fabric-resource-loader-v0->@Inject::init(Ljava/lang/Thread;Lnet/minecraft/world/level/storage/LevelStorage$Session;Lnet/minecraft/resource/ResourcePackManager;Lnet/minecraft/server/SaveLoader;Ljava/net/Proxy;Lcom/mojang/datafixers/DataFixer;Lnet/minecraft/util/ApiServices;Lnet/minecraft/server/WorldGenerationProgressListenerFactory;Lorg/spongepowered/asm/mixin/injection/callback/CallbackInfo;)V doesn't use it's CallbackInfo
[02:24:39] [main/DEBUG] (FabricLoader/Mixin) fabric-resource-loader-v0.mixins.json:MinecraftServerMixin from mod fabric-resource-loader-v0->@Inject::init(Ljava/lang/Thread;Lnet/minecraft/world/level/storage/LevelStorage$Session;Lnet/minecraft/resource/ResourcePackManager;Lnet/minecraft/server/SaveLoader;Ljava/net/Proxy;Lcom/mojang/datafixers/DataFixer;Lnet/minecraft/util/ApiServices;Lnet/minecraft/server/WorldGenerationProgressListenerFactory;Lorg/spongepowered/asm/mixin/injection/callback/CallbackInfo;)V has 0 override(s) in child classes
[02:24:39] [main/DEBUG] (FabricLoader/Mixin) fabric-resource-loader-v0.mixins.json:MinecraftServerMixin from mod fabric-resource-loader-v0->@Inject::init(Ljava/lang/Thread;Lnet/minecraft/world/level/storage/LevelStorage$Session;Lnet/minecraft/resource/ResourcePackManager;Lnet/minecraft/server/SaveLoader;Ljava/net/Proxy;Lcom/mojang/datafixers/DataFixer;Lnet/minecraft/util/ApiServices;Lnet/minecraft/server/WorldGenerationProgressListenerFactory;Lorg/spongepowered/asm/mixin/injection/callback/CallbackInfo;)V won't be passed a CallbackInfo as a result
[02:24:39] [main/DEBUG] (FabricLoader/Mixin) fabric-message-api-v1.mixins.json:MinecraftServerMixin from mod fabric-message-api-v1->@Inject::onGetChatDecorator(Lorg/spongepowered/asm/mixin/injection/callback/CallbackInfoReturnable;)V does use it's CallbackInfoReturnable
[02:24:39] [main/DEBUG] (FabricLoader/Mixin) Mixing CustomPayloadC2SPacketMixin from fabric-networking-api-v1.mixins.json into net.minecraft.network.packet.c2s.common.CustomPayloadC2SPacket
[02:24:39] [main/DEBUG] (FabricLoader/Mixin) fabric-networking-api-v1.mixins.json:CustomPayloadC2SPacketMixin from mod fabric-networking-api-v1: Class version 65 required is higher than the class version supported by the current version of Mixin (JAVA_17 supports class version 61)
[02:24:39] [main/DEBUG] (FabricLoader/Mixin) Renaming synthetic method lambda$wrapCodec$0(Lnet/minecraft/network/PacketByteBuf;Lnet/minecraft/util/Identifier;)Lnet/minecraft/network/packet/CustomPayload$Type; to md13010e$fabric-networking-api-v1$lambda$wrapCodec$0$0 in fabric-networking-api-v1.mixins.json:CustomPayloadC2SPacketMixin from mod fabric-networking-api-v1
[02:24:39] [main/DEBUG] (FabricLoader/Mixin) Mixing CustomPayloadS2CPacketAccessor from fabric-data-attachment-api-v1.mixins.json into net.minecraft.network.packet.c2s.common.CustomPayloadC2SPacket
[02:24:39] [main/DEBUG] (FabricLoader/Mixin) fabric-data-attachment-api-v1.mixins.json:CustomPayloadS2CPacketAccessor from mod fabric-data-attachment-api-v1: Class version 65 required is higher than the class version supported by the current version of Mixin (JAVA_17 supports class version 61)
[02:24:39] [main/DEBUG] (FabricLoader/Mixin) Mixing CustomPayloadPacketCodecMixin from fabric-networking-api-v1.mixins.json into net.minecraft.network.packet.CustomPayload$1
[02:24:39] [main/DEBUG] (FabricLoader/Mixin) fabric-networking-api-v1.mixins.json:CustomPayloadPacketCodecMixin from mod fabric-networking-api-v1: Class version 65 required is higher than the class version supported by the current version of Mixin (JAVA_17 supports class version 61)
[02:24:39] [main/DEBUG] (FabricLoader/Mixin) Mixing ServerPlayNetworkHandlerMixin from fabric-networking-api-v1.mixins.json into net.minecraft.server.network.ServerPlayNetworkHandler
[02:24:39] [main/DEBUG] (FabricLoader/Mixin) fabric-networking-api-v1.mixins.json:ServerPlayNetworkHandlerMixin from mod fabric-networking-api-v1: Class version 65 required is higher than the class version supported by the current version of Mixin (JAVA_17 supports class version 61)
[02:24:39] [main/DEBUG] (FabricLoader/Mixin) Mixing ServerPlayNetworkHandlerActionMixin from svframelibfabric.mixins.json into net.minecraft.server.network.ServerPlayNetworkHandler
[02:24:39] [main/DEBUG] (FabricLoader/Mixin) fabric-networking-api-v1.mixins.json:ServerPlayNetworkHandlerMixin from mod fabric-networking-api-v1->@Inject::initAddon(Lorg/spongepowered/asm/mixin/injection/callback/CallbackInfo;)V doesn't use it's CallbackInfo
[02:24:39] [main/DEBUG] (FabricLoader/Mixin) fabric-networking-api-v1.mixins.json:ServerPlayNetworkHandlerMixin from mod fabric-networking-api-v1->@Inject::initAddon(Lorg/spongepowered/asm/mixin/injection/callback/CallbackInfo;)V has 0 override(s) in child classes
[02:24:39] [main/DEBUG] (FabricLoader/Mixin) fabric-networking-api-v1.mixins.json:ServerPlayNetworkHandlerMixin from mod fabric-networking-api-v1->@Inject::initAddon(Lorg/spongepowered/asm/mixin/injection/callback/CallbackInfo;)V won't be passed a CallbackInfo as a result
[02:24:39] [main/DEBUG] (FabricLoader/Mixin) fabric-networking-api-v1.mixins.json:ServerPlayNetworkHandlerMixin from mod fabric-networking-api-v1->@Inject::handleCustomPayloadReceivedAsync(Lnet/minecraft/network/packet/c2s/common/CustomPayloadC2SPacket;Lorg/spongepowered/asm/mixin/injection/callback/CallbackInfo;)V does use it's CallbackInfo
[02:24:39] [main/DEBUG] (FabricLoader/Mixin) svframelibfabric.mixins.json:ServerPlayNetworkHandlerActionMixin from mod svframelib->@Inject::svframelib$onPlayerAction(Lnet/minecraft/network/packet/c2s/play/PlayerActionC2SPacket;Lorg/spongepowered/asm/mixin/injection/callback/CallbackInfo;)V doesn't use it's CallbackInfo
[02:24:39] [main/DEBUG] (FabricLoader/Mixin) svframelibfabric.mixins.json:ServerPlayNetworkHandlerActionMixin from mod svframelib->@Inject::svframelib$onPlayerAction(Lnet/minecraft/network/packet/c2s/play/PlayerActionC2SPacket;Lorg/spongepowered/asm/mixin/injection/callback/CallbackInfo;)V has 0 override(s) in child classes
[02:24:39] [main/DEBUG] (FabricLoader/Mixin) svframelibfabric.mixins.json:ServerPlayNetworkHandlerActionMixin from mod svframelib->@Inject::svframelib$onPlayerAction(Lnet/minecraft/network/packet/c2s/play/PlayerActionC2SPacket;Lorg/spongepowered/asm/mixin/injection/callback/CallbackInfo;)V won't be passed a CallbackInfo as a result
[02:24:39] [main/DEBUG] (FabricLoader/Mixin) svframelibfabric.mixins.json:ServerPlayNetworkHandlerActionMixin from mod svframelib->@Inject::svframelib$onClientCommand(Lnet/minecraft/network/packet/c2s/play/ClientCommandC2SPacket;Lorg/spongepowered/asm/mixin/injection/callback/CallbackInfo;)V doesn't use it's CallbackInfo
[02:24:39] [main/DEBUG] (FabricLoader/Mixin) svframelibfabric.mixins.json:ServerPlayNetworkHandlerActionMixin from mod svframelib->@Inject::svframelib$onClientCommand(Lnet/minecraft/network/packet/c2s/play/ClientCommandC2SPacket;Lorg/spongepowered/asm/mixin/injection/callback/CallbackInfo;)V has 0 override(s) in child classes
[02:24:39] [main/DEBUG] (FabricLoader/Mixin) svframelibfabric.mixins.json:ServerPlayNetworkHandlerActionMixin from mod svframelib->@Inject::svframelib$onClientCommand(Lnet/minecraft/network/packet/c2s/play/ClientCommandC2SPacket;Lorg/spongepowered/asm/mixin/injection/callback/CallbackInfo;)V won't be passed a CallbackInfo as a result
[02:24:40] [main/DEBUG] (FabricLoader/Mixin) Mixing LootTableBuilderMixin from fabric-loot-api-v3.mixins.json into net.minecraft.loot.LootTable$Builder
[02:24:40] [main/DEBUG] (FabricLoader/Mixin) fabric-loot-api-v3.mixins.json:LootTableBuilderMixin from mod fabric-loot-api-v3: Class version 65 required is higher than the class version supported by the current version of Mixin (JAVA_17 supports class version 61)
[02:24:40] [main/DEBUG] (FabricLoader/Mixin) Mixing LootTableBuilderMixin from fabric-loot-api-v2.mixins.json into net.minecraft.loot.LootTable$Builder
[02:24:40] [main/DEBUG] (FabricLoader/Mixin) fabric-loot-api-v2.mixins.json:LootTableBuilderMixin from mod fabric-loot-api-v2: Class version 65 required is higher than the class version supported by the current version of Mixin (JAVA_17 supports class version 61)
[02:24:40] [main/DEBUG] (FabricLoader/Entrypoint) No subscribers for entrypoint 'server'
[02:24:40] [main/DEBUG] (FabricLoader/Mixin) Mixing ServerPropertiesHandlerMixin from fabric-resource-loader-v0.mixins.json into net.minecraft.server.dedicated.ServerPropertiesHandler
[02:24:40] [main/DEBUG] (FabricLoader/Mixin) fabric-resource-loader-v0.mixins.json:ServerPropertiesHandlerMixin from mod fabric-resource-loader-v0: Class version 65 required is higher than the class version supported by the current version of Mixin (JAVA_17 supports class version 61)
[02:24:40] [main/ERROR] (net.minecraft.server.dedicated.AbstractPropertiesHandler) Failed to load properties from file: server.properties
java.nio.file.NoSuchFileException: server.properties
	at java.base/sun.nio.fs.UnixException.translateToIOException(UnixException.java:92) ~[?:?]
	at java.base/sun.nio.fs.UnixException.rethrowAsIOException(UnixException.java:106) ~[?:?]
	at java.base/sun.nio.fs.UnixException.rethrowAsIOException(UnixException.java:111) ~[?:?]
	at java.base/sun.nio.fs.UnixFileSystemProvider.newByteChannel(UnixFileSystemProvider.java:261) ~[?:?]
	at java.base/java.nio.file.Files.newByteChannel(Files.java:380) ~[?:?]
	at java.base/java.nio.file.Files.newByteChannel(Files.java:432) ~[?:?]
	at java.base/java.nio.file.spi.FileSystemProvider.newInputStream(FileSystemProvider.java:420) ~[?:?]
	at java.base/java.nio.file.Files.newInputStream(Files.java:160) ~[?:?]
	at knot/net.minecraft.server.dedicated.AbstractPropertiesHandler.loadProperties(AbstractPropertiesHandler.java:62) [minecraft-merged-8bc85877dd-1.21.1-net.fabricmc.yarn.1_21_1.1.21.1+build.3-v2.jar:?]
	at knot/net.minecraft.server.dedicated.ServerPropertiesHandler.load(ServerPropertiesHandler.java:141) [minecraft-merged-8bc85877dd-1.21.1-net.fabricmc.yarn.1_21_1.1.21.1+build.3-v2.jar:?]
	at knot/net.minecraft.server.dedicated.ServerPropertiesLoader.<init>(ServerPropertiesLoader.java:12) [minecraft-merged-8bc85877dd-1.21.1-net.fabricmc.yarn.1_21_1.1.21.1+build.3-v2.jar:?]
	at knot/net.minecraft.server.Main.main(Main.java:114) [minecraft-merged-8bc85877dd-1.21.1-net.fabricmc.yarn.1_21_1.1.21.1+build.3-v2.jar:?]
	at net.fabricmc.loader.impl.game.minecraft.MinecraftGameProvider.launch(MinecraftGameProvider.java:514) [fabric-loader-0.18.4.jar:?]
	at net.fabricmc.loader.impl.launch.knot.Knot.launch(Knot.java:72) [fabric-loader-0.18.4.jar:?]
	at net.fabricmc.loader.impl.launch.knot.KnotServer.main(KnotServer.java:23) [fabric-loader-0.18.4.jar:?]
	at net.fabricmc.devlaunchinjector.Main.main(Main.java:86) [dev-launch-injector-0.2.1+build.8.jar:?]
[02:24:40] [main/DEBUG] (FabricLoader/Mixin) Mixing ResourcePackProfileMixin from fabric-resource-loader-v0.mixins.json into net.minecraft.resource.ResourcePackProfile
[02:24:40] [main/DEBUG] (FabricLoader/Mixin) fabric-resource-loader-v0.mixins.json:ResourcePackProfileMixin from mod fabric-resource-loader-v0: Class version 65 required is higher than the class version supported by the current version of Mixin (JAVA_17 supports class version 61)
[02:24:40] [main/DEBUG] (FabricLoader/Mixin) Renaming synthetic method lambda$static$0(Ljava/util/Set;)Z to md13010e$fabric-resource-loader-v0$lambda$static$0$0 in fabric-resource-loader-v0.mixins.json:ResourcePackProfileMixin from mod fabric-resource-loader-v0
[02:24:40] [main/DEBUG] (FabricLoader/Mixin) Mixing ResourcePackProfileMixin from fabric-resource-conditions-api-v1.mixins.json into net.minecraft.resource.ResourcePackProfile
[02:24:40] [main/DEBUG] (FabricLoader/Mixin) fabric-resource-conditions-api-v1.mixins.json:ResourcePackProfileMixin from mod fabric-resource-conditions-api-v1: Class version 65 required is higher than the class version supported by the current version of Mixin (JAVA_17 supports class version 61)
[02:24:40] [main/DEBUG] (FabricLoader/Mixin) fabric-resource-loader-v0.mixins.json:ResourcePackProfileMixin from mod fabric-resource-loader-v0->@Inject::onCreateResourcePack(Lorg/spongepowered/asm/mixin/injection/callback/CallbackInfoReturnable;)V does use it's CallbackInfoReturnable
[02:24:40] [main/INFO] (com.mojang.authlib.yggdrasil.YggdrasilAuthenticationService) Environment: Environment[sessionHost=https://sessionserver.mojang.com, servicesHost=https://api.minecraftservices.com, name=PROD]
[02:24:40] [Yggdrasil Key Fetcher/DEBUG] (com.mojang.authlib.minecraft.client.MinecraftClient) Connecting to https://api.minecraftservices.com/publickeys
[02:24:40] [main/DEBUG] (FabricLoader/Mixin) Mixing ResourcePackManagerMixin from fabric-resource-loader-v0.mixins.json into net.minecraft.resource.ResourcePackManager
[02:24:40] [main/DEBUG] (FabricLoader/Mixin) fabric-resource-loader-v0.mixins.json:ResourcePackManagerMixin from mod fabric-resource-loader-v0: Class version 65 required is higher than the class version supported by the current version of Mixin (JAVA_17 supports class version 61)
[02:24:40] [main/DEBUG] (FabricLoader/Mixin) Renaming synthetic method lambda$handleAutoDisable$0(Ljava/util/Set;Lnet/minecraft/resource/ResourcePackProfile;)Z to md13010e$fabric-resource-loader-v0$lambda$handleAutoDisable$0$0 in fabric-resource-loader-v0.mixins.json:ResourcePackManagerMixin from mod fabric-resource-loader-v0
[02:24:40] [main/DEBUG] (FabricLoader/Mixin) fabric-resource-loader-v0.mixins.json:ResourcePackManagerMixin from mod fabric-resource-loader-v0->@Inject::construct([Lnet/minecraft/resource/ResourcePackProvider;Lorg/spongepowered/asm/mixin/injection/callback/CallbackInfo;)V doesn't use it's CallbackInfo
[02:24:40] [main/DEBUG] (FabricLoader/Mixin) fabric-resource-loader-v0.mixins.json:ResourcePackManagerMixin from mod fabric-resource-loader-v0->@Inject::construct([Lnet/minecraft/resource/ResourcePackProvider;Lorg/spongepowered/asm/mixin/injection/callback/CallbackInfo;)V has 0 override(s) in child classes
[02:24:40] [main/DEBUG] (FabricLoader/Mixin) fabric-resource-loader-v0.mixins.json:ResourcePackManagerMixin from mod fabric-resource-loader-v0->@Inject::construct([Lnet/minecraft/resource/ResourcePackProvider;Lorg/spongepowered/asm/mixin/injection/callback/CallbackInfo;)V won't be passed a CallbackInfo as a result
[02:24:40] [main/DEBUG] (FabricLoader/Mixin) fabric-resource-loader-v0.mixins.json:ResourcePackManagerMixin from mod fabric-resource-loader-v0->@Inject::handleAutoEnableDisable(Ljava/util/Collection;Lorg/spongepowered/asm/mixin/injection/callback/CallbackInfoReturnable;)V doesn't use it's CallbackInfoReturnable
[02:24:40] [main/DEBUG] (FabricLoader/Mixin) fabric-resource-loader-v0.mixins.json:ResourcePackManagerMixin from mod fabric-resource-loader-v0->@Inject::handleAutoEnableDisable(Ljava/util/Collection;Lorg/spongepowered/asm/mixin/injection/callback/CallbackInfoReturnable;)V has 0 override(s) in child classes
[02:24:40] [main/DEBUG] (FabricLoader/Mixin) fabric-resource-loader-v0.mixins.json:ResourcePackManagerMixin from mod fabric-resource-loader-v0->@Inject::handleAutoEnableDisable(Ljava/util/Collection;Lorg/spongepowered/asm/mixin/injection/callback/CallbackInfoReturnable;)V won't be passed a CallbackInfoReturnable as a result
[02:24:40] [main/DEBUG] (FabricLoader/Mixin) fabric-resource-loader-v0.mixins.json:ResourcePackManagerMixin from mod fabric-resource-loader-v0->@Inject::handleAutoEnable(Ljava/lang/String;Lorg/spongepowered/asm/mixin/injection/callback/CallbackInfoReturnable;)V doesn't use it's CallbackInfoReturnable
[02:24:40] [main/DEBUG] (FabricLoader/Mixin) fabric-resource-loader-v0.mixins.json:ResourcePackManagerMixin from mod fabric-resource-loader-v0->@Inject::handleAutoEnable(Ljava/lang/String;Lorg/spongepowered/asm/mixin/injection/callback/CallbackInfoReturnable;)V has 0 override(s) in child classes
[02:24:40] [main/DEBUG] (FabricLoader/Mixin) fabric-resource-loader-v0.mixins.json:ResourcePackManagerMixin from mod fabric-resource-loader-v0->@Inject::handleAutoEnable(Ljava/lang/String;Lorg/spongepowered/asm/mixin/injection/callback/CallbackInfoReturnable;)V won't be passed a CallbackInfoReturnable as a result
[02:24:40] [main/DEBUG] (FabricLoader/Mixin) fabric-resource-loader-v0.mixins.json:ResourcePackManagerMixin from mod fabric-resource-loader-v0->@Inject::handleAutoDisable(Ljava/lang/String;Lorg/spongepowered/asm/mixin/injection/callback/CallbackInfoReturnable;)V doesn't use it's CallbackInfoReturnable
[02:24:40] [main/DEBUG] (FabricLoader/Mixin) fabric-resource-loader-v0.mixins.json:ResourcePackManagerMixin from mod fabric-resource-loader-v0->@Inject::handleAutoDisable(Ljava/lang/String;Lorg/spongepowered/asm/mixin/injection/callback/CallbackInfoReturnable;)V has 0 override(s) in child classes
[02:24:40] [main/DEBUG] (FabricLoader/Mixin) fabric-resource-loader-v0.mixins.json:ResourcePackManagerMixin from mod fabric-resource-loader-v0->@Inject::handleAutoDisable(Ljava/lang/String;Lorg/spongepowered/asm/mixin/injection/callback/CallbackInfoReturnable;)V won't be passed a CallbackInfoReturnable as a result
[02:24:40] [main/DEBUG] (FabricLoader/Mixin) Mixing DataPackContentsMixin from fabric-lifecycle-events-v1.mixins.json into net.minecraft.server.DataPackContents
[02:24:40] [main/DEBUG] (FabricLoader/Mixin) fabric-lifecycle-events-v1.mixins.json:DataPackContentsMixin from mod fabric-lifecycle-events-v1: Class version 65 required is higher than the class version supported by the current version of Mixin (JAVA_17 supports class version 61)
[02:24:40] [main/DEBUG] (FabricLoader/Mixin) Mixing DataPackContentsMixin from fabric-resource-conditions-api-v1.mixins.json into net.minecraft.server.DataPackContents
[02:24:40] [main/DEBUG] (FabricLoader/Mixin) fabric-resource-conditions-api-v1.mixins.json:DataPackContentsMixin from mod fabric-resource-conditions-api-v1: Class version 65 required is higher than the class version supported by the current version of Mixin (JAVA_17 supports class version 61)
[02:24:40] [main/DEBUG] (FabricLoader/Mixin) fabric-lifecycle-events-v1.mixins.json:DataPackContentsMixin from mod fabric-lifecycle-events-v1->@Inject::hookRefresh(Lorg/spongepowered/asm/mixin/injection/callback/CallbackInfo;)V doesn't use it's CallbackInfo
[02:24:40] [main/DEBUG] (FabricLoader/Mixin) fabric-lifecycle-events-v1.mixins.json:DataPackContentsMixin from mod fabric-lifecycle-events-v1->@Inject::hookRefresh(Lorg/spongepowered/asm/mixin/injection/callback/CallbackInfo;)V has 0 override(s) in child classes
[02:24:40] [main/DEBUG] (FabricLoader/Mixin) fabric-lifecycle-events-v1.mixins.json:DataPackContentsMixin from mod fabric-lifecycle-events-v1->@Inject::hookRefresh(Lorg/spongepowered/asm/mixin/injection/callback/CallbackInfo;)V won't be passed a CallbackInfo as a result
[02:24:40] [main/DEBUG] (FabricLoader/Mixin) fabric-resource-conditions-api-v1.mixins.json:DataPackContentsMixin from mod fabric-resource-conditions-api-v1->@Inject::hookRefresh(Lorg/spongepowered/asm/mixin/injection/callback/CallbackInfo;)V doesn't use it's CallbackInfo
[02:24:40] [main/DEBUG] (FabricLoader/Mixin) fabric-resource-conditions-api-v1.mixins.json:DataPackContentsMixin from mod fabric-resource-conditions-api-v1->@Inject::hookRefresh(Lorg/spongepowered/asm/mixin/injection/callback/CallbackInfo;)V has 0 override(s) in child classes
[02:24:40] [main/DEBUG] (FabricLoader/Mixin) fabric-resource-conditions-api-v1.mixins.json:DataPackContentsMixin from mod fabric-resource-conditions-api-v1->@Inject::hookRefresh(Lorg/spongepowered/asm/mixin/injection/callback/CallbackInfo;)V won't be passed a CallbackInfo as a result
[02:24:40] [main/DEBUG] (FabricLoader/Mixin) fabric-resource-conditions-api-v1.mixins.json:DataPackContentsMixin from mod fabric-resource-conditions-api-v1->@Inject::hookReload(Lnet/minecraft/resource/ResourceManager;Lnet/minecraft/registry/CombinedDynamicRegistries;Lnet/minecraft/resource/featuretoggle/FeatureSet;Lnet/minecraft/server/command/CommandManager$RegistrationEnvironment;ILjava/util/concurrent/Executor;Ljava/util/concurrent/Executor;Lorg/spongepowered/asm/mixin/injection/callback/CallbackInfoReturnable;)V doesn't use it's CallbackInfoReturnable
[02:24:40] [main/DEBUG] (FabricLoader/Mixin) Mixing SaveLoadingMixin from fabric-registry-sync-v0.mixins.json into net.minecraft.server.SaveLoading
[02:24:40] [main/DEBUG] (FabricLoader/Mixin) fabric-registry-sync-v0.mixins.json:SaveLoadingMixin from mod fabric-registry-sync-v0: Class version 65 required is higher than the class version supported by the current version of Mixin (JAVA_17 supports class version 61)
[02:24:40] [main/DEBUG] (FabricLoader/Mixin) Mixing ServerPlayerInteractionManagerMixin from fabric-events-interaction-v0.mixins.json into net.minecraft.server.network.ServerPlayerInteractionManager
[02:24:40] [main/DEBUG] (FabricLoader/Mixin) fabric-events-interaction-v0.mixins.json:ServerPlayerInteractionManagerMixin from mod fabric-events-interaction-v0: Class version 65 required is higher than the class version supported by the current version of Mixin (JAVA_17 supports class version 61)
[02:24:40] [main/DEBUG] (FabricLoader/Mixin) fabric-events-interaction-v0.mixins.json:ServerPlayerInteractionManagerMixin from mod fabric-events-interaction-v0->@Inject::startBlockBreak(Lnet/minecraft/util/math/BlockPos;Lnet/minecraft/network/packet/c2s/play/PlayerActionC2SPacket$Action;Lnet/minecraft/util/math/Direction;IILorg/spongepowered/asm/mixin/injection/callback/CallbackInfo;)V does use it's CallbackInfo
[02:24:40] [main/DEBUG] (FabricLoader/Mixin) fabric-events-interaction-v0.mixins.json:ServerPlayerInteractionManagerMixin from mod fabric-events-interaction-v0->@Inject::interactBlock(Lnet/minecraft/server/network/ServerPlayerEntity;Lnet/minecraft/world/World;Lnet/minecraft/item/ItemStack;Lnet/minecraft/util/Hand;Lnet/minecraft/util/hit/BlockHitResult;Lorg/spongepowered/asm/mixin/injection/callback/CallbackInfoReturnable;)V does use it's CallbackInfoReturnable
[02:24:40] [main/DEBUG] (FabricLoader/Mixin) fabric-events-interaction-v0.mixins.json:ServerPlayerInteractionManagerMixin from mod fabric-events-interaction-v0->@Inject::interactItem(Lnet/minecraft/server/network/ServerPlayerEntity;Lnet/minecraft/world/World;Lnet/minecraft/item/ItemStack;Lnet/minecraft/util/Hand;Lorg/spongepowered/asm/mixin/injection/callback/CallbackInfoReturnable;)V does use it's CallbackInfoReturnable
[02:24:40] [main/DEBUG] (FabricLoader/Mixin) fabric-events-interaction-v0.mixins.json:ServerPlayerInteractionManagerMixin from mod fabric-events-interaction-v0->@Inject::breakBlock(Lnet/minecraft/util/math/BlockPos;Lorg/spongepowered/asm/mixin/injection/callback/CallbackInfoReturnable;Lnet/minecraft/block/entity/BlockEntity;Lnet/minecraft/block/Block;Lnet/minecraft/block/BlockState;)V does use it's CallbackInfoReturnable
[02:24:40] [main/DEBUG] (FabricLoader/Mixin) fabric-events-interaction-v0.mixins.json:ServerPlayerInteractionManagerMixin from mod fabric-events-interaction-v0->@Inject::onBlockBroken(Lnet/minecraft/util/math/BlockPos;Lorg/spongepowered/asm/mixin/injection/callback/CallbackInfoReturnable;Lnet/minecraft/block/entity/BlockEntity;Lnet/minecraft/block/Block;Lnet/minecraft/block/BlockState;Z)V doesn't use it's CallbackInfoReturnable
[02:24:40] [main/DEBUG] (FabricLoader/Mixin) fabric-events-interaction-v0.mixins.json:ServerPlayerInteractionManagerMixin from mod fabric-events-interaction-v0->@Inject::onBlockBroken(Lnet/minecraft/util/math/BlockPos;Lorg/spongepowered/asm/mixin/injection/callback/CallbackInfoReturnable;Lnet/minecraft/block/entity/BlockEntity;Lnet/minecraft/block/Block;Lnet/minecraft/block/BlockState;Z)V has 0 override(s) in child classes
[02:24:40] [main/DEBUG] (FabricLoader/Mixin) fabric-events-interaction-v0.mixins.json:ServerPlayerInteractionManagerMixin from mod fabric-events-interaction-v0->@Inject::onBlockBroken(Lnet/minecraft/util/math/BlockPos;Lorg/spongepowered/asm/mixin/injection/callback/CallbackInfoReturnable;Lnet/minecraft/block/entity/BlockEntity;Lnet/minecraft/block/Block;Lnet/minecraft/block/BlockState;Z)V won't be passed a CallbackInfoReturnable as a result
[02:24:40] [main/DEBUG] (FabricLoader/Mixin) Mixing GameRulesAccessor from fabric-game-rule-api-v1.mixins.json into net.minecraft.world.GameRules
[02:24:40] [main/DEBUG] (FabricLoader/Mixin) fabric-game-rule-api-v1.mixins.json:GameRulesAccessor from mod fabric-game-rule-api-v1: Class version 65 required is higher than the class version supported by the current version of Mixin (JAVA_17 supports class version 61)
[02:24:40] [main/DEBUG] (FabricLoader/Mixin) Renaming @Invoker method callRegister(Ljava/lang/String;Lnet/minecraft/world/GameRules$Category;Lnet/minecraft/world/GameRules$Type;)Lnet/minecraft/world/GameRules$Key; to callRegister$fabric-game-rule-api-v1_$md$13010e$0 in fabric-game-rule-api-v1.mixins.json:GameRulesAccessor from mod fabric-game-rule-api-v1
[02:24:40] [main/DEBUG] (FabricLoader/Mixin) Renaming @Accessor method getRuleTypes()Ljava/util/Map; to getRuleTypes$fabric-game-rule-api-v1_$md$13010e$1 in fabric-game-rule-api-v1.mixins.json:GameRulesAccessor from mod fabric-game-rule-api-v1
[02:24:40] [main/DEBUG] (FabricLoader/Mixin) Mixing GameRulesKeyMixin from fabric-game-rule-api-v1.mixins.json into net.minecraft.world.GameRules$Key
[02:24:40] [main/DEBUG] (FabricLoader/Mixin) fabric-game-rule-api-v1.mixins.json:GameRulesKeyMixin from mod fabric-game-rule-api-v1: Class version 65 required is higher than the class version supported by the current version of Mixin (JAVA_17 supports class version 61)
[02:24:40] [main/DEBUG] (FabricLoader/Mixin) Mixing GameRulesBooleanRuleAccessor from fabric-game-rule-api-v1.mixins.json into net.minecraft.world.GameRules$BooleanRule
[02:24:40] [main/DEBUG] (FabricLoader/Mixin) fabric-game-rule-api-v1.mixins.json:GameRulesBooleanRuleAccessor from mod fabric-game-rule-api-v1: Class version 65 required is higher than the class version supported by the current version of Mixin (JAVA_17 supports class version 61)
[02:24:40] [main/DEBUG] (FabricLoader/Mixin) Renaming @Invoker method invokeCreate(ZLjava/util/function/BiConsumer;)Lnet/minecraft/world/GameRules$Type; to invokeCreate$fabric-game-rule-api-v1_$md$13010e$0 in fabric-game-rule-api-v1.mixins.json:GameRulesBooleanRuleAccessor from mod fabric-game-rule-api-v1
[02:24:40] [main/DEBUG] (FabricLoader/Mixin) Mixing GameRulesIntRuleAccessor from fabric-game-rule-api-v1.mixins.json into net.minecraft.world.GameRules$IntRule
[02:24:40] [main/DEBUG] (FabricLoader/Mixin) fabric-game-rule-api-v1.mixins.json:GameRulesIntRuleAccessor from mod fabric-game-rule-api-v1: Class version 65 required is higher than the class version supported by the current version of Mixin (JAVA_17 supports class version 61)
[02:24:40] [main/DEBUG] (net.fabricmc.fabric.impl.resource.loader.ModResourcePackUtil) [Fabric] Starting internal pack sorting with: [fabric, fabric-convention-tags-v2, fabric-gametest-api-v1]
[02:24:40] [main/DEBUG] (net.fabricmc.fabric.impl.resource.loader.ModResourcePackUtil) [Fabric] Removed all internal packs, result: [fabric]
[02:24:40] [main/DEBUG] (net.fabricmc.fabric.impl.resource.loader.ModResourcePackUtil) [Fabric] cur @ fabric, auto-enabled fabric-convention-tags-v2, currently enabled: [fabric, fabric-convention-tags-v2]
[02:24:40] [main/DEBUG] (net.fabricmc.fabric.impl.resource.loader.ModResourcePackUtil) [Fabric] cur @ fabric, auto-enabled fabric-gametest-api-v1, currently enabled: [fabric, fabric-convention-tags-v2, fabric-gametest-api-v1]
[02:24:40] [main/DEBUG] (net.fabricmc.fabric.impl.resource.loader.ModResourcePackUtil) [Fabric] Final sorting result: [fabric, fabric-convention-tags-v2, fabric-gametest-api-v1]
[02:24:40] [main/DEBUG] (net.fabricmc.fabric.impl.resource.loader.ModResourcePackUtil) [Fabric] Starting internal pack sorting with: [vanilla, fabric, fabric-gametest-api-v1, fabric-convention-tags-v2]
[02:24:40] [main/DEBUG] (net.fabricmc.fabric.impl.resource.loader.ModResourcePackUtil) [Fabric] Removed all internal packs, result: [vanilla, fabric]
[02:24:40] [main/DEBUG] (net.fabricmc.fabric.impl.resource.loader.ModResourcePackUtil) [Fabric] cur @ fabric, auto-enabled fabric-convention-tags-v2, currently enabled: [vanilla, fabric, fabric-convention-tags-v2]
[02:24:40] [main/DEBUG] (net.fabricmc.fabric.impl.resource.loader.ModResourcePackUtil) [Fabric] cur @ fabric, auto-enabled fabric-gametest-api-v1, currently enabled: [vanilla, fabric, fabric-convention-tags-v2, fabric-gametest-api-v1]
[02:24:40] [main/DEBUG] (net.fabricmc.fabric.impl.resource.loader.ModResourcePackUtil) [Fabric] Final sorting result: [vanilla, fabric, fabric-convention-tags-v2, fabric-gametest-api-v1]
[02:24:40] [main/DEBUG] (FabricLoader/Mixin) Mixing LifecycledResourceManagerImplMixin from fabric-resource-loader-v0.mixins.json into net.minecraft.resource.LifecycledResourceManagerImpl
[02:24:40] [main/DEBUG] (FabricLoader/Mixin) fabric-resource-loader-v0.mixins.json:LifecycledResourceManagerImplMixin from mod fabric-resource-loader-v0: Class version 65 required is higher than the class version supported by the current version of Mixin (JAVA_17 supports class version 61)
[02:24:40] [main/DEBUG] (FabricLoader/Mixin) fabric-resource-loader-v0.mixins.json:LifecycledResourceManagerImplMixin from mod fabric-resource-loader-v0->@Inject::init(Lnet/minecraft/resource/ResourceType;Ljava/util/List;Lorg/spongepowered/asm/mixin/injection/callback/CallbackInfo;)V doesn't use it's CallbackInfo
[02:24:40] [main/DEBUG] (FabricLoader/Mixin) fabric-resource-loader-v0.mixins.json:LifecycledResourceManagerImplMixin from mod fabric-resource-loader-v0->@Inject::init(Lnet/minecraft/resource/ResourceType;Ljava/util/List;Lorg/spongepowered/asm/mixin/injection/callback/CallbackInfo;)V has 0 override(s) in child classes
[02:24:40] [main/DEBUG] (FabricLoader/Mixin) fabric-resource-loader-v0.mixins.json:LifecycledResourceManagerImplMixin from mod fabric-resource-loader-v0->@Inject::init(Lnet/minecraft/resource/ResourceType;Ljava/util/List;Lorg/spongepowered/asm/mixin/injection/callback/CallbackInfo;)V won't be passed a CallbackInfo as a result
[02:24:40] [main/DEBUG] (FabricLoader/Mixin) Mixing modification.DynamicRegistryManagerImmutableImplMixin from fabric-biome-api-v1.mixins.json into net.minecraft.registry.DynamicRegistryManager$ImmutableImpl
[02:24:40] [main/DEBUG] (FabricLoader/Mixin) fabric-biome-api-v1.mixins.json:modification.DynamicRegistryManagerImmutableImplMixin from mod fabric-biome-api-v1: Class version 65 required is higher than the class version supported by the current version of Mixin (JAVA_17 supports class version 61)
[02:24:40] [main/DEBUG] (FabricLoader/Mixin) Mixing RegistryLoaderMixin from fabric-registry-sync-v0.mixins.json into net.minecraft.registry.RegistryLoader
[02:24:40] [main/DEBUG] (FabricLoader/Mixin) fabric-registry-sync-v0.mixins.json:RegistryLoaderMixin from mod fabric-registry-sync-v0: Class version 65 required is higher than the class version supported by the current version of Mixin (JAVA_17 supports class version 61)
[02:24:40] [main/DEBUG] (FabricLoader/Mixin) Renaming synthetic method lambda$static$0()Ljava/lang/Boolean; to md13010e$fabric-registry-sync-v0$lambda$static$0$0 in fabric-registry-sync-v0.mixins.json:RegistryLoaderMixin from mod fabric-registry-sync-v0
[02:24:40] [main/DEBUG] (FabricLoader/Mixin) Mixing RegistryLoaderMixin from fabric-item-api-v1.mixins.json into net.minecraft.registry.RegistryLoader
[02:24:40] [main/DEBUG] (FabricLoader/Mixin) fabric-item-api-v1.mixins.json:RegistryLoaderMixin from mod fabric-item-api-v1: Class version 65 required is higher than the class version supported by the current version of Mixin (JAVA_17 supports class version 61)
[02:24:40] [main/DEBUG] (FabricLoader/Mixin) Mixing RegistryLoaderMixin from fabric-resource-conditions-api-v1.mixins.json into net.minecraft.registry.RegistryLoader
[02:24:40] [main/DEBUG] (FabricLoader/Mixin) fabric-resource-conditions-api-v1.mixins.json:RegistryLoaderMixin from mod fabric-resource-conditions-api-v1: Class version 65 required is higher than the class version supported by the current version of Mixin (JAVA_17 supports class version 61)
[02:24:40] [main/DEBUG] (FabricLoader/Mixin) fabric-registry-sync-v0.mixins.json:RegistryLoaderMixin from mod fabric-registry-sync-v0->@Inject::beforeLoad(Ljava/lang/Object;Lnet/minecraft/registry/DynamicRegistryManager;Ljava/util/List;Lorg/spongepowered/asm/mixin/injection/callback/CallbackInfoReturnable;)V doesn't use it's CallbackInfoReturnable
[02:24:40] [main/DEBUG] (FabricLoader/Mixin) fabric-resource-conditions-api-v1.mixins.json:RegistryLoaderMixin from mod fabric-resource-conditions-api-v1->@Inject::checkResourceCondition(Lnet/minecraft/registry/MutableRegistry;Lcom/mojang/serialization/Decoder;Lnet/minecraft/registry/RegistryOps;Lnet/minecraft/registry/RegistryKey;Lnet/minecraft/resource/Resource;Lnet/minecraft/registry/entry/RegistryEntryInfo;Lorg/spongepowered/asm/mixin/injection/callback/CallbackInfo;)V does use it's CallbackInfo
[02:24:40] [main/DEBUG] (FabricLoader/Mixin) Mixing ResourceMixin from fabric-resource-loader-v0.mixins.json into net.minecraft.resource.Resource
[02:24:40] [main/DEBUG] (FabricLoader/Mixin) fabric-resource-loader-v0.mixins.json:ResourceMixin from mod fabric-resource-loader-v0: Class version 65 required is higher than the class version supported by the current version of Mixin (JAVA_17 supports class version 61)
[02:24:41] [main/DEBUG] (FabricLoader/Mixin) Mixing EnchantmentBuilderAccessor from fabric-item-api-v1.mixins.json into net.minecraft.enchantment.Enchantment$Builder
[02:24:41] [main/DEBUG] (FabricLoader/Mixin) fabric-item-api-v1.mixins.json:EnchantmentBuilderAccessor from mod fabric-item-api-v1: Class version 65 required is higher than the class version supported by the current version of Mixin (JAVA_17 supports class version 61)
[02:24:41] [main/INFO] (net.minecraft.server.Main) No existing world data, creating new world
[02:24:41] [main/DEBUG] (FabricLoader/Mixin) Mixing DimensionOptionsRegistryHolderMixin from fabric-dimensions-v1.mixins.json into net.minecraft.world.dimension.DimensionOptionsRegistryHolder
[02:24:41] [main/DEBUG] (FabricLoader/Mixin) fabric-dimensions-v1.mixins.json:DimensionOptionsRegistryHolderMixin from mod fabric-dimensions-v1: Class version 65 required is higher than the class version supported by the current version of Mixin (JAVA_17 supports class version 61)
[02:24:41] [main/DEBUG] (FabricLoader/Mixin) Mixing ReloadableRegistriesMixin from fabric-resource-conditions-api-v1.mixins.json into net.minecraft.registry.ReloadableRegistries
[02:24:41] [main/DEBUG] (FabricLoader/Mixin) fabric-resource-conditions-api-v1.mixins.json:ReloadableRegistriesMixin from mod fabric-resource-conditions-api-v1: Class version 65 required is higher than the class version supported by the current version of Mixin (JAVA_17 supports class version 61)
[02:24:41] [main/DEBUG] (FabricLoader/Mixin) Mixing ReloadableRegistriesMixin from fabric-loot-api-v3.mixins.json into net.minecraft.registry.ReloadableRegistries
[02:24:41] [main/DEBUG] (FabricLoader/Mixin) fabric-loot-api-v3.mixins.json:ReloadableRegistriesMixin from mod fabric-loot-api-v3: Class version 65 required is higher than the class version supported by the current version of Mixin (JAVA_17 supports class version 61)
[02:24:41] [main/DEBUG] (FabricLoader/Mixin) Renaming synthetic method lambda$modifyLootTable$1(Lnet/minecraft/util/Identifier;Lnet/minecraft/registry/RegistryOps;Ljava/lang/Object;)Ljava/lang/Object; to md13010e$fabric-loot-api-v3$lambda$modifyLootTable$1$0 in fabric-loot-api-v3.mixins.json:ReloadableRegistriesMixin from mod fabric-loot-api-v3
[02:24:41] [main/DEBUG] (FabricLoader/Mixin) Renaming synthetic method lambda$removeOps$0(Lnet/minecraft/registry/RegistryOps;Ljava/util/List;)Ljava/util/List; to md13010e$fabric-loot-api-v3$lambda$removeOps$0$1 in fabric-loot-api-v3.mixins.json:ReloadableRegistriesMixin from mod fabric-loot-api-v3
[02:24:41] [main/DEBUG] (FabricLoader/Mixin) fabric-resource-conditions-api-v1.mixins.json:ReloadableRegistriesMixin from mod fabric-resource-conditions-api-v1->@Inject::storeWrapperLookup(Lnet/minecraft/registry/CombinedDynamicRegistries;Lnet/minecraft/resource/ResourceManager;Ljava/util/concurrent/Executor;Lorg/spongepowered/asm/mixin/injection/callback/CallbackInfoReturnable;)V doesn't use it's CallbackInfoReturnable
[02:24:41] [main/DEBUG] (FabricLoader/Mixin) fabric-resource-conditions-api-v1.mixins.json:ReloadableRegistriesMixin from mod fabric-resource-conditions-api-v1->@Inject::applyConditions(Lnet/minecraft/loot/LootDataType;Lnet/minecraft/registry/RegistryOps;Lnet/minecraft/registry/MutableRegistry;Lnet/minecraft/util/Identifier;Lcom/google/gson/JsonElement;Lorg/spongepowered/asm/mixin/injection/callback/CallbackInfo;)V does use it's CallbackInfo
[02:24:41] [main/DEBUG] (FabricLoader/Mixin) fabric-loot-api-v3.mixins.json:ReloadableRegistriesMixin from mod fabric-loot-api-v3->@Inject::onLootTablesLoaded(Lnet/minecraft/loot/LootDataType;Lnet/minecraft/resource/ResourceManager;Lnet/minecraft/registry/RegistryOps;Lorg/spongepowered/asm/mixin/injection/callback/CallbackInfoReturnable;)V does use it's CallbackInfoReturnable
[02:24:41] [Worker-Main-1/DEBUG] (FabricLoader/Mixin) Mixing JsonDataLoaderMixin from fabric-loot-api-v3.mixins.json into net.minecraft.resource.JsonDataLoader
[02:24:41] [Worker-Main-1/DEBUG] (FabricLoader/Mixin) fabric-loot-api-v3.mixins.json:JsonDataLoaderMixin from mod fabric-loot-api-v3: Class version 65 required is higher than the class version supported by the current version of Mixin (JAVA_17 supports class version 61)
[02:24:41] [Worker-Main-1/DEBUG] (FabricLoader/Mixin) Mixing JsonDataLoaderMixin from fabric-resource-conditions-api-v1.mixins.json into net.minecraft.resource.JsonDataLoader
[02:24:41] [Worker-Main-1/DEBUG] (FabricLoader/Mixin) fabric-resource-conditions-api-v1.mixins.json:JsonDataLoaderMixin from mod fabric-resource-conditions-api-v1: Class version 65 required is higher than the class version supported by the current version of Mixin (JAVA_17 supports class version 61)
[02:24:41] [Worker-Main-1/DEBUG] (FabricLoader/Mixin) fabric-loot-api-v3.mixins.json:JsonDataLoaderMixin from mod fabric-loot-api-v3->@Inject::fillSourceMap(Lnet/minecraft/resource/ResourceManager;Ljava/lang/String;Lcom/google/gson/Gson;Ljava/util/Map;Lorg/spongepowered/asm/mixin/injection/callback/CallbackInfo;)V doesn't use it's CallbackInfo
[02:24:41] [Worker-Main-1/DEBUG] (FabricLoader/Mixin) Mixing SinglePreparationResourceReloaderMixin from fabric-resource-conditions-api-v1.mixins.json into net.minecraft.resource.SinglePreparationResourceReloader
[02:24:41] [Worker-Main-1/DEBUG] (FabricLoader/Mixin) fabric-resource-conditions-api-v1.mixins.json:SinglePreparationResourceReloaderMixin from mod fabric-resource-conditions-api-v1: Class version 65 required is higher than the class version supported by the current version of Mixin (JAVA_17 supports class version 61)
[02:24:41] [Worker-Main-1/DEBUG] (FabricLoader/Mixin) fabric-resource-conditions-api-v1.mixins.json:SinglePreparationResourceReloaderMixin from mod fabric-resource-conditions-api-v1->@Inject::applyResourceConditions(Lnet/minecraft/resource/ResourceManager;Lnet/minecraft/util/profiler/Profiler;Ljava/lang/Object;Lorg/spongepowered/asm/mixin/injection/callback/CallbackInfo;)V doesn't use it's CallbackInfo
[02:24:41] [Worker-Main-1/DEBUG] (FabricLoader/Mixin) fabric-resource-conditions-api-v1.mixins.json:SinglePreparationResourceReloaderMixin from mod fabric-resource-conditions-api-v1->@Inject::applyResourceConditions(Lnet/minecraft/resource/ResourceManager;Lnet/minecraft/util/profiler/Profiler;Ljava/lang/Object;Lorg/spongepowered/asm/mixin/injection/callback/CallbackInfo;)V has 0 override(s) in child classes
[02:24:41] [Worker-Main-1/DEBUG] (FabricLoader/Mixin) fabric-resource-conditions-api-v1.mixins.json:SinglePreparationResourceReloaderMixin from mod fabric-resource-conditions-api-v1->@Inject::applyResourceConditions(Lnet/minecraft/resource/ResourceManager;Lnet/minecraft/util/profiler/Profiler;Ljava/lang/Object;Lorg/spongepowered/asm/mixin/injection/callback/CallbackInfo;)V won't be passed a CallbackInfo as a result
[02:24:41] [Worker-Main-3/DEBUG] (FabricLoader/Mixin) Mixing KeyedResourceReloadListenerMixin from fabric-resource-loader-v0.mixins.json into net.minecraft.recipe.RecipeManager
[02:24:41] [Worker-Main-3/DEBUG] (FabricLoader/Mixin) fabric-resource-loader-v0.mixins.json:KeyedResourceReloadListenerMixin from mod fabric-resource-loader-v0: Class version 65 required is higher than the class version supported by the current version of Mixin (JAVA_17 supports class version 61)
[02:24:41] [Worker-Main-3/DEBUG] (FabricLoader/Mixin) Mixing RecipeManagerMixin from fabric-resource-conditions-api-v1.mixins.json into net.minecraft.recipe.RecipeManager
[02:24:41] [Worker-Main-3/DEBUG] (FabricLoader/Mixin) fabric-resource-conditions-api-v1.mixins.json:RecipeManagerMixin from mod fabric-resource-conditions-api-v1: Class version 65 required is higher than the class version supported by the current version of Mixin (JAVA_17 supports class version 61)
[02:24:41] [Worker-Main-3/DEBUG] (FabricLoader/Mixin) Mixing KeyedResourceReloadListenerMixin from fabric-resource-loader-v0.mixins.json into net.minecraft.registry.tag.TagManagerLoader
[02:24:41] [Worker-Main-3/DEBUG] (FabricLoader/Mixin) fabric-resource-loader-v0.mixins.json:KeyedResourceReloadListenerMixin from mod fabric-resource-loader-v0: Class version 65 required is higher than the class version supported by the current version of Mixin (JAVA_17 supports class version 61)
[02:24:41] [Worker-Main-3/DEBUG] (FabricLoader/Mixin) Mixing TagManagerLoaderMixin from fabric-resource-conditions-api-v1.mixins.json into net.minecraft.registry.tag.TagManagerLoader
[02:24:41] [Worker-Main-3/DEBUG] (FabricLoader/Mixin) fabric-resource-conditions-api-v1.mixins.json:TagManagerLoaderMixin from mod fabric-resource-conditions-api-v1: Class version 65 required is higher than the class version supported by the current version of Mixin (JAVA_17 supports class version 61)
[02:24:41] [Worker-Main-3/DEBUG] (FabricLoader/Mixin) fabric-resource-conditions-api-v1.mixins.json:TagManagerLoaderMixin from mod fabric-resource-conditions-api-v1->@Inject::hookApply(Ljava/util/List;Ljava/lang/Void;Lorg/spongepowered/asm/mixin/injection/callback/CallbackInfo;)V doesn't use it's CallbackInfo
[02:24:41] [Worker-Main-3/DEBUG] (FabricLoader/Mixin) fabric-resource-conditions-api-v1.mixins.json:TagManagerLoaderMixin from mod fabric-resource-conditions-api-v1->@Inject::hookApply(Ljava/util/List;Ljava/lang/Void;Lorg/spongepowered/asm/mixin/injection/callback/CallbackInfo;)V has 0 override(s) in child classes
[02:24:41] [Worker-Main-3/DEBUG] (FabricLoader/Mixin) fabric-resource-conditions-api-v1.mixins.json:TagManagerLoaderMixin from mod fabric-resource-conditions-api-v1->@Inject::hookApply(Ljava/util/List;Ljava/lang/Void;Lorg/spongepowered/asm/mixin/injection/callback/CallbackInfo;)V won't be passed a CallbackInfo as a result
[02:24:41] [Worker-Main-3/DEBUG] (FabricLoader/Mixin) Mixing CommandManagerMixin from fabric-networking-api-v1.mixins.json into net.minecraft.server.command.CommandManager
[02:24:41] [Worker-Main-3/DEBUG] (FabricLoader/Mixin) fabric-networking-api-v1.mixins.json:CommandManagerMixin from mod fabric-networking-api-v1: Class version 65 required is higher than the class version supported by the current version of Mixin (JAVA_17 supports class version 61)
[02:24:41] [Worker-Main-3/DEBUG] (FabricLoader/Mixin) Mixing CommandManagerMixin from fabric-gametest-api-v1.mixins.json into net.minecraft.server.command.CommandManager
[02:24:41] [Worker-Main-3/DEBUG] (FabricLoader/Mixin) fabric-gametest-api-v1.mixins.json:CommandManagerMixin from mod fabric-gametest-api-v1: Class version 65 required is higher than the class version supported by the current version of Mixin (JAVA_17 supports class version 61)
[02:24:41] [Worker-Main-3/DEBUG] (FabricLoader/Mixin) Mixing CommandManagerMixin from fabric-command-api-v2.mixins.json into net.minecraft.server.command.CommandManager
[02:24:41] [Worker-Main-3/DEBUG] (FabricLoader/Mixin) fabric-command-api-v2.mixins.json:CommandManagerMixin from mod fabric-command-api-v2: Class version 65 required is higher than the class version supported by the current version of Mixin (JAVA_17 supports class version 61)
[02:24:41] [Worker-Main-3/DEBUG] (FabricLoader/Mixin) fabric-networking-api-v1.mixins.json:CommandManagerMixin from mod fabric-networking-api-v1->@Inject::init(Lnet/minecraft/server/command/CommandManager$RegistrationEnvironment;Lnet/minecraft/command/CommandRegistryAccess;Lorg/spongepowered/asm/mixin/injection/callback/CallbackInfo;)V doesn't use it's CallbackInfo
[02:24:41] [Worker-Main-3/DEBUG] (FabricLoader/Mixin) fabric-networking-api-v1.mixins.json:CommandManagerMixin from mod fabric-networking-api-v1->@Inject::init(Lnet/minecraft/server/command/CommandManager$RegistrationEnvironment;Lnet/minecraft/command/CommandRegistryAccess;Lorg/spongepowered/asm/mixin/injection/callback/CallbackInfo;)V has 0 override(s) in child classes
[02:24:41] [Worker-Main-3/DEBUG] (FabricLoader/Mixin) fabric-networking-api-v1.mixins.json:CommandManagerMixin from mod fabric-networking-api-v1->@Inject::init(Lnet/minecraft/server/command/CommandManager$RegistrationEnvironment;Lnet/minecraft/command/CommandRegistryAccess;Lorg/spongepowered/asm/mixin/injection/callback/CallbackInfo;)V won't be passed a CallbackInfo as a result
[02:24:41] [Worker-Main-3/DEBUG] (FabricLoader/Mixin) fabric-gametest-api-v1.mixins.json:CommandManagerMixin from mod fabric-gametest-api-v1->@Inject::construct(Lnet/minecraft/server/command/CommandManager$RegistrationEnvironment;Lnet/minecraft/command/CommandRegistryAccess;Lorg/spongepowered/asm/mixin/injection/callback/CallbackInfo;)V doesn't use it's CallbackInfo
[02:24:41] [Worker-Main-3/DEBUG] (FabricLoader/Mixin) fabric-gametest-api-v1.mixins.json:CommandManagerMixin from mod fabric-gametest-api-v1->@Inject::construct(Lnet/minecraft/server/command/CommandManager$RegistrationEnvironment;Lnet/minecraft/command/CommandRegistryAccess;Lorg/spongepowered/asm/mixin/injection/callback/CallbackInfo;)V has 0 override(s) in child classes
[02:24:41] [Worker-Main-3/DEBUG] (FabricLoader/Mixin) fabric-gametest-api-v1.mixins.json:CommandManagerMixin from mod fabric-gametest-api-v1->@Inject::construct(Lnet/minecraft/server/command/CommandManager$RegistrationEnvironment;Lnet/minecraft/command/CommandRegistryAccess;Lorg/spongepowered/asm/mixin/injection/callback/CallbackInfo;)V won't be passed a CallbackInfo as a result
[02:24:41] [Worker-Main-3/DEBUG] (FabricLoader/Mixin) fabric-command-api-v2.mixins.json:CommandManagerMixin from mod fabric-command-api-v2->@Inject::fabric_addCommands(Lnet/minecraft/server/command/CommandManager$RegistrationEnvironment;Lnet/minecraft/command/CommandRegistryAccess;Lorg/spongepowered/asm/mixin/injection/callback/CallbackInfo;)V doesn't use it's CallbackInfo
[02:24:41] [Worker-Main-3/DEBUG] (FabricLoader/Mixin) fabric-command-api-v2.mixins.json:CommandManagerMixin from mod fabric-command-api-v2->@Inject::fabric_addCommands(Lnet/minecraft/server/command/CommandManager$RegistrationEnvironment;Lnet/minecraft/command/CommandRegistryAccess;Lorg/spongepowered/asm/mixin/injection/callback/CallbackInfo;)V has 0 override(s) in child classes
[02:24:41] [Worker-Main-3/DEBUG] (FabricLoader/Mixin) fabric-command-api-v2.mixins.json:CommandManagerMixin from mod fabric-command-api-v2->@Inject::fabric_addCommands(Lnet/minecraft/server/command/CommandManager$RegistrationEnvironment;Lnet/minecraft/command/CommandRegistryAccess;Lorg/spongepowered/asm/mixin/injection/callback/CallbackInfo;)V won't be passed a CallbackInfo as a result
[02:24:41] [Worker-Main-3/DEBUG] (FabricLoader/Mixin) Mixing DatapackCommandMixin from fabric-resource-loader-v0.mixins.json into net.minecraft.server.command.DatapackCommand
[02:24:41] [Worker-Main-3/DEBUG] (FabricLoader/Mixin) fabric-resource-loader-v0.mixins.json:DatapackCommandMixin from mod fabric-resource-loader-v0: Class version 65 required is higher than the class version supported by the current version of Mixin (JAVA_17 supports class version 61)
[02:24:41] [Worker-Main-3/DEBUG] (FabricLoader/Mixin) Renaming synthetic method lambda$filterDisabledPackSuggestions$2(Lnet/minecraft/resource/ResourcePackProfile;)Z to md13010e$fabric-resource-loader-v0$lambda$filterDisabledPackSuggestions$2$0 in fabric-resource-loader-v0.mixins.json:DatapackCommandMixin from mod fabric-resource-loader-v0
[02:24:41] [Worker-Main-3/DEBUG] (FabricLoader/Mixin) Renaming synthetic method lambda$filterEnabledPackSuggestions$1(Lnet/minecraft/resource/ResourcePackProfile;)Z to md13010e$fabric-resource-loader-v0$lambda$filterEnabledPackSuggestions$1$1 in fabric-resource-loader-v0.mixins.json:DatapackCommandMixin from mod fabric-resource-loader-v0
[02:24:41] [Worker-Main-3/DEBUG] (FabricLoader/Mixin) Renaming synthetic method lambda$static$0(Ljava/lang/Object;)Lcom/mojang/brigadier/Message; to md13010e$fabric-resource-loader-v0$lambda$static$0$2 in fabric-resource-loader-v0.mixins.json:DatapackCommandMixin from mod fabric-resource-loader-v0
[02:24:41] [Worker-Main-3/DEBUG] (FabricLoader/Mixin) fabric-resource-loader-v0.mixins.json:DatapackCommandMixin from mod fabric-resource-loader-v0->@Inject::errorOnInternalPack(Lcom/mojang/brigadier/context/CommandContext;Ljava/lang/String;ZLorg/spongepowered/asm/mixin/injection/callback/CallbackInfoReturnable;)V doesn't use it's CallbackInfoReturnable
[02:24:41] [Worker-Main-3/DEBUG] (FabricLoader/Mixin) Mixing EnchantCommandMixin from fabric-item-api-v1.mixins.json into net.minecraft.server.command.EnchantCommand
[02:24:41] [Worker-Main-3/DEBUG] (FabricLoader/Mixin) fabric-item-api-v1.mixins.json:EnchantCommandMixin from mod fabric-item-api-v1: Class version 65 required is higher than the class version supported by the current version of Mixin (JAVA_17 supports class version 61)
[02:24:41] [Worker-Main-3/DEBUG] (FabricLoader/Mixin) Mixing GameRuleCommandAccessor from fabric-game-rule-api-v1.mixins.json into net.minecraft.server.command.GameRuleCommand
[02:24:41] [Worker-Main-3/DEBUG] (FabricLoader/Mixin) fabric-game-rule-api-v1.mixins.json:GameRuleCommandAccessor from mod fabric-game-rule-api-v1: Class version 65 required is higher than the class version supported by the current version of Mixin (JAVA_17 supports class version 61)
[02:24:41] [Worker-Main-3/DEBUG] (FabricLoader/Mixin) Renaming @Invoker method invokeExecuteSet(Lcom/mojang/brigadier/context/CommandContext;Lnet/minecraft/world/GameRules$Key;)I to invokeExecuteSet$fabric-game-rule-api-v1_$md$13010e$0 in fabric-game-rule-api-v1.mixins.json:GameRuleCommandAccessor from mod fabric-game-rule-api-v1
[02:24:41] [Worker-Main-3/DEBUG] (FabricLoader/Mixin) Renaming @Invoker method invokeExecuteQuery(Lnet/minecraft/server/command/ServerCommandSource;Lnet/minecraft/world/GameRules$Key;)I to invokeExecuteQuery$fabric-game-rule-api-v1_$md$13010e$1 in fabric-game-rule-api-v1.mixins.json:GameRuleCommandAccessor from mod fabric-game-rule-api-v1
[02:24:41] [Worker-Main-3/DEBUG] (FabricLoader/Mixin) Mixing GameRuleCommandVisitorMixin from fabric-game-rule-api-v1.mixins.json into net.minecraft.server.command.GameRuleCommand$1
[02:24:41] [Worker-Main-3/DEBUG] (FabricLoader/Mixin) fabric-game-rule-api-v1.mixins.json:GameRuleCommandVisitorMixin from mod fabric-game-rule-api-v1: Class version 65 required is higher than the class version supported by the current version of Mixin (JAVA_17 supports class version 61)
[02:24:41] [Worker-Main-3/DEBUG] (FabricLoader/Mixin) fabric-game-rule-api-v1.mixins.json:GameRuleCommandVisitorMixin from mod fabric-game-rule-api-v1->@Inject::onRegisterCommand(Lnet/minecraft/world/GameRules$Key;Lnet/minecraft/world/GameRules$Type;Lorg/spongepowered/asm/mixin/injection/callback/CallbackInfo;)V does use it's CallbackInfo
[02:24:41] [Worker-Main-3/DEBUG] (FabricLoader/Mixin) Mixing HelpCommandAccessor from fabric-command-api-v2.mixins.json into net.minecraft.server.command.HelpCommand
[02:24:41] [Worker-Main-3/DEBUG] (FabricLoader/Mixin) fabric-command-api-v2.mixins.json:HelpCommandAccessor from mod fabric-command-api-v2: Class version 65 required is higher than the class version supported by the current version of Mixin (JAVA_17 supports class version 61)
[02:24:41] [Worker-Main-3/DEBUG] (FabricLoader/Mixin) Renaming @Accessor method getFailedException()Lcom/mojang/brigadier/exceptions/SimpleCommandExceptionType; to getFailedException$fabric-command-api-v2_$md$13010e$0 in fabric-command-api-v2.mixins.json:HelpCommandAccessor from mod fabric-command-api-v2
[02:24:41] [Worker-Main-3/DEBUG] (FabricLoader/Mixin) Mixing KeyedResourceReloadListenerMixin from fabric-resource-loader-v0.mixins.json into net.minecraft.server.ServerAdvancementLoader
[02:24:41] [Worker-Main-3/DEBUG] (FabricLoader/Mixin) fabric-resource-loader-v0.mixins.json:KeyedResourceReloadListenerMixin from mod fabric-resource-loader-v0: Class version 65 required is higher than the class version supported by the current version of Mixin (JAVA_17 supports class version 61)
[02:24:41] [Worker-Main-3/DEBUG] (FabricLoader/Mixin) Mixing ServerAdvancementLoaderMixin from fabric-resource-conditions-api-v1.mixins.json into net.minecraft.server.ServerAdvancementLoader
[02:24:41] [Worker-Main-3/DEBUG] (FabricLoader/Mixin) fabric-resource-conditions-api-v1.mixins.json:ServerAdvancementLoaderMixin from mod fabric-resource-conditions-api-v1: Class version 65 required is higher than the class version supported by the current version of Mixin (JAVA_17 supports class version 61)
[02:24:41] [Worker-Main-3/DEBUG] (FabricLoader/Mixin) Mixing KeyedResourceReloadListenerMixin from fabric-resource-loader-v0.mixins.json into net.minecraft.server.function.FunctionLoader
[02:24:41] [Worker-Main-3/DEBUG] (FabricLoader/Mixin) fabric-resource-loader-v0.mixins.json:KeyedResourceReloadListenerMixin from mod fabric-resource-loader-v0: Class version 65 required is higher than the class version supported by the current version of Mixin (JAVA_17 supports class version 61)
[02:24:41] [Worker-Main-3/DEBUG] (FabricLoader/Mixin) Mixing SimpleResourceReloadMixin from fabric-resource-loader-v0.mixins.json into net.minecraft.resource.SimpleResourceReload
[02:24:41] [Worker-Main-3/DEBUG] (FabricLoader/Mixin) fabric-resource-loader-v0.mixins.json:SimpleResourceReloadMixin from mod fabric-resource-loader-v0: Class version 65 required is higher than the class version supported by the current version of Mixin (JAVA_17 supports class version 61)
[02:24:41] [Worker-Main-3/DEBUG] (FabricLoader/Mixin) fabric-resource-loader-v0.mixins.json:SimpleResourceReloadMixin from mod fabric-resource-loader-v0->@Inject::method_40087(Lnet/minecraft/resource/ResourceManager;Ljava/util/List;Ljava/util/concurrent/Executor;Ljava/util/concurrent/Executor;Ljava/util/concurrent/CompletableFuture;ZLorg/spongepowered/asm/mixin/injection/callback/CallbackInfoReturnable;)V doesn't use it's CallbackInfoReturnable
[02:24:41] [main/INFO] (net.minecraft.recipe.RecipeManager) Loaded 1290 recipes
[02:24:42] [main/INFO] (net.minecraft.advancement.AdvancementManager) Loaded 1399 advancements
[02:24:42] [main/DEBUG] (FabricLoader/Mixin) Mixing PlayerManagerMixin from fabric-networking-api-v1.mixins.json into net.minecraft.server.PlayerManager
[02:24:42] [main/DEBUG] (FabricLoader/Mixin) fabric-networking-api-v1.mixins.json:PlayerManagerMixin from mod fabric-networking-api-v1: Class version 65 required is higher than the class version supported by the current version of Mixin (JAVA_17 supports class version 61)
[02:24:42] [main/DEBUG] (FabricLoader/Mixin) Mixing PlayerManagerMixin from fabric-lifecycle-events-v1.mixins.json into net.minecraft.server.PlayerManager
[02:24:42] [main/DEBUG] (FabricLoader/Mixin) fabric-lifecycle-events-v1.mixins.json:PlayerManagerMixin from mod fabric-lifecycle-events-v1: Class version 65 required is higher than the class version supported by the current version of Mixin (JAVA_17 supports class version 61)
[02:24:42] [main/DEBUG] (FabricLoader/Mixin) Mixing PlayerManagerMixin from fabric-message-api-v1.mixins.json into net.minecraft.server.PlayerManager
[02:24:42] [main/DEBUG] (FabricLoader/Mixin) fabric-message-api-v1.mixins.json:PlayerManagerMixin from mod fabric-message-api-v1: Class version 65 required is higher than the class version supported by the current version of Mixin (JAVA_17 supports class version 61)
[02:24:42] [main/DEBUG] (FabricLoader/Mixin) Mixing PlayerManagerMixin from fabric-entity-events-v1.mixins.json into net.minecraft.server.PlayerManager
[02:24:42] [main/DEBUG] (FabricLoader/Mixin) fabric-entity-events-v1.mixins.json:PlayerManagerMixin from mod fabric-entity-events-v1: Class version 65 required is higher than the class version supported by the current version of Mixin (JAVA_17 supports class version 61)
[02:24:42] [main/DEBUG] (FabricLoader/Mixin) fabric-networking-api-v1.mixins.json:PlayerManagerMixin from mod fabric-networking-api-v1->@Inject::handlePlayerConnection(Lnet/minecraft/network/ClientConnection;Lnet/minecraft/server/network/ServerPlayerEntity;Lnet/minecraft/server/network/ConnectedClientData;Lorg/spongepowered/asm/mixin/injection/callback/CallbackInfo;)V doesn't use it's CallbackInfo
[02:24:42] [main/DEBUG] (FabricLoader/Mixin) fabric-networking-api-v1.mixins.json:PlayerManagerMixin from mod fabric-networking-api-v1->@Inject::handlePlayerConnection(Lnet/minecraft/network/ClientConnection;Lnet/minecraft/server/network/ServerPlayerEntity;Lnet/minecraft/server/network/ConnectedClientData;Lorg/spongepowered/asm/mixin/injection/callback/CallbackInfo;)V has 0 override(s) in child classes
[02:24:42] [main/DEBUG] (FabricLoader/Mixin) fabric-networking-api-v1.mixins.json:PlayerManagerMixin from mod fabric-networking-api-v1->@Inject::handlePlayerConnection(Lnet/minecraft/network/ClientConnection;Lnet/minecraft/server/network/ServerPlayerEntity;Lnet/minecraft/server/network/ConnectedClientData;Lorg/spongepowered/asm/mixin/injection/callback/CallbackInfo;)V won't be passed a CallbackInfo as a result
[02:24:42] [main/DEBUG] (FabricLoader/Mixin) fabric-lifecycle-events-v1.mixins.json:PlayerManagerMixin from mod fabric-lifecycle-events-v1->@Inject::hookOnPlayerConnect(Lnet/minecraft/network/ClientConnection;Lnet/minecraft/server/network/ServerPlayerEntity;Lnet/minecraft/server/network/ConnectedClientData;Lorg/spongepowered/asm/mixin/injection/callback/CallbackInfo;)V doesn't use it's CallbackInfo
[02:24:42] [main/DEBUG] (FabricLoader/Mixin) fabric-lifecycle-events-v1.mixins.json:PlayerManagerMixin from mod fabric-lifecycle-events-v1->@Inject::hookOnPlayerConnect(Lnet/minecraft/network/ClientConnection;Lnet/minecraft/server/network/ServerPlayerEntity;Lnet/minecraft/server/network/ConnectedClientData;Lorg/spongepowered/asm/mixin/injection/callback/CallbackInfo;)V has 0 override(s) in child classes
[02:24:42] [main/DEBUG] (FabricLoader/Mixin) fabric-lifecycle-events-v1.mixins.json:PlayerManagerMixin from mod fabric-lifecycle-events-v1->@Inject::hookOnPlayerConnect(Lnet/minecraft/network/ClientConnection;Lnet/minecraft/server/network/ServerPlayerEntity;Lnet/minecraft/server/network/ConnectedClientData;Lorg/spongepowered/asm/mixin/injection/callback/CallbackInfo;)V won't be passed a CallbackInfo as a result
[02:24:42] [main/DEBUG] (FabricLoader/Mixin) fabric-lifecycle-events-v1.mixins.json:PlayerManagerMixin from mod fabric-lifecycle-events-v1->@Inject::hookOnDataPacksReloaded(Lorg/spongepowered/asm/mixin/injection/callback/CallbackInfo;)V doesn't use it's CallbackInfo
[02:24:42] [main/DEBUG] (FabricLoader/Mixin) fabric-lifecycle-events-v1.mixins.json:PlayerManagerMixin from mod fabric-lifecycle-events-v1->@Inject::hookOnDataPacksReloaded(Lorg/spongepowered/asm/mixin/injection/callback/CallbackInfo;)V has 0 override(s) in child classes
[02:24:42] [main/DEBUG] (FabricLoader/Mixin) fabric-lifecycle-events-v1.mixins.json:PlayerManagerMixin from mod fabric-lifecycle-events-v1->@Inject::hookOnDataPacksReloaded(Lorg/spongepowered/asm/mixin/injection/callback/CallbackInfo;)V won't be passed a CallbackInfo as a result
[02:24:42] [main/DEBUG] (FabricLoader/Mixin) fabric-message-api-v1.mixins.json:PlayerManagerMixin from mod fabric-message-api-v1->@Inject::onSendChatMessage(Lnet/minecraft/network/message/SignedMessage;Lnet/minecraft/server/network/ServerPlayerEntity;Lnet/minecraft/network/message/MessageType$Parameters;Lorg/spongepowered/asm/mixin/injection/callback/CallbackInfo;)V does use it's CallbackInfo
[02:24:42] [main/DEBUG] (FabricLoader/Mixin) fabric-message-api-v1.mixins.json:PlayerManagerMixin from mod fabric-message-api-v1->@Inject::onSendGameMessage(Lnet/minecraft/text/Text;Ljava/util/function/Function;ZLorg/spongepowered/asm/mixin/injection/callback/CallbackInfo;)V does use it's CallbackInfo
[02:24:42] [main/DEBUG] (FabricLoader/Mixin) fabric-message-api-v1.mixins.json:PlayerManagerMixin from mod fabric-message-api-v1->@Inject::onSendCommandMessage(Lnet/minecraft/network/message/SignedMessage;Lnet/minecraft/server/command/ServerCommandSource;Lnet/minecraft/network/message/MessageType$Parameters;Lorg/spongepowered/asm/mixin/injection/callback/CallbackInfo;)V does use it's CallbackInfo
[02:24:42] [main/DEBUG] (FabricLoader/Mixin) fabric-entity-events-v1.mixins.json:PlayerManagerMixin from mod fabric-entity-events-v1->@Inject::afterRespawn(Lnet/minecraft/server/network/ServerPlayerEntity;ZLnet/minecraft/entity/Entity$RemovalReason;Lorg/spongepowered/asm/mixin/injection/callback/CallbackInfoReturnable;)V does use it's CallbackInfoReturnable
[02:24:42] [main/DEBUG] (FabricLoader/Mixin) fabric-entity-events-v1.mixins.json:PlayerManagerMixin from mod fabric-entity-events-v1->@Inject::firePlayerJoinEvent(Lnet/minecraft/network/ClientConnection;Lnet/minecraft/server/network/ServerPlayerEntity;Lnet/minecraft/server/network/ConnectedClientData;Lorg/spongepowered/asm/mixin/injection/callback/CallbackInfo;)V doesn't use it's CallbackInfo
[02:24:42] [main/DEBUG] (FabricLoader/Mixin) fabric-entity-events-v1.mixins.json:PlayerManagerMixin from mod fabric-entity-events-v1->@Inject::firePlayerJoinEvent(Lnet/minecraft/network/ClientConnection;Lnet/minecraft/server/network/ServerPlayerEntity;Lnet/minecraft/server/network/ConnectedClientData;Lorg/spongepowered/asm/mixin/injection/callback/CallbackInfo;)V has 0 override(s) in child classes
[02:24:42] [main/DEBUG] (FabricLoader/Mixin) fabric-entity-events-v1.mixins.json:PlayerManagerMixin from mod fabric-entity-events-v1->@Inject::firePlayerJoinEvent(Lnet/minecraft/network/ClientConnection;Lnet/minecraft/server/network/ServerPlayerEntity;Lnet/minecraft/server/network/ConnectedClientData;Lorg/spongepowered/asm/mixin/injection/callback/CallbackInfo;)V won't be passed a CallbackInfo as a result
[02:24:42] [main/DEBUG] (FabricLoader/Mixin) fabric-entity-events-v1.mixins.json:PlayerManagerMixin from mod fabric-entity-events-v1->@Inject::firePlayerLeaveEvent(Lnet/minecraft/server/network/ServerPlayerEntity;Lorg/spongepowered/asm/mixin/injection/callback/CallbackInfo;)V doesn't use it's CallbackInfo
[02:24:42] [main/DEBUG] (FabricLoader/Mixin) fabric-entity-events-v1.mixins.json:PlayerManagerMixin from mod fabric-entity-events-v1->@Inject::firePlayerLeaveEvent(Lnet/minecraft/server/network/ServerPlayerEntity;Lorg/spongepowered/asm/mixin/injection/callback/CallbackInfo;)V has 0 override(s) in child classes
[02:24:42] [main/DEBUG] (FabricLoader/Mixin) fabric-entity-events-v1.mixins.json:PlayerManagerMixin from mod fabric-entity-events-v1->@Inject::firePlayerLeaveEvent(Lnet/minecraft/server/network/ServerPlayerEntity;Lorg/spongepowered/asm/mixin/injection/callback/CallbackInfo;)V won't be passed a CallbackInfo as a result
[02:24:42] [main/DEBUG] (FabricLoader/Mixin) Mixing BrewingRecipeRegistryBuilderMixin from fabric-content-registries-v0.mixins.json into net.minecraft.recipe.BrewingRecipeRegistry$Builder
[02:24:42] [main/DEBUG] (FabricLoader/Mixin) fabric-content-registries-v0.mixins.json:BrewingRecipeRegistryBuilderMixin from mod fabric-content-registries-v0: Class version 65 required is higher than the class version supported by the current version of Mixin (JAVA_17 supports class version 61)
[02:24:42] [main/DEBUG] (FabricLoader/Mixin) fabric-content-registries-v0.mixins.json:BrewingRecipeRegistryBuilderMixin from mod fabric-content-registries-v0->@Inject::build(Lorg/spongepowered/asm/mixin/injection/callback/CallbackInfoReturnable;)V doesn't use it's CallbackInfoReturnable
[02:24:42] [main/DEBUG] (FabricLoader/Mixin) fabric-content-registries-v0.mixins.json:BrewingRecipeRegistryBuilderMixin from mod fabric-content-registries-v0->@Inject::build(Lorg/spongepowered/asm/mixin/injection/callback/CallbackInfoReturnable;)V has 0 override(s) in child classes
[02:24:42] [main/DEBUG] (FabricLoader/Mixin) fabric-content-registries-v0.mixins.json:BrewingRecipeRegistryBuilderMixin from mod fabric-content-registries-v0->@Inject::build(Lorg/spongepowered/asm/mixin/injection/callback/CallbackInfoReturnable;)V won't be passed a CallbackInfoReturnable as a result
[02:24:42] [main/INFO] (net.fabricmc.fabric.impl.biome.modification.BiomeModificationImpl) Applied 0 biome modifications to 0 of 64 new biomes in 1.303 ms
[02:24:42] [Server thread/INFO] (net.minecraft.server.dedicated.MinecraftDedicatedServer) Starting minecraft server version 1.21.1
[02:24:42] [Server thread/INFO] (net.minecraft.server.dedicated.MinecraftDedicatedServer) Loading properties
[02:24:42] [Server thread/INFO] (net.minecraft.server.dedicated.MinecraftDedicatedServer) Default game type: SURVIVAL
[02:24:42] [Server thread/INFO] (net.minecraft.server.MinecraftServer) Generating keypair
[02:24:42] [Server thread/INFO] (net.minecraft.server.dedicated.MinecraftDedicatedServer) Starting Minecraft server on *:25565
[02:24:42] [Server thread/DEBUG] (io.netty.util.internal.PlatformDependent0) -Dio.netty.noUnsafe: false
[02:24:42] [Server thread/DEBUG] (io.netty.util.internal.PlatformDependent0) Java version: 21
[02:24:42] [Server thread/DEBUG] (io.netty.util.internal.PlatformDependent0) sun.misc.Unsafe.theUnsafe: available
[02:24:42] [Server thread/DEBUG] (io.netty.util.internal.PlatformDependent0) sun.misc.Unsafe.copyMemory: available
[02:24:42] [Server thread/DEBUG] (io.netty.util.internal.PlatformDependent0) sun.misc.Unsafe.storeFence: available
[02:24:42] [Server thread/DEBUG] (io.netty.util.internal.PlatformDependent0) java.nio.Buffer.address: available
[02:24:42] [Server thread/DEBUG] (io.netty.util.internal.PlatformDependent0) direct buffer constructor: unavailable
java.lang.UnsupportedOperationException: Reflective setAccessible(true) disabled
	at knot/io.netty.util.internal.ReflectionUtil.trySetAccessible(ReflectionUtil.java:31) ~[netty-common-4.1.97.Final.jar:?]
	at knot/io.netty.util.internal.PlatformDependent0$5.run(PlatformDependent0.java:289) ~[netty-common-4.1.97.Final.jar:?]
	at java.base/java.security.AccessController.doPrivileged(AccessController.java:319) ~[?:?]
	at knot/io.netty.util.internal.PlatformDependent0.<clinit>(PlatformDependent0.java:282) ~[netty-common-4.1.97.Final.jar:?]
	at knot/io.netty.util.internal.PlatformDependent.isAndroid(PlatformDependent.java:333) ~[netty-common-4.1.97.Final.jar:?]
	at knot/io.netty.util.internal.PlatformDependent.<clinit>(PlatformDependent.java:88) ~[netty-common-4.1.97.Final.jar:?]
	at knot/io.netty.util.internal.ClassInitializerUtil.tryLoadClasses(ClassInitializerUtil.java:32) ~[netty-common-4.1.97.Final.jar:?]
	at knot/io.netty.channel.epoll.Native.<clinit>(Native.java:72) ~[netty-transport-classes-epoll-4.1.97.Final.jar:?]
	at knot/io.netty.channel.epoll.Epoll.<clinit>(Epoll.java:40) ~[netty-transport-classes-epoll-4.1.97.Final.jar:?]
	at knot/net.minecraft.server.ServerNetworkIo.bind(ServerNetworkIo.java:75) ~[minecraft-merged-8bc85877dd-1.21.1-net.fabricmc.yarn.1_21_1.1.21.1+build.3-v2.jar:?]
	at knot/net.minecraft.server.dedicated.MinecraftDedicatedServer.setupServer(MinecraftDedicatedServer.java:153) ~[minecraft-merged-8bc85877dd-1.21.1-net.fabricmc.yarn.1_21_1.1.21.1+build.3-v2.jar:?]
	at knot/net.minecraft.server.MinecraftServer.runServer(MinecraftServer.java:664) ~[minecraft-merged-8bc85877dd-1.21.1-net.fabricmc.yarn.1_21_1.1.21.1+build.3-v2.jar:?]
	at knot/net.minecraft.server.MinecraftServer.method_29739(MinecraftServer.java:281) ~[minecraft-merged-8bc85877dd-1.21.1-net.fabricmc.yarn.1_21_1.1.21.1+build.3-v2.jar:?]
	at java.base/java.lang.Thread.run(Thread.java:1583) [?:?]
[02:24:42] [Server thread/DEBUG] (io.netty.util.internal.PlatformDependent0) java.nio.Bits.unaligned: available, true
[02:24:42] [Server thread/DEBUG] (io.netty.util.internal.PlatformDependent0) jdk.internal.misc.Unsafe.allocateUninitializedArray(int): unavailable
java.lang.IllegalAccessException: class io.netty.util.internal.PlatformDependent0$7 cannot access class jdk.internal.misc.Unsafe (in module java.base) because module java.base does not export jdk.internal.misc to unnamed module @7748410a
	at java.base/jdk.internal.reflect.Reflection.newIllegalAccessException(Reflection.java:394) ~[?:?]
	at java.base/java.lang.reflect.AccessibleObject.checkAccess(AccessibleObject.java:714) ~[?:?]
	at java.base/java.lang.reflect.Method.invoke(Method.java:571) ~[?:?]
	at knot/io.netty.util.internal.PlatformDependent0$7.run(PlatformDependent0.java:411) ~[netty-common-4.1.97.Final.jar:?]
	at java.base/java.security.AccessController.doPrivileged(AccessController.java:319) ~[?:?]
	at knot/io.netty.util.internal.PlatformDependent0.<clinit>(PlatformDependent0.java:402) ~[netty-common-4.1.97.Final.jar:?]
	at knot/io.netty.util.internal.PlatformDependent.isAndroid(PlatformDependent.java:333) ~[netty-common-4.1.97.Final.jar:?]
	at knot/io.netty.util.internal.PlatformDependent.<clinit>(PlatformDependent.java:88) ~[netty-common-4.1.97.Final.jar:?]
	at knot/io.netty.util.internal.ClassInitializerUtil.tryLoadClasses(ClassInitializerUtil.java:32) ~[netty-common-4.1.97.Final.jar:?]
	at knot/io.netty.channel.epoll.Native.<clinit>(Native.java:72) ~[netty-transport-classes-epoll-4.1.97.Final.jar:?]
	at knot/io.netty.channel.epoll.Epoll.<clinit>(Epoll.java:40) ~[netty-transport-classes-epoll-4.1.97.Final.jar:?]
	at knot/net.minecraft.server.ServerNetworkIo.bind(ServerNetworkIo.java:75) ~[minecraft-merged-8bc85877dd-1.21.1-net.fabricmc.yarn.1_21_1.1.21.1+build.3-v2.jar:?]
	at knot/net.minecraft.server.dedicated.MinecraftDedicatedServer.setupServer(MinecraftDedicatedServer.java:153) ~[minecraft-merged-8bc85877dd-1.21.1-net.fabricmc.yarn.1_21_1.1.21.1+build.3-v2.jar:?]
	at knot/net.minecraft.server.MinecraftServer.runServer(MinecraftServer.java:664) ~[minecraft-merged-8bc85877dd-1.21.1-net.fabricmc.yarn.1_21_1.1.21.1+build.3-v2.jar:?]
	at knot/net.minecraft.server.MinecraftServer.method_29739(MinecraftServer.java:281) ~[minecraft-merged-8bc85877dd-1.21.1-net.fabricmc.yarn.1_21_1.1.21.1+build.3-v2.jar:?]
	at java.base/java.lang.Thread.run(Thread.java:1583) [?:?]
[02:24:42] [Server thread/DEBUG] (io.netty.util.internal.PlatformDependent0) java.nio.DirectByteBuffer.<init>(long, {int,long}): unavailable
[02:24:42] [Server thread/DEBUG] (io.netty.util.internal.PlatformDependent) sun.misc.Unsafe: available
[02:24:42] [Server thread/DEBUG] (io.netty.util.internal.PlatformDependent) maxDirectMemory: 4192206848 bytes (maybe)
[02:24:42] [Server thread/DEBUG] (io.netty.util.internal.PlatformDependent) -Dio.netty.tmpdir: /tmp (java.io.tmpdir)
[02:24:42] [Server thread/DEBUG] (io.netty.util.internal.PlatformDependent) -Dio.netty.bitMode: 64 (sun.arch.data.model)
[02:24:42] [Server thread/DEBUG] (io.netty.util.internal.PlatformDependent) -Dio.netty.maxDirectMemory: -1 bytes
[02:24:42] [Server thread/DEBUG] (io.netty.util.internal.PlatformDependent) -Dio.netty.uninitializedArrayAllocationThreshold: -1
[02:24:42] [Server thread/DEBUG] (io.netty.util.internal.CleanerJava9) java.nio.ByteBuffer.cleaner(): available
[02:24:42] [Server thread/DEBUG] (io.netty.util.internal.PlatformDependent) -Dio.netty.noPreferDirect: false
[02:24:42] [Server thread/DEBUG] (io.netty.util.internal.NativeLibraryLoader) -Dio.netty.native.workdir: /tmp (io.netty.tmpdir)
[02:24:42] [Server thread/DEBUG] (io.netty.util.internal.NativeLibraryLoader) -Dio.netty.native.deleteLibAfterLoading: true
[02:24:42] [Server thread/DEBUG] (io.netty.util.internal.NativeLibraryLoader) -Dio.netty.native.tryPatchShadedId: true
[02:24:42] [Server thread/DEBUG] (io.netty.util.internal.NativeLibraryLoader) -Dio.netty.native.detectNativeLibraryDuplicates: true
[02:24:42] [Server thread/DEBUG] (io.netty.util.internal.NativeLibraryLoader) Successfully loaded the library /tmp/libnetty_transport_native_epoll_x86_6414442088703760557382.so
[02:24:42] [Server thread/DEBUG] (io.netty.util.NetUtil) -Djava.net.preferIPv4Stack: false
[02:24:42] [Server thread/DEBUG] (io.netty.util.NetUtil) -Djava.net.preferIPv6Addresses: false
[02:24:42] [Server thread/DEBUG] (io.netty.util.NetUtilInitializations) Loopback interface: lo (lo, 0:0:0:0:0:0:0:1%lo)
[02:24:42] [Server thread/DEBUG] (io.netty.util.NetUtil) /proc/sys/net/core/somaxconn: 4096
[02:24:42] [Server thread/DEBUG] (io.netty.channel.MultithreadEventLoopGroup) -Dio.netty.eventLoopThreads: 8
[02:24:42] [Server thread/DEBUG] (io.netty.util.concurrent.GlobalEventExecutor) -Dio.netty.globalEventExecutor.quietPeriodSeconds: 1
[02:24:42] [Server thread/DEBUG] (io.netty.util.internal.InternalThreadLocalMap) -Dio.netty.threadLocalMap.stringBuilder.initialSize: 1024
[02:24:42] [Server thread/DEBUG] (io.netty.util.internal.InternalThreadLocalMap) -Dio.netty.threadLocalMap.stringBuilder.maxSize: 4096
[02:24:42] [Server thread/DEBUG] (io.netty.util.internal.PlatformDependent) org.jctools-core.MpscChunkedArrayQueue: available
[02:24:42] [Server thread/INFO] (net.minecraft.server.ServerNetworkIo) Using epoll channel type
[02:24:42] [Server thread/DEBUG] (FabricLoader/Mixin) Mixing ingredient.ClientConnectionMixin from fabric-recipe-api-v1.mixins.json into net.minecraft.network.ClientConnection
[02:24:42] [Server thread/DEBUG] (FabricLoader/Mixin) fabric-recipe-api-v1.mixins.json:ingredient.ClientConnectionMixin from mod fabric-recipe-api-v1: Class version 65 required is higher than the class version supported by the current version of Mixin (JAVA_17 supports class version 61)
[02:24:42] [Server thread/DEBUG] (FabricLoader/Mixin) Mixing ClientConnectionMixin from fabric-networking-api-v1.mixins.json into net.minecraft.network.ClientConnection
[02:24:42] [Server thread/DEBUG] (FabricLoader/Mixin) fabric-networking-api-v1.mixins.json:ClientConnectionMixin from mod fabric-networking-api-v1: Class version 65 required is higher than the class version supported by the current version of Mixin (JAVA_17 supports class version 61)
[02:24:42] [Server thread/DEBUG] (FabricLoader/Mixin) Renaming synthetic method lambda$fabric_getPendingChannelsNames$0(Lnet/minecraft/network/NetworkPhase;)Ljava/util/Collection; to md13010e$fabric-networking-api-v1$lambda$fabric_getPendingChannelsNames$0$0 in fabric-networking-api-v1.mixins.json:ClientConnectionMixin from mod fabric-networking-api-v1
[02:24:42] [Server thread/DEBUG] (FabricLoader/Mixin) Mixing ClientConnectionMixin from fabric-data-attachment-api-v1.mixins.json into net.minecraft.network.ClientConnection
[02:24:42] [Server thread/DEBUG] (FabricLoader/Mixin) fabric-data-attachment-api-v1.mixins.json:ClientConnectionMixin from mod fabric-data-attachment-api-v1: Class version 65 required is higher than the class version supported by the current version of Mixin (JAVA_17 supports class version 61)
[02:24:42] [Server thread/DEBUG] (FabricLoader/Mixin) fabric-networking-api-v1.mixins.json:ClientConnectionMixin from mod fabric-networking-api-v1->@Inject::initAddedFields(Lnet/minecraft/network/NetworkSide;Lorg/spongepowered/asm/mixin/injection/callback/CallbackInfo;)V doesn't use it's CallbackInfo
[02:24:42] [Server thread/DEBUG] (FabricLoader/Mixin) fabric-networking-api-v1.mixins.json:ClientConnectionMixin from mod fabric-networking-api-v1->@Inject::initAddedFields(Lnet/minecraft/network/NetworkSide;Lorg/spongepowered/asm/mixin/injection/callback/CallbackInfo;)V has 0 override(s) in child classes
[02:24:42] [Server thread/DEBUG] (FabricLoader/Mixin) fabric-networking-api-v1.mixins.json:ClientConnectionMixin from mod fabric-networking-api-v1->@Inject::initAddedFields(Lnet/minecraft/network/NetworkSide;Lorg/spongepowered/asm/mixin/injection/callback/CallbackInfo;)V won't be passed a CallbackInfo as a result
[02:24:42] [Server thread/DEBUG] (FabricLoader/Mixin) fabric-networking-api-v1.mixins.json:ClientConnectionMixin from mod fabric-networking-api-v1->@Inject::checkPacket(Lnet/minecraft/network/packet/Packet;Lnet/minecraft/network/PacketCallbacks;ZLorg/spongepowered/asm/mixin/injection/callback/CallbackInfo;)V doesn't use it's CallbackInfo
[02:24:42] [Server thread/DEBUG] (FabricLoader/Mixin) fabric-networking-api-v1.mixins.json:ClientConnectionMixin from mod fabric-networking-api-v1->@Inject::checkPacket(Lnet/minecraft/network/packet/Packet;Lnet/minecraft/network/PacketCallbacks;ZLorg/spongepowered/asm/mixin/injection/callback/CallbackInfo;)V has 0 override(s) in child classes
[02:24:42] [Server thread/DEBUG] (FabricLoader/Mixin) fabric-networking-api-v1.mixins.json:ClientConnectionMixin from mod fabric-networking-api-v1->@Inject::checkPacket(Lnet/minecraft/network/packet/Packet;Lnet/minecraft/network/PacketCallbacks;ZLorg/spongepowered/asm/mixin/injection/callback/CallbackInfo;)V won't be passed a CallbackInfo as a result
[02:24:42] [Server thread/DEBUG] (FabricLoader/Mixin) fabric-networking-api-v1.mixins.json:ClientConnectionMixin from mod fabric-networking-api-v1->@Inject::checkPacket(Lnet/minecraft/network/packet/Packet;Lnet/minecraft/network/PacketCallbacks;ZLorg/spongepowered/asm/mixin/injection/callback/CallbackInfo;)V doesn't use it's CallbackInfo
[02:24:42] [Server thread/DEBUG] (FabricLoader/Mixin) fabric-networking-api-v1.mixins.json:ClientConnectionMixin from mod fabric-networking-api-v1->@Inject::checkPacket(Lnet/minecraft/network/packet/Packet;Lnet/minecraft/network/PacketCallbacks;ZLorg/spongepowered/asm/mixin/injection/callback/CallbackInfo;)V has 0 override(s) in child classes
[02:24:42] [Server thread/DEBUG] (FabricLoader/Mixin) fabric-networking-api-v1.mixins.json:ClientConnectionMixin from mod fabric-networking-api-v1->@Inject::checkPacket(Lnet/minecraft/network/packet/Packet;Lnet/minecraft/network/PacketCallbacks;ZLorg/spongepowered/asm/mixin/injection/callback/CallbackInfo;)V won't be passed a CallbackInfo as a result
[02:24:42] [Server thread/DEBUG] (FabricLoader/Mixin) fabric-networking-api-v1.mixins.json:ClientConnectionMixin from mod fabric-networking-api-v1->@Inject::unwatchAddon(Lnet/minecraft/network/NetworkState;Lnet/minecraft/network/listener/PacketListener;Lorg/spongepowered/asm/mixin/injection/callback/CallbackInfo;)V doesn't use it's CallbackInfo
[02:24:42] [Server thread/DEBUG] (FabricLoader/Mixin) fabric-networking-api-v1.mixins.json:ClientConnectionMixin from mod fabric-networking-api-v1->@Inject::unwatchAddon(Lnet/minecraft/network/NetworkState;Lnet/minecraft/network/listener/PacketListener;Lorg/spongepowered/asm/mixin/injection/callback/CallbackInfo;)V has 0 override(s) in child classes
[02:24:42] [Server thread/DEBUG] (FabricLoader/Mixin) fabric-networking-api-v1.mixins.json:ClientConnectionMixin from mod fabric-networking-api-v1->@Inject::unwatchAddon(Lnet/minecraft/network/NetworkState;Lnet/minecraft/network/listener/PacketListener;Lorg/spongepowered/asm/mixin/injection/callback/CallbackInfo;)V won't be passed a CallbackInfo as a result
[02:24:42] [Server thread/DEBUG] (FabricLoader/Mixin) fabric-networking-api-v1.mixins.json:ClientConnectionMixin from mod fabric-networking-api-v1->@Inject::disconnectAddon(Lio/netty/channel/ChannelHandlerContext;Lorg/spongepowered/asm/mixin/injection/callback/CallbackInfo;)V doesn't use it's CallbackInfo
[02:24:42] [Server thread/DEBUG] (FabricLoader/Mixin) fabric-networking-api-v1.mixins.json:ClientConnectionMixin from mod fabric-networking-api-v1->@Inject::disconnectAddon(Lio/netty/channel/ChannelHandlerContext;Lorg/spongepowered/asm/mixin/injection/callback/CallbackInfo;)V has 0 override(s) in child classes
[02:24:42] [Server thread/DEBUG] (FabricLoader/Mixin) fabric-networking-api-v1.mixins.json:ClientConnectionMixin from mod fabric-networking-api-v1->@Inject::disconnectAddon(Lio/netty/channel/ChannelHandlerContext;Lorg/spongepowered/asm/mixin/injection/callback/CallbackInfo;)V won't be passed a CallbackInfo as a result
[02:24:42] [Server thread/DEBUG] (FabricLoader/Mixin) fabric-networking-api-v1.mixins.json:ClientConnectionMixin from mod fabric-networking-api-v1->@Inject::disconnectAddon(Lorg/spongepowered/asm/mixin/injection/callback/CallbackInfo;)V doesn't use it's CallbackInfo
[02:24:42] [Server thread/DEBUG] (FabricLoader/Mixin) fabric-networking-api-v1.mixins.json:ClientConnectionMixin from mod fabric-networking-api-v1->@Inject::disconnectAddon(Lorg/spongepowered/asm/mixin/injection/callback/CallbackInfo;)V has 0 override(s) in child classes
[02:24:42] [Server thread/DEBUG] (FabricLoader/Mixin) fabric-networking-api-v1.mixins.json:ClientConnectionMixin from mod fabric-networking-api-v1->@Inject::disconnectAddon(Lorg/spongepowered/asm/mixin/injection/callback/CallbackInfo;)V won't be passed a CallbackInfo as a result
[02:24:42] [Server thread/DEBUG] (io.netty.channel.DefaultChannelId) -Dio.netty.processId: 2865 (auto-detected)
[02:24:42] [Server thread/DEBUG] (io.netty.channel.DefaultChannelId) -Dio.netty.machineId: 00:0d:3a:ff:fe:9f:64:e8 (auto-detected)
[02:24:42] [Server thread/DEBUG] (io.netty.buffer.PooledByteBufAllocator) -Dio.netty.allocator.numHeapArenas: 8
[02:24:42] [Server thread/DEBUG] (io.netty.buffer.PooledByteBufAllocator) -Dio.netty.allocator.numDirectArenas: 8
[02:24:42] [Server thread/DEBUG] (io.netty.buffer.PooledByteBufAllocator) -Dio.netty.allocator.pageSize: 8192
[02:24:42] [Server thread/DEBUG] (io.netty.buffer.PooledByteBufAllocator) -Dio.netty.allocator.maxOrder: 9
[02:24:42] [Server thread/DEBUG] (io.netty.buffer.PooledByteBufAllocator) -Dio.netty.allocator.chunkSize: 4194304
[02:24:42] [Server thread/DEBUG] (io.netty.buffer.PooledByteBufAllocator) -Dio.netty.allocator.smallCacheSize: 256
[02:24:42] [Server thread/DEBUG] (io.netty.buffer.PooledByteBufAllocator) -Dio.netty.allocator.normalCacheSize: 64
[02:24:42] [Server thread/DEBUG] (io.netty.buffer.PooledByteBufAllocator) -Dio.netty.allocator.maxCachedBufferCapacity: 32768
[02:24:42] [Server thread/DEBUG] (io.netty.buffer.PooledByteBufAllocator) -Dio.netty.allocator.cacheTrimInterval: 8192
[02:24:42] [Server thread/DEBUG] (io.netty.buffer.PooledByteBufAllocator) -Dio.netty.allocator.cacheTrimIntervalMillis: 0
[02:24:42] [Server thread/DEBUG] (io.netty.buffer.PooledByteBufAllocator) -Dio.netty.allocator.useCacheForAllThreads: false
[02:24:42] [Server thread/DEBUG] (io.netty.buffer.PooledByteBufAllocator) -Dio.netty.allocator.maxCachedByteBuffersPerChunk: 1023
[02:24:42] [Server thread/DEBUG] (io.netty.buffer.ByteBufUtil) -Dio.netty.allocator.type: pooled
[02:24:42] [Server thread/DEBUG] (io.netty.buffer.ByteBufUtil) -Dio.netty.threadLocalDirectBufferSize: 0
[02:24:42] [Server thread/DEBUG] (io.netty.buffer.ByteBufUtil) -Dio.netty.maxThreadLocalCharBufferSize: 16384
[02:24:42] [Server thread/INFO] (net.minecraft.server.dedicated.MinecraftDedicatedServer) Preparing level "world"
[02:24:42] [Server thread/DEBUG] (FabricLoader/Mixin) Mixing ServerWorldServerEntityHandlerMixin from fabric-lifecycle-events-v1.mixins.json into net.minecraft.server.world.ServerWorld$ServerEntityHandler
[02:24:42] [Server thread/DEBUG] (FabricLoader/Mixin) fabric-lifecycle-events-v1.mixins.json:ServerWorldServerEntityHandlerMixin from mod fabric-lifecycle-events-v1: Class version 65 required is higher than the class version supported by the current version of Mixin (JAVA_17 supports class version 61)
[02:24:42] [Server thread/DEBUG] (FabricLoader/Mixin) fabric-lifecycle-events-v1.mixins.json:ServerWorldServerEntityHandlerMixin from mod fabric-lifecycle-events-v1->@Inject::invokeEntityLoadEvent(Lnet/minecraft/entity/Entity;Lorg/spongepowered/asm/mixin/injection/callback/CallbackInfo;)V doesn't use it's CallbackInfo
[02:24:42] [Server thread/DEBUG] (FabricLoader/Mixin) fabric-lifecycle-events-v1.mixins.json:ServerWorldServerEntityHandlerMixin from mod fabric-lifecycle-events-v1->@Inject::invokeEntityUnloadEvent(Lnet/minecraft/entity/Entity;Lorg/spongepowered/asm/mixin/injection/callback/CallbackInfo;)V doesn't use it's CallbackInfo
[02:24:42] [Server thread/DEBUG] (FabricLoader/Mixin) Mixing PersistentStateManagerMixin from fabric-object-builder-v1.mixins.json into net.minecraft.world.PersistentStateManager
[02:24:42] [Server thread/DEBUG] (FabricLoader/Mixin) fabric-object-builder-v1.mixins.json:PersistentStateManagerMixin from mod fabric-object-builder-api-v1: Class version 65 required is higher than the class version supported by the current version of Mixin (JAVA_17 supports class version 61)
[02:24:43] [Server thread/DEBUG] (FabricLoader/Mixin) Mixing accessor.ServerChunkLoadingManagerAccessor from fabric-networking-api-v1.mixins.json into net.minecraft.server.world.ServerChunkLoadingManager
[02:24:43] [Server thread/DEBUG] (FabricLoader/Mixin) fabric-networking-api-v1.mixins.json:accessor.ServerChunkLoadingManagerAccessor from mod fabric-networking-api-v1: Class version 65 required is higher than the class version supported by the current version of Mixin (JAVA_17 supports class version 61)
[02:24:43] [Server thread/DEBUG] (FabricLoader/Mixin) Mixing ServerChunkLoadingManagerMixin from fabric-lifecycle-events-v1.mixins.json into net.minecraft.server.world.ServerChunkLoadingManager
[02:24:43] [Server thread/DEBUG] (FabricLoader/Mixin) fabric-lifecycle-events-v1.mixins.json:ServerChunkLoadingManagerMixin from mod fabric-lifecycle-events-v1: Class version 65 required is higher than the class version supported by the current version of Mixin (JAVA_17 supports class version 61)
[02:24:43] [Server thread/DEBUG] (FabricLoader/Mixin) fabric-lifecycle-events-v1.mixins.json:ServerChunkLoadingManagerMixin from mod fabric-lifecycle-events-v1->@Inject::onChunkUnload(Lnet/minecraft/server/world/ChunkHolder;JLorg/spongepowered/asm/mixin/injection/callback/CallbackInfo;)V doesn't use it's CallbackInfo
[02:24:43] [Server thread/DEBUG] (FabricLoader/Mixin) fabric-lifecycle-events-v1.mixins.json:ServerChunkLoadingManagerMixin from mod fabric-lifecycle-events-v1->@Inject::onChunkUnload(Lnet/minecraft/server/world/ChunkHolder;JLorg/spongepowered/asm/mixin/injection/callback/CallbackInfo;)V has 0 override(s) in child classes
[02:24:43] [Server thread/DEBUG] (FabricLoader/Mixin) fabric-lifecycle-events-v1.mixins.json:ServerChunkLoadingManagerMixin from mod fabric-lifecycle-events-v1->@Inject::onChunkUnload(Lnet/minecraft/server/world/ChunkHolder;JLorg/spongepowered/asm/mixin/injection/callback/CallbackInfo;)V won't be passed a CallbackInfo as a result
[02:24:43] [Server thread/DEBUG] (FabricLoader/Mixin) Mixing ChunkHolderMixin from fabric-lifecycle-events-v1.mixins.json into net.minecraft.server.world.ChunkHolder
[02:24:43] [Server thread/DEBUG] (FabricLoader/Mixin) fabric-lifecycle-events-v1.mixins.json:ChunkHolderMixin from mod fabric-lifecycle-events-v1: Class version 65 required is higher than the class version supported by the current version of Mixin (JAVA_17 supports class version 61)
[02:24:43] [Server thread/DEBUG] (FabricLoader/Mixin) fabric-lifecycle-events-v1.mixins.json:ChunkHolderMixin from mod fabric-lifecycle-events-v1->@Inject::updateFutures$inaccessibleToFull(Lnet/minecraft/server/world/ServerChunkLoadingManager;Ljava/util/concurrent/Executor;Lorg/spongepowered/asm/mixin/injection/callback/CallbackInfo;)V doesn't use it's CallbackInfo
[02:24:43] [Server thread/DEBUG] (FabricLoader/Mixin) fabric-lifecycle-events-v1.mixins.json:ChunkHolderMixin from mod fabric-lifecycle-events-v1->@Inject::updateFutures$inaccessibleToFull(Lnet/minecraft/server/world/ServerChunkLoadingManager;Ljava/util/concurrent/Executor;Lorg/spongepowered/asm/mixin/injection/callback/CallbackInfo;)V has 0 override(s) in child classes
[02:24:43] [Server thread/DEBUG] (FabricLoader/Mixin) fabric-lifecycle-events-v1.mixins.json:ChunkHolderMixin from mod fabric-lifecycle-events-v1->@Inject::updateFutures$inaccessibleToFull(Lnet/minecraft/server/world/ServerChunkLoadingManager;Ljava/util/concurrent/Executor;Lorg/spongepowered/asm/mixin/injection/callback/CallbackInfo;)V won't be passed a CallbackInfo as a result
[02:24:43] [Server thread/DEBUG] (FabricLoader/Mixin) fabric-lifecycle-events-v1.mixins.json:ChunkHolderMixin from mod fabric-lifecycle-events-v1->@Inject::updateFutures$fullToBlockTicking(Lnet/minecraft/server/world/ServerChunkLoadingManager;Ljava/util/concurrent/Executor;Lorg/spongepowered/asm/mixin/injection/callback/CallbackInfo;)V doesn't use it's CallbackInfo
[02:24:43] [Server thread/DEBUG] (FabricLoader/Mixin) fabric-lifecycle-events-v1.mixins.json:ChunkHolderMixin from mod fabric-lifecycle-events-v1->@Inject::updateFutures$fullToBlockTicking(Lnet/minecraft/server/world/ServerChunkLoadingManager;Ljava/util/concurrent/Executor;Lorg/spongepowered/asm/mixin/injection/callback/CallbackInfo;)V has 0 override(s) in child classes
[02:24:43] [Server thread/DEBUG] (FabricLoader/Mixin) fabric-lifecycle-events-v1.mixins.json:ChunkHolderMixin from mod fabric-lifecycle-events-v1->@Inject::updateFutures$fullToBlockTicking(Lnet/minecraft/server/world/ServerChunkLoadingManager;Ljava/util/concurrent/Executor;Lorg/spongepowered/asm/mixin/injection/callback/CallbackInfo;)V won't be passed a CallbackInfo as a result
[02:24:43] [Server thread/DEBUG] (FabricLoader/Mixin) fabric-lifecycle-events-v1.mixins.json:ChunkHolderMixin from mod fabric-lifecycle-events-v1->@Inject::updateFutures$blockTickingToEntityTicking(Lnet/minecraft/server/world/ServerChunkLoadingManager;Ljava/util/concurrent/Executor;Lorg/spongepowered/asm/mixin/injection/callback/CallbackInfo;)V doesn't use it's CallbackInfo
[02:24:43] [Server thread/DEBUG] (FabricLoader/Mixin) fabric-lifecycle-events-v1.mixins.json:ChunkHolderMixin from mod fabric-lifecycle-events-v1->@Inject::updateFutures$blockTickingToEntityTicking(Lnet/minecraft/server/world/ServerChunkLoadingManager;Ljava/util/concurrent/Executor;Lorg/spongepowered/asm/mixin/injection/callback/CallbackInfo;)V has 0 override(s) in child classes
[02:24:43] [Server thread/DEBUG] (FabricLoader/Mixin) fabric-lifecycle-events-v1.mixins.json:ChunkHolderMixin from mod fabric-lifecycle-events-v1->@Inject::updateFutures$blockTickingToEntityTicking(Lnet/minecraft/server/world/ServerChunkLoadingManager;Ljava/util/concurrent/Executor;Lorg/spongepowered/asm/mixin/injection/callback/CallbackInfo;)V won't be passed a CallbackInfo as a result
[02:24:43] [Server thread/DEBUG] (FabricLoader/Mixin) fabric-lifecycle-events-v1.mixins.json:ChunkHolderMixin from mod fabric-lifecycle-events-v1->@Inject::decreaseLevel(Lnet/minecraft/server/world/ServerChunkLoadingManager;Lnet/minecraft/server/world/ChunkLevelType;Lorg/spongepowered/asm/mixin/injection/callback/CallbackInfo;)V doesn't use it's CallbackInfo
[02:24:43] [Server thread/DEBUG] (FabricLoader/Mixin) fabric-lifecycle-events-v1.mixins.json:ChunkHolderMixin from mod fabric-lifecycle-events-v1->@Inject::decreaseLevel(Lnet/minecraft/server/world/ServerChunkLoadingManager;Lnet/minecraft/server/world/ChunkLevelType;Lorg/spongepowered/asm/mixin/injection/callback/CallbackInfo;)V has 0 override(s) in child classes
[02:24:43] [Server thread/DEBUG] (FabricLoader/Mixin) fabric-lifecycle-events-v1.mixins.json:ChunkHolderMixin from mod fabric-lifecycle-events-v1->@Inject::decreaseLevel(Lnet/minecraft/server/world/ServerChunkLoadingManager;Lnet/minecraft/server/world/ChunkLevelType;Lorg/spongepowered/asm/mixin/injection/callback/CallbackInfo;)V won't be passed a CallbackInfo as a result
[02:24:43] [Server thread/DEBUG] (FabricLoader/Mixin) Mixing ChunkGeneratingMixin from fabric-lifecycle-events-v1.mixins.json into net.minecraft.world.chunk.ChunkGenerating
[02:24:43] [Server thread/DEBUG] (FabricLoader/Mixin) fabric-lifecycle-events-v1.mixins.json:ChunkGeneratingMixin from mod fabric-lifecycle-events-v1: Class version 65 required is higher than the class version supported by the current version of Mixin (JAVA_17 supports class version 61)
[02:24:43] [Server thread/DEBUG] (FabricLoader/Mixin) fabric-lifecycle-events-v1.mixins.json:ChunkGeneratingMixin from mod fabric-lifecycle-events-v1->@Inject::onChunkLoad(Lnet/minecraft/world/chunk/Chunk;Lnet/minecraft/world/chunk/ChunkGenerationContext;Lnet/minecraft/world/chunk/AbstractChunkHolder;Lorg/spongepowered/asm/mixin/injection/callback/CallbackInfoReturnable;)V does use it's CallbackInfoReturnable
[02:24:43] [Server thread/DEBUG] (FabricLoader/Mixin) Mixing NoiseConfigMixin from fabric-biome-api-v1.mixins.json into net.minecraft.world.gen.noise.NoiseConfig
[02:24:43] [Server thread/DEBUG] (FabricLoader/Mixin) fabric-biome-api-v1.mixins.json:NoiseConfigMixin from mod fabric-biome-api-v1: Class version 65 required is higher than the class version supported by the current version of Mixin (JAVA_17 supports class version 61)
[02:24:43] [Server thread/DEBUG] (FabricLoader/Mixin) fabric-biome-api-v1.mixins.json:NoiseConfigMixin from mod fabric-biome-api-v1->@Inject::init(Lnet/minecraft/world/gen/chunk/ChunkGeneratorSettings;Lnet/minecraft/registry/RegistryEntryLookup;JLorg/spongepowered/asm/mixin/injection/callback/CallbackInfo;)V doesn't use it's CallbackInfo
[02:24:43] [Server thread/DEBUG] (FabricLoader/Mixin) Mixing MultiNoiseUtilMultiNoiseSamplerMixin from fabric-biome-api-v1.mixins.json into net.minecraft.world.biome.source.util.MultiNoiseUtil$MultiNoiseSampler
[02:24:43] [Server thread/DEBUG] (FabricLoader/Mixin) fabric-biome-api-v1.mixins.json:MultiNoiseUtilMultiNoiseSamplerMixin from mod fabric-biome-api-v1: Class version 65 required is higher than the class version supported by the current version of Mixin (JAVA_17 supports class version 61)
[02:24:46] [Server thread/DEBUG] (FabricLoader/Mixin) Mixing ChunkSectionMixin from fabric-block-api-v1.mixins.json into net.minecraft.world.chunk.ChunkSection
[02:24:46] [Server thread/DEBUG] (FabricLoader/Mixin) fabric-block-api-v1.mixins.json:ChunkSectionMixin from mod fabric-block-api-v1: Class version 65 required is higher than the class version supported by the current version of Mixin (JAVA_17 supports class version 61)
[02:24:46] [Worker-Main-2/DEBUG] (FabricLoader/Mixin) Mixing ChunkNoiseSamplerMixin from fabric-biome-api-v1.mixins.json into net.minecraft.world.gen.chunk.ChunkNoiseSampler
[02:24:46] [Worker-Main-2/DEBUG] (FabricLoader/Mixin) fabric-biome-api-v1.mixins.json:ChunkNoiseSamplerMixin from mod fabric-biome-api-v1: Class version 65 required is higher than the class version supported by the current version of Mixin (JAVA_17 supports class version 61)
[02:24:46] [Worker-Main-2/DEBUG] (FabricLoader/Mixin) fabric-biome-api-v1.mixins.json:ChunkNoiseSamplerMixin from mod fabric-biome-api-v1->@Inject::init(ILnet/minecraft/world/gen/noise/NoiseConfig;IILnet/minecraft/world/gen/chunk/GenerationShapeConfig;Lnet/minecraft/world/gen/densityfunction/DensityFunctionTypes$Beardifying;Lnet/minecraft/world/gen/chunk/ChunkGeneratorSettings;Lnet/minecraft/world/gen/chunk/AquiferSampler$FluidLevelSampler;Lnet/minecraft/world/gen/chunk/Blender;Lorg/spongepowered/asm/mixin/injection/callback/CallbackInfo;)V doesn't use it's CallbackInfo
[02:24:46] [Worker-Main-2/DEBUG] (FabricLoader/Mixin) fabric-biome-api-v1.mixins.json:ChunkNoiseSamplerMixin from mod fabric-biome-api-v1->@Inject::init(ILnet/minecraft/world/gen/noise/NoiseConfig;IILnet/minecraft/world/gen/chunk/GenerationShapeConfig;Lnet/minecraft/world/gen/densityfunction/DensityFunctionTypes$Beardifying;Lnet/minecraft/world/gen/chunk/ChunkGeneratorSettings;Lnet/minecraft/world/gen/chunk/AquiferSampler$FluidLevelSampler;Lnet/minecraft/world/gen/chunk/Blender;Lorg/spongepowered/asm/mixin/injection/callback/CallbackInfo;)V has 0 override(s) in child classes
[02:24:46] [Worker-Main-2/DEBUG] (FabricLoader/Mixin) fabric-biome-api-v1.mixins.json:ChunkNoiseSamplerMixin from mod fabric-biome-api-v1->@Inject::init(ILnet/minecraft/world/gen/noise/NoiseConfig;IILnet/minecraft/world/gen/chunk/GenerationShapeConfig;Lnet/minecraft/world/gen/densityfunction/DensityFunctionTypes$Beardifying;Lnet/minecraft/world/gen/chunk/ChunkGeneratorSettings;Lnet/minecraft/world/gen/chunk/AquiferSampler$FluidLevelSampler;Lnet/minecraft/world/gen/chunk/Blender;Lorg/spongepowered/asm/mixin/injection/callback/CallbackInfo;)V won't be passed a CallbackInfo as a result
[02:24:46] [Worker-Main-2/DEBUG] (FabricLoader/Mixin) fabric-biome-api-v1.mixins.json:ChunkNoiseSamplerMixin from mod fabric-biome-api-v1->@Inject::createMultiNoiseSampler(Lnet/minecraft/world/gen/noise/NoiseRouter;Ljava/util/List;Lorg/spongepowered/asm/mixin/injection/callback/CallbackInfoReturnable;)V does use it's CallbackInfoReturnable
[02:24:50] [Server thread/DEBUG] (FabricLoader/Mixin) Mixing WrapperProtoChunkMixin from fabric-data-attachment-api-v1.mixins.json into net.minecraft.world.chunk.WrapperProtoChunk
[02:24:50] [Server thread/DEBUG] (FabricLoader/Mixin) fabric-data-attachment-api-v1.mixins.json:WrapperProtoChunkMixin from mod fabric-data-attachment-api-v1: Class version 65 required is higher than the class version supported by the current version of Mixin (JAVA_17 supports class version 61)
[02:24:50] [Server thread/INFO] (net.minecraft.server.MinecraftServer) Preparing start region for dimension minecraft:overworld
[02:24:50] [Worker-Main-3/DEBUG] (FabricLoader/Mixin) Mixing server.LanguageMixin from fabric-resource-loader-v0.mixins.json into net.minecraft.util.Language
[02:24:50] [Worker-Main-3/DEBUG] (FabricLoader/Mixin) fabric-resource-loader-v0.mixins.json:server.LanguageMixin from mod fabric-resource-loader-v0: Class version 65 required is higher than the class version supported by the current version of Mixin (JAVA_17 supports class version 61)
[02:24:50] [Worker-Main-3/INFO] (net.minecraft.server.WorldGenerationProgressLogger) Preparing spawn area: 2%
[02:24:50] [Worker-Main-1/INFO] (net.minecraft.server.WorldGenerationProgressLogger) Preparing spawn area: 2%
[02:24:51] [Worker-Main-1/INFO] (net.minecraft.server.WorldGenerationProgressLogger) Preparing spawn area: 2%
[02:24:51] [Worker-Main-2/INFO] (net.minecraft.server.WorldGenerationProgressLogger) Preparing spawn area: 2%
[02:24:52] [Worker-Main-2/INFO] (net.minecraft.server.WorldGenerationProgressLogger) Preparing spawn area: 18%
[02:24:52] [Worker-Main-3/INFO] (net.minecraft.server.WorldGenerationProgressLogger) Preparing spawn area: 18%
[02:24:53] [Worker-Main-1/INFO] (net.minecraft.server.WorldGenerationProgressLogger) Preparing spawn area: 18%
[02:24:53] [Worker-Main-2/INFO] (net.minecraft.server.WorldGenerationProgressLogger) Preparing spawn area: 18%
[02:24:54] [Worker-Main-2/DEBUG] (FabricLoader/Mixin) Mixing LandPathNodeMakerMixin from fabric-content-registries-v0.mixins.json into net.minecraft.entity.ai.pathing.LandPathNodeMaker
[02:24:54] [Worker-Main-2/DEBUG] (FabricLoader/Mixin) fabric-content-registries-v0.mixins.json:LandPathNodeMakerMixin from mod fabric-content-registries-v0: Class version 65 required is higher than the class version supported by the current version of Mixin (JAVA_17 supports class version 61)
[02:24:54] [Worker-Main-2/DEBUG] (FabricLoader/Mixin) fabric-content-registries-v0.mixins.json:LandPathNodeMakerMixin from mod fabric-content-registries-v0->@Inject::getCommonNodeType(Lnet/minecraft/world/BlockView;Lnet/minecraft/util/math/BlockPos;Lorg/spongepowered/asm/mixin/injection/callback/CallbackInfoReturnable;)V does use it's CallbackInfoReturnable
[02:24:54] [Worker-Main-3/INFO] (net.minecraft.server.WorldGenerationProgressLogger) Preparing spawn area: 51%
[02:24:54] [Worker-Main-1/INFO] (net.minecraft.server.WorldGenerationProgressLogger) Preparing spawn area: 51%
[02:24:55] [Worker-Main-1/INFO] (net.minecraft.server.WorldGenerationProgressLogger) Preparing spawn area: 51%
[02:24:55] [Worker-Main-3/INFO] (net.minecraft.server.WorldGenerationProgressLogger) Preparing spawn area: 51%
[02:24:56] [Server thread/DEBUG] (FabricLoader/Mixin) Mixing accessor.EntityTrackerAccessor from fabric-networking-api-v1.mixins.json into net.minecraft.server.world.ServerChunkLoadingManager$EntityTracker
[02:24:56] [Server thread/DEBUG] (FabricLoader/Mixin) fabric-networking-api-v1.mixins.json:accessor.EntityTrackerAccessor from mod fabric-networking-api-v1: Class version 65 required is higher than the class version supported by the current version of Mixin (JAVA_17 supports class version 61)
[02:24:56] [Server thread/DEBUG] (FabricLoader/Mixin) Mixing EntityTrackerEntryMixin from fabric-networking-api-v1.mixins.json into net.minecraft.server.network.EntityTrackerEntry
[02:24:56] [Server thread/DEBUG] (FabricLoader/Mixin) fabric-networking-api-v1.mixins.json:EntityTrackerEntryMixin from mod fabric-networking-api-v1: Class version 65 required is higher than the class version supported by the current version of Mixin (JAVA_17 supports class version 61)
[02:24:56] [Server thread/DEBUG] (FabricLoader/Mixin) Mixing EntityTrackerEntryMixin from fabric-data-attachment-api-v1.mixins.json into net.minecraft.server.network.EntityTrackerEntry
[02:24:56] [Server thread/DEBUG] (FabricLoader/Mixin) fabric-data-attachment-api-v1.mixins.json:EntityTrackerEntryMixin from mod fabric-data-attachment-api-v1: Class version 65 required is higher than the class version supported by the current version of Mixin (JAVA_17 supports class version 61)
[02:24:56] [Server thread/DEBUG] (FabricLoader/Mixin) fabric-networking-api-v1.mixins.json:EntityTrackerEntryMixin from mod fabric-networking-api-v1->@Inject::onStartTracking(Lnet/minecraft/server/network/ServerPlayerEntity;Lorg/spongepowered/asm/mixin/injection/callback/CallbackInfo;)V doesn't use it's CallbackInfo
[02:24:56] [Server thread/DEBUG] (FabricLoader/Mixin) fabric-networking-api-v1.mixins.json:EntityTrackerEntryMixin from mod fabric-networking-api-v1->@Inject::onStartTracking(Lnet/minecraft/server/network/ServerPlayerEntity;Lorg/spongepowered/asm/mixin/injection/callback/CallbackInfo;)V has 0 override(s) in child classes
[02:24:56] [Server thread/DEBUG] (FabricLoader/Mixin) fabric-networking-api-v1.mixins.json:EntityTrackerEntryMixin from mod fabric-networking-api-v1->@Inject::onStartTracking(Lnet/minecraft/server/network/ServerPlayerEntity;Lorg/spongepowered/asm/mixin/injection/callback/CallbackInfo;)V won't be passed a CallbackInfo as a result
[02:24:56] [Server thread/DEBUG] (FabricLoader/Mixin) fabric-networking-api-v1.mixins.json:EntityTrackerEntryMixin from mod fabric-networking-api-v1->@Inject::onStopTracking(Lnet/minecraft/server/network/ServerPlayerEntity;Lorg/spongepowered/asm/mixin/injection/callback/CallbackInfo;)V doesn't use it's CallbackInfo
[02:24:56] [Server thread/DEBUG] (FabricLoader/Mixin) fabric-networking-api-v1.mixins.json:EntityTrackerEntryMixin from mod fabric-networking-api-v1->@Inject::onStopTracking(Lnet/minecraft/server/network/ServerPlayerEntity;Lorg/spongepowered/asm/mixin/injection/callback/CallbackInfo;)V has 0 override(s) in child classes
[02:24:56] [Server thread/DEBUG] (FabricLoader/Mixin) fabric-networking-api-v1.mixins.json:EntityTrackerEntryMixin from mod fabric-networking-api-v1->@Inject::onStopTracking(Lnet/minecraft/server/network/ServerPlayerEntity;Lorg/spongepowered/asm/mixin/injection/callback/CallbackInfo;)V won't be passed a CallbackInfo as a result
[02:24:56] [Server thread/DEBUG] (FabricLoader/Mixin) fabric-data-attachment-api-v1.mixins.json:EntityTrackerEntryMixin from mod fabric-data-attachment-api-v1->@Inject::syncAttachmentsAfterSpawn(Lnet/minecraft/server/network/ServerPlayerEntity;Lorg/spongepowered/asm/mixin/injection/callback/CallbackInfo;)V doesn't use it's CallbackInfo
[02:24:56] [Server thread/DEBUG] (FabricLoader/Mixin) fabric-data-attachment-api-v1.mixins.json:EntityTrackerEntryMixin from mod fabric-data-attachment-api-v1->@Inject::syncAttachmentsAfterSpawn(Lnet/minecraft/server/network/ServerPlayerEntity;Lorg/spongepowered/asm/mixin/injection/callback/CallbackInfo;)V has 0 override(s) in child classes
[02:24:56] [Server thread/DEBUG] (FabricLoader/Mixin) fabric-data-attachment-api-v1.mixins.json:EntityTrackerEntryMixin from mod fabric-data-attachment-api-v1->@Inject::syncAttachmentsAfterSpawn(Lnet/minecraft/server/network/ServerPlayerEntity;Lorg/spongepowered/asm/mixin/injection/callback/CallbackInfo;)V won't be passed a CallbackInfo as a result
[02:24:56] [Server thread/INFO] (net.minecraft.server.WorldGenerationProgressLogger) Time elapsed: 5901 ms
[02:24:56] [Server thread/INFO] (net.minecraft.server.dedicated.MinecraftDedicatedServer) Done (13.188s)! For help, type "help"
[02:24:56] [Server thread/DEBUG] (FabricLoader/Mixin) Mixing ChunkSerializerMixin from fabric-registry-sync-v0.mixins.json into net.minecraft.world.ChunkSerializer
[02:24:56] [Server thread/DEBUG] (FabricLoader/Mixin) fabric-registry-sync-v0.mixins.json:ChunkSerializerMixin from mod fabric-registry-sync-v0: Class version 65 required is higher than the class version supported by the current version of Mixin (JAVA_17 supports class version 61)
[02:24:56] [Server thread/DEBUG] (FabricLoader/Mixin) Mixing ChunkSerializerMixin from fabric-data-attachment-api-v1.mixins.json into net.minecraft.world.ChunkSerializer
[02:24:56] [Server thread/DEBUG] (FabricLoader/Mixin) fabric-data-attachment-api-v1.mixins.json:ChunkSerializerMixin from mod fabric-data-attachment-api-v1: Class version 65 required is higher than the class version supported by the current version of Mixin (JAVA_17 supports class version 61)
[02:24:56] [Server thread/DEBUG] (FabricLoader/Mixin) fabric-data-attachment-api-v1.mixins.json:ChunkSerializerMixin from mod fabric-data-attachment-api-v1->@Inject::writeChunkAttachments(Lnet/minecraft/server/world/ServerWorld;Lnet/minecraft/world/chunk/Chunk;Lorg/spongepowered/asm/mixin/injection/callback/CallbackInfoReturnable;)V does use it's CallbackInfoReturnable
[02:25:06] [Server thread/DEBUG] (FabricLoader/Mixin) Mixing EnchantmentHelperMixin from fabric-item-api-v1.mixins.json into net.minecraft.enchantment.EnchantmentHelper
[02:25:06] [Server thread/DEBUG] (FabricLoader/Mixin) fabric-item-api-v1.mixins.json:EnchantmentHelperMixin from mod fabric-item-api-v1: Class version 65 required is higher than the class version supported by the current version of Mixin (JAVA_17 supports class version 61)
